{"type": "FeatureCollection", "features": [{"type": "Feature", "geometry": {"type": "Point", "coordinates": [121.499193, 25.080587]}, "properties": {"point_sid": 30689, "dist": "三重區", "vil": "五常里", "point_name": "仁義街101巷38號", "point_type_primary": "機動定點清運點", "point_type_summary": "機動定點清運點", "schedule_summary": "16:10~16:20", "source_type_codes": "1"}}, {"type": "Feature", "geometry": {"type": "Point", "coordinates": [121.492831, 25.065368]}, "properties": {"point_sid": 25435, "dist": "三重區", "vil": "大園里", "point_name": "大仁街33號", "point_type_primary": "機動定點清運點", "point_type_summary": "機動定點清運點", "schedule_summary": "16:15~16:20", "source_type_codes": "1"}}, {"type": "Feature", "geometry": {"type": "Point", "coordinates": [121.4870109, 25.05131745]}, "properties": {"point_sid": 30022, "dist": "三重區", "vil": "成功里", "point_name": "【定點】成功路106之4號", "point_type_primary": "機動定點清運點", "point_type_summary": "機動定點清運點", "schedule_summary": "16:20~16:23", "source_type_codes": "1"}}, {"type": "Feature", "geometry": {"type": "Point", "coordinates": [121.49646754477465, 25.0548350144958]}, "properties": {"point_sid": 26918, "dist": "三重區", "vil": "同安里", "point_name": "環河南路134號", "point_type_primary": "機動定點清運點", "point_type_summary": "機動定點清運點", "schedule_summary": "16:22~16:25", "source_type_codes": "1"}}, {"type": "Feature", "geometry": {"type": "Point", "coordinates": [121.49023495097825, 25.04969212871804]}, "properties": {"point_sid": 30023, "dist": "三重區", "vil": "成功里", "point_name": "【定點】環河南路261號", "point_type_primary": "機動定點清運點", "point_type_summary": "機動定點清運點", "schedule_summary": "16:28~16:31", "source_type_codes": "1"}}, {"type": "Feature", "geometry": {"type": "Point", "coordinates": [121.4953024, 25.06574171]}, "properties": {"point_sid": 30664, "dist": "三重區", "vil": "正義里", "point_name": "自強路1段160巷3弄12號", "point_type_primary": "機動定點清運點", "point_type_summary": "機動定點清運點", "schedule_summary": "16:33~16:36", "source_type_codes": "1"}}, {"type": "Feature", "geometry": {"type": "Point", "coordinates": [121.49331, 25.062845]}, "properties": {"point_sid": 20445, "dist": "三重區", "vil": "國隆里", "point_name": "中正北路25巷2號", "point_type_primary": "機動定點清運點", "point_type_summary": "機動定點清運點", "schedule_summary": "16:33~16:39", "source_type_codes": "1"}}, {"type": "Feature", "geometry": {"type": "Point", "coordinates": [121.491217, 25.050527]}, "properties": {"point_sid": 30024, "dist": "三重區", "vil": "成功里", "point_name": "【定點】環河南路253號", "point_type_primary": "機動定點清運點", "point_type_summary": "機動定點清運點", "schedule_summary": "16:36~16:39", "source_type_codes": "1"}}, {"type": "Feature", "geometry": {"type": "Point", "coordinates": [121.4944627, 25.0653458]}, "properties": {"point_sid": 30665, "dist": "三重區", "vil": "大園里", "point_name": "大智街62號", "point_type_primary": "機動定點清運點", "point_type_summary": "機動定點清運點", "schedule_summary": "16:37~16:41", "source_type_codes": "1"}}, {"type": "Feature", "geometry": {"type": "Point", "coordinates": [121.492305, 25.052911]}, "properties": {"point_sid": 30025, "dist": "三重區", "vil": "福民里", "point_name": "【定點】昌隆街1號", "point_type_primary": "機動定點清運點", "point_type_summary": "機動定點清運點", "schedule_summary": "16:47~16:50", "source_type_codes": "1"}}, {"type": "Feature", "geometry": {"type": "Point", "coordinates": [121.497844, 25.079729]}, "properties": {"point_sid": 30690, "dist": "三重區", "vil": "五常里", "point_name": "仁義街95號", "point_type_primary": "機動定點清運點", "point_type_summary": "機動定點清運點", "schedule_summary": "16:56~16:59", "source_type_codes": "1"}}, {"type": "Feature", "geometry": {"type": "Point", "coordinates": [121.495655419833, 25.06910696579]}, "properties": {"point_sid": 30666, "dist": "三重區", "vil": "安慶里", "point_name": "正義北路278號", "point_type_primary": "機動定點清運點", "point_type_summary": "機動定點清運點", "schedule_summary": "17:15~17:18", "source_type_codes": "1"}}, {"type": "Feature", "geometry": {"type": "Point", "coordinates": [121.494344218504, 25.0688397267489]}, "properties": {"point_sid": 30667, "dist": "三重區", "vil": "安慶里", "point_name": "安慶街151號", "point_type_primary": "機動定點清運點", "point_type_summary": "機動定點清運點", "schedule_summary": "17:19~17:22", "source_type_codes": "1"}}, {"type": "Feature", "geometry": {"type": "Point", "coordinates": [121.492698577787, 25.0682506581021]}, "properties": {"point_sid": 30668, "dist": "三重區", "vil": "安慶里", "point_name": "安慶街226號", "point_type_primary": "機動定點清運點", "point_type_summary": "機動定點清運點", "schedule_summary": "17:23~17:26", "source_type_codes": "1"}}, {"type": "Feature", "geometry": {"type": "Point", "coordinates": [121.491509, 25.053336]}, "properties": {"point_sid": 30026, "dist": "三重區", "vil": "福民里", "point_name": "【定點】成功路41巷101號", "point_type_primary": "機動定點清運點", "point_type_summary": "機動定點清運點", "schedule_summary": "19:16~19:19", "source_type_codes": "1"}}, {"type": "Feature", "geometry": {"type": "Point", "coordinates": [121.49543044907387, 25.074179000000004]}, "properties": {"point_sid": 29678, "dist": "三重區", "vil": "崇德里", "point_name": "【定點】(土崙公)仁愛街119-125號", "point_type_primary": "機動定點清運點", "point_type_summary": "機動定點清運點", "schedule_summary": "19:20~19:30", "source_type_codes": "1"}}, {"type": "Feature", "geometry": {"type": "Point", "coordinates": [121.496083843598, 25.0683229091988]}, "properties": {"point_sid": 30645, "dist": "三重區", "vil": "自強里", "point_name": "正義北路252號", "point_type_primary": "機動定點清運點", "point_type_summary": "機動定點清運點", "schedule_summary": "19:39~19:42", "source_type_codes": "1"}}, {"type": "Feature", "geometry": {"type": "Point", "coordinates": [121.496130518076, 25.0681050753581]}, "properties": {"point_sid": 30646, "dist": "三重區", "vil": "自強里", "point_name": "正義北路240號", "point_type_primary": "機動定點清運點", "point_type_summary": "機動定點清運點", "schedule_summary": "19:43~19:46", "source_type_codes": "1"}}, {"type": "Feature", "geometry": {"type": "Point", "coordinates": [121.49336303205, 25.0819950309991]}, "properties": {"point_sid": 25616, "dist": "三重區", "vil": "五福里", "point_name": "【定點】五華街57號", "point_type_primary": "機動定點清運點", "point_type_summary": "機動定點清運點", "schedule_summary": "19:47~19:57", "source_type_codes": "1"}}, {"type": "Feature", "geometry": {"type": "Point", "coordinates": [121.493113134377, 25.0672770573107]}, "properties": {"point_sid": 30647, "dist": "三重區", "vil": "自強里", "point_name": "自強路1段165號", "point_type_primary": "機動定點清運點", "point_type_summary": "機動定點清運點", "schedule_summary": "19:50~19:53", "source_type_codes": "1"}}, {"type": "Feature", "geometry": {"type": "Point", "coordinates": [121.492759268051, 25.0676250833204]}, "properties": {"point_sid": 30648, "dist": "三重區", "vil": "自強里", "point_name": "大智街49號", "point_type_primary": "機動定點清運點", "point_type_summary": "機動定點清運點", "schedule_summary": "19:54~19:58", "source_type_codes": "1"}}, {"type": "Feature", "geometry": {"type": "Point", "coordinates": [121.492581276196, 25.0679391084693]}, "properties": {"point_sid": 30649, "dist": "三重區", "vil": "安慶里", "point_name": "大智街61號", "point_type_primary": "機動定點清運點", "point_type_summary": "機動定點清運點", "schedule_summary": "19:59~20:02", "source_type_codes": "1"}}, {"type": "Feature", "geometry": {"type": "Point", "coordinates": [121.489515, 25.069488]}, "properties": {"point_sid": 24472, "dist": "三重區", "vil": "六合里", "point_name": "自強路2段33巷1號", "point_type_primary": "機動定點清運點", "point_type_summary": "機動定點清運點", "schedule_summary": "20:02~20:05", "source_type_codes": "1"}}, {"type": "Feature", "geometry": {"type": "Point", "coordinates": [121.494593170026, 25.0684123539831]}, "properties": {"point_sid": 30650, "dist": "三重區", "vil": "安慶里", "point_name": "雙園街57巷30號", "point_type_primary": "機動定點清運點", "point_type_summary": "機動定點清運點", "schedule_summary": "20:03~20:06", "source_type_codes": "1"}}, {"type": "Feature", "geometry": {"type": "Point", "coordinates": [121.487238, 25.052655]}, "properties": {"point_sid": 30027, "dist": "三重區", "vil": "福德里", "point_name": "【定點】成功路145巷11號", "point_type_primary": "機動定點清運點", "point_type_summary": "機動定點清運點", "schedule_summary": "20:06~20:09", "source_type_codes": "1"}}, {"type": "Feature", "geometry": {"type": "Point", "coordinates": [121.494712181132, 25.068000993455]}, "properties": {"point_sid": 30651, "dist": "三重區", "vil": "自強里", "point_name": "雙園街57巷22號", "point_type_primary": "機動定點清運點", "point_type_summary": "機動定點清運點", "schedule_summary": "20:07~20:11", "source_type_codes": "1"}}, {"type": "Feature", "geometry": {"type": "Point", "coordinates": [121.49475806242, 25.0678581691002]}, "properties": {"point_sid": 30652, "dist": "三重區", "vil": "自強里", "point_name": "雙園街57巷14號", "point_type_primary": "機動定點清運點", "point_type_summary": "機動定點清運點", "schedule_summary": "20:12~20:15", "source_type_codes": "1"}}, {"type": "Feature", "geometry": {"type": "Point", "coordinates": [121.489580191962, 25.059986377843]}, "properties": {"point_sid": 7832, "dist": "三重區", "vil": "過田里", "point_name": "【定點】三寧街20號", "point_type_primary": "機動定點清運點", "point_type_summary": "機動定點清運點", "schedule_summary": "20:20~20:30", "source_type_codes": "1"}}, {"type": "Feature", "geometry": {"type": "Point", "coordinates": [121.4974573, 25.05998366]}, "properties": {"point_sid": 3088, "dist": "三重區", "vil": "中民里", "point_name": "【定點】光興街89號", "point_type_primary": "機動定點清運點", "point_type_summary": "機動定點清運點", "schedule_summary": "20:22~20:32", "source_type_codes": "1"}}, {"type": "Feature", "geometry": {"type": "Point", "coordinates": [121.49204603, 25.055181614]}, "properties": {"point_sid": 3680, "dist": "三重區", "vil": "光明里", "point_name": "【定點】集美街212號", "point_type_primary": "機動定點清運點", "point_type_summary": "機動定點清運點", "schedule_summary": "20:22~20:32", "source_type_codes": "1"}}, {"type": "Feature", "geometry": {"type": "Point", "coordinates": [121.49941963517, 25.0694415690758]}, "properties": {"point_sid": 30687, "dist": "三重區", "vil": "介壽里", "point_name": "萬壽街14號", "point_type_primary": "機動定點清運點", "point_type_summary": "機動定點清運點", "schedule_summary": "20:22~20:25", "source_type_codes": "1"}}, {"type": "Feature", "geometry": {"type": "Point", "coordinates": [121.496323846891, 25.0675407144873]}, "properties": {"point_sid": 30653, "dist": "三重區", "vil": "正安里", "point_name": "正義北路208號", "point_type_primary": "機動定點清運點", "point_type_summary": "機動定點清運點", "schedule_summary": "20:25~20:30", "source_type_codes": "1"}}, {"type": "Feature", "geometry": {"type": "Point", "coordinates": [121.488572, 25.050968]}, "properties": {"point_sid": 8411, "dist": "三重區", "vil": "成功里", "point_name": "【定點】成功路72號", "point_type_primary": "機動定點清運點", "point_type_summary": "機動定點清運點", "schedule_summary": "20:26~20:34", "source_type_codes": "1"}}, {"type": "Feature", "geometry": {"type": "Point", "coordinates": [121.500822492249, 25.0697596773589]}, "properties": {"point_sid": 30688, "dist": "三重區", "vil": "萬壽里", "point_name": "安和路49號", "point_type_primary": "機動定點清運點", "point_type_summary": "機動定點清運點", "schedule_summary": "20:27~20:30", "source_type_codes": "1"}}, {"type": "Feature", "geometry": {"type": "Point", "coordinates": [121.47585072604373, 25.068186539998106]}, "properties": {"point_sid": 25357, "dist": "三重區", "vil": "博愛里", "point_name": "【定點】頂崁街210巷23號", "point_type_primary": "機動定點清運點", "point_type_summary": "機動定點清運點", "schedule_summary": "20:30~20:40", "source_type_codes": "1"}}, {"type": "Feature", "geometry": {"type": "Point", "coordinates": [121.484859, 25.081311]}, "properties": {"point_sid": 437, "dist": "三重區", "vil": "慈愛里", "point_name": "【定點】仁愛街580巷口", "point_type_primary": "機動定點清運點", "point_type_summary": "機動定點清運點", "schedule_summary": "20:30~20:40", "source_type_codes": "1"}}, {"type": "Feature", "geometry": {"type": "Point", "coordinates": [121.5000643245196, 25.06231965]}, "properties": {"point_sid": 26917, "dist": "三重區", "vil": "福星里", "point_name": "【定點】文化南路7號", "point_type_primary": "機動定點清運點", "point_type_summary": "機動定點清運點", "schedule_summary": "20:31~20:41", "source_type_codes": "1"}}, {"type": "Feature", "geometry": {"type": "Point", "coordinates": [121.488198736142, 25.058489446159]}, "properties": {"point_sid": 20877, "dist": "三重區", "vil": "過田里", "point_name": "【定點】重陽路1段113巷1弄48號", "point_type_primary": "機動定點清運點", "point_type_summary": "機動定點清運點", "schedule_summary": "20:31~20:41", "source_type_codes": "1"}}, {"type": "Feature", "geometry": {"type": "Point", "coordinates": [121.490151, 25.053823]}, "properties": {"point_sid": 13820, "dist": "三重區", "vil": "光明里", "point_name": "【定點】集美街126巷27號", "point_type_primary": "機動定點清運點", "point_type_summary": "機動定點清運點", "schedule_summary": "20:32~20:42", "source_type_codes": "1"}}, {"type": "Feature", "geometry": {"type": "Point", "coordinates": [121.4896572, 25.07213862]}, "properties": {"point_sid": 29653, "dist": "三重區", "vil": "尚德里", "point_name": "【定點】永德公園", "point_type_primary": "機動定點清運點", "point_type_summary": "機動定點清運點", "schedule_summary": "20:33~20:43", "source_type_codes": "1"}}, {"type": "Feature", "geometry": {"type": "Point", "coordinates": [121.4811513178, 25.0720173037]}, "properties": {"point_sid": 25372, "dist": "三重區", "vil": "永發里", "point_name": "【定點】大勇街82巷15弄30號前", "point_type_primary": "機動定點清運點", "point_type_summary": "機動定點清運點", "schedule_summary": "20:35~20:45", "source_type_codes": "1"}}, {"type": "Feature", "geometry": {"type": "Point", "coordinates": [121.4810606, 25.07496221]}, "properties": {"point_sid": 26910, "dist": "三重區", "vil": "永豐里", "point_name": "【【定點】下竹圍街91號前", "point_type_primary": "機動定點清運點", "point_type_summary": "機動定點清運點", "schedule_summary": "20:35~20:45", "source_type_codes": "1"}}, {"type": "Feature", "geometry": {"type": "Point", "coordinates": [121.49386372, 25.060077809]}, "properties": {"point_sid": 13916, "dist": "三重區", "vil": "大同里", "point_name": "【定點】中正南路50號", "point_type_primary": "機動定點清運點", "point_type_summary": "機動定點清運點", "schedule_summary": "20:36~20:46", "source_type_codes": "1"}}, {"type": "Feature", "geometry": {"type": "Point", "coordinates": [121.5025001, 25.06917893]}, "properties": {"point_sid": 29673, "dist": "三重區", "vil": "長福里", "point_name": "【定點】 龍濱路長榮路交叉口", "point_type_primary": "機動定點清運點", "point_type_summary": "機動定點清運點", "schedule_summary": "20:36~20:46", "source_type_codes": "1"}}, {"type": "Feature", "geometry": {"type": "Point", "coordinates": [121.489419, 25.051883]}, "properties": {"point_sid": 24387, "dist": "三重區", "vil": "成功里", "point_name": "【定點】成功路73巷14弄口", "point_type_primary": "機動定點清運點", "point_type_summary": "機動定點清運點", "schedule_summary": "20:37~20:45", "source_type_codes": "1"}}, {"type": "Feature", "geometry": {"type": "Point", "coordinates": [121.485167991401, 25.06021291]}, "properties": {"point_sid": 10380, "dist": "三重區", "vil": "光田里", "point_name": "【定點】重陽路1段120巷40號", "point_type_primary": "機動定點清運點", "point_type_summary": "機動定點清運點", "schedule_summary": "20:40~20:50", "source_type_codes": "1"}}, {"type": "Feature", "geometry": {"type": "Point", "coordinates": [121.484223, 25.07619428]}, "properties": {"point_sid": 26869, "dist": "三重區", "vil": "永盛里", "point_name": "【定點】車路頭街139巷14號(永盛公園)", "point_type_primary": "機動定點清運點", "point_type_summary": "機動定點清運點", "schedule_summary": "20:40~20:50", "source_type_codes": "1"}}, {"type": "Feature", "geometry": {"type": "Point", "coordinates": [121.5002370583, 25.0614508672]}, "properties": {"point_sid": 9659, "dist": "三重區", "vil": "光榮里", "point_name": "【定點】文化南路43號", "point_type_primary": "機動定點清運點", "point_type_summary": "機動定點清運點", "schedule_summary": "20:42~20:52", "source_type_codes": "1"}}, {"type": "Feature", "geometry": {"type": "Point", "coordinates": [121.487495402209, 25.0598611165142]}, "properties": {"point_sid": 25285, "dist": "三重區", "vil": "過田里", "point_name": "【定點】重陽路1段113巷1弄3號", "point_type_primary": "機動定點清運點", "point_type_summary": "機動定點清運點", "schedule_summary": "20:42~20:52", "source_type_codes": "1"}}, {"type": "Feature", "geometry": {"type": "Point", "coordinates": [121.49233, 25.064427]}, "properties": {"point_sid": 25433, "dist": "三重區", "vil": "國隆里", "point_name": "【定點】國隆路30號", "point_type_primary": "機動定點清運點", "point_type_summary": "機動定點清運點", "schedule_summary": "20:42~21:00", "source_type_codes": "1"}}, {"type": "Feature", "geometry": {"type": "Point", "coordinates": [121.48207973189449, 25.079100439613185]}, "properties": {"point_sid": 7511, "dist": "三重區", "vil": "永清里", "point_name": "【定點】三和路4段390巷口", "point_type_primary": "機動定點清運點", "point_type_summary": "機動定點清運點", "schedule_summary": "20:43~20:53", "source_type_codes": "1"}}, {"type": "Feature", "geometry": {"type": "Point", "coordinates": [121.48449391170882, 25.078441844014748]}, "properties": {"point_sid": 15073, "dist": "三重區", "vil": "福樂里", "point_name": "【定點】三和路4段145巷口(全國電子)", "point_type_primary": "機動定點清運點", "point_type_summary": "機動定點清運點", "schedule_summary": "20:45~20:55", "source_type_codes": "1"}}, {"type": "Feature", "geometry": {"type": "Point", "coordinates": [121.49039506, 25.057932247]}, "properties": {"point_sid": 15148, "dist": "三重區", "vil": "光明里", "point_name": "【定點】重安街1號", "point_type_primary": "機動定點清運點", "point_type_summary": "機動定點清運點", "schedule_summary": "20:45~20:55", "source_type_codes": "1"}}, {"type": "Feature", "geometry": {"type": "Point", "coordinates": [121.5012227, 25.07555779]}, "properties": {"point_sid": 25490, "dist": "三重區", "vil": "承德里", "point_name": "【定點】仁信街45號", "point_type_primary": "機動定點清運點", "point_type_summary": "機動定點清運點", "schedule_summary": "20:45~20:55", "source_type_codes": "1"}}, {"type": "Feature", "geometry": {"type": "Point", "coordinates": [121.491923, 25.05232]}, "properties": {"point_sid": 7488, "dist": "三重區", "vil": "成功里", "point_name": "【定點】環河南路221巷昌隆街口", "point_type_primary": "機動定點清運點", "point_type_summary": "機動定點清運點", "schedule_summary": "20:47~20:55", "source_type_codes": "1"}}, {"type": "Feature", "geometry": {"type": "Point", "coordinates": [121.47943528472524, 25.0767362848151]}, "properties": {"point_sid": 25512, "dist": "三重區", "vil": "永福里", "point_name": "【定點】永福街72巷11號對面", "point_type_primary": "機動定點清運點", "point_type_summary": "機動定點清運點", "schedule_summary": "20:48~20:58", "source_type_codes": "1"}}, {"type": "Feature", "geometry": {"type": "Point", "coordinates": [121.48784248433253, 25.086206868738845]}, "properties": {"point_sid": 29695, "dist": "三重區", "vil": "碧華里", "point_name": "【定點1】三信路180號", "point_type_primary": "機動定點清運點", "point_type_summary": "機動定點清運點", "schedule_summary": "20:48~20:58", "source_type_codes": "1"}}, {"type": "Feature", "geometry": {"type": "Point", "coordinates": [121.48422391262119, 25.06193339911275]}, "properties": {"point_sid": 25358, "dist": "三重區", "vil": "田安里", "point_name": "【定點】貴陽街16號", "point_type_primary": "機動定點清運點", "point_type_summary": "機動定點清運點", "schedule_summary": "20:50~21:00", "source_type_codes": "1"}}, {"type": "Feature", "geometry": {"type": "Point", "coordinates": [121.4849119, 25.07052298]}, "properties": {"point_sid": 30083, "dist": "三重區", "vil": "培德里", "point_name": "【定點】培德活動徳中心", "point_type_primary": "機動定點清運點", "point_type_summary": "機動定點清運點", "schedule_summary": "20:50~21:00", "source_type_codes": "1"}}, {"type": "Feature", "geometry": {"type": "Point", "coordinates": [121.4828778951, 25.0588109357]}, "properties": {"point_sid": 14162, "dist": "三重區", "vil": "光陽里", "point_name": "【定點】三陽路120號", "point_type_primary": "機動定點清運點", "point_type_summary": "機動定點清運點", "schedule_summary": "20:50~21:00", "source_type_codes": "1"}}, {"type": "Feature", "geometry": {"type": "Point", "coordinates": [121.48409063464709, 25.06781695195936]}, "properties": {"point_sid": 29645, "dist": "三重區", "vil": "六福里", "point_name": "【定點】中正北路145巷5弄口(巡守亭)", "point_type_primary": "機動定點清運點", "point_type_summary": "機動定點清運點", "schedule_summary": "20:50~21:00", "source_type_codes": "1"}}, {"type": "Feature", "geometry": {"type": "Point", "coordinates": [121.48792545, 25.062421217]}, "properties": {"point_sid": 26915, "dist": "三重區", "vil": "錦田里", "point_name": "【定點】新北大道一段46巷27號", "point_type_primary": "機動定點清運點", "point_type_summary": "機動定點清運點", "schedule_summary": "20:50~21:00", "source_type_codes": "1"}}, {"type": "Feature", "geometry": {"type": "Point", "coordinates": [121.488115, 25.070067]}, "properties": {"point_sid": 24475, "dist": "三重區", "vil": "立德里", "point_name": "【定點】三張街自強路口", "point_type_primary": "機動定點清運點", "point_type_summary": "機動定點清運點", "schedule_summary": "20:50~21:00", "source_type_codes": "1"}}, {"type": "Feature", "geometry": {"type": "Point", "coordinates": [121.493325457481, 25.067148063109]}, "properties": {"point_sid": 30660, "dist": "三重區", "vil": "安慶里", "point_name": "【定點】雙園街自強路口(魚多多)", "point_type_primary": "機動定點清運點", "point_type_summary": "機動定點清運點", "schedule_summary": "20:50~20:56", "source_type_codes": "1"}}, {"type": "Feature", "geometry": {"type": "Point", "coordinates": [121.5013343, 25.0677747]}, "properties": {"point_sid": 3948, "dist": "三重區", "vil": "長元里", "point_name": "【定點】長安街82號安和路口", "point_type_primary": "機動定點清運點", "point_type_summary": "機動定點清運點", "schedule_summary": "20:50~21:00", "source_type_codes": "1"}}, {"type": "Feature", "geometry": {"type": "Point", "coordinates": [121.49820036, 25.060801896]}, "properties": {"point_sid": 26945, "dist": "三重區", "vil": "仁德里", "point_name": "【定點】正義南路45巷口", "point_type_primary": "機動定點清運點", "point_type_summary": "機動定點清運點", "schedule_summary": "20:54~21:04", "source_type_codes": "1"}}, {"type": "Feature", "geometry": {"type": "Point", "coordinates": [121.482368, 25.063715]}, "properties": {"point_sid": 25386, "dist": "三重區", "vil": "田心里", "point_name": "【定點】洛陽街45巷13號", "point_type_primary": "機動定點清運點", "point_type_summary": "機動定點清運點", "schedule_summary": "20:55~21:05", "source_type_codes": "1"}}, {"type": "Feature", "geometry": {"type": "Point", "coordinates": [121.482013, 25.07826]}, "properties": {"point_sid": 25522, "dist": "三重區", "vil": "永福里", "point_name": "【定點】永福街25號(普濟精舍)", "point_type_primary": "機動定點清運點", "point_type_summary": "機動定點清運點", "schedule_summary": "20:55~21:05", "source_type_codes": "1"}}, {"type": "Feature", "geometry": {"type": "Point", "coordinates": [121.49973194142774, 25.072185705233885]}, "properties": {"point_sid": 29623, "dist": "三重區", "vil": "奕壽里", "point_name": "【定點】秀江街119號對面", "point_type_primary": "機動定點清運點", "point_type_summary": "機動定點清運點", "schedule_summary": "20:55~21:05", "source_type_codes": "1"}}, {"type": "Feature", "geometry": {"type": "Point", "coordinates": [121.4903428, 25.081502858]}, "properties": {"point_sid": 26861, "dist": "三重區", "vil": "慈祐里", "point_name": "【定點】仁愛街422巷", "point_type_primary": "機動定點清運點", "point_type_summary": "機動定點清運點", "schedule_summary": "20:55~21:05", "source_type_codes": "1"}}, {"type": "Feature", "geometry": {"type": "Point", "coordinates": [121.492488672456, 25.0784354107575]}, "properties": {"point_sid": 30633, "dist": "三重區", "vil": "溪美里", "point_name": "(定)福隆路99號", "point_type_primary": "機動定點清運點", "point_type_summary": "機動定點清運點", "schedule_summary": "20:55~21:05", "source_type_codes": "1"}}, {"type": "Feature", "geometry": {"type": "Point", "coordinates": [121.5019918, 25.06563539]}, "properties": {"point_sid": 12487, "dist": "三重區", "vil": "光華里", "point_name": "【定點】福德北路46號前", "point_type_primary": "機動定點清運點", "point_type_summary": "機動定點清運點", "schedule_summary": "20:56~21:06", "source_type_codes": "1"}}, {"type": "Feature", "geometry": {"type": "Point", "coordinates": [121.48633203220032, 25.078839266987067]}, "properties": {"point_sid": 25515, "dist": "三重區", "vil": "福樂里", "point_name": "【定點】三和路4段145巷85號仁美街口", "point_type_primary": "機動定點清運點", "point_type_summary": "機動定點清運點", "schedule_summary": "20:56~21:06", "source_type_codes": "1"}}, {"type": "Feature", "geometry": {"type": "Point", "coordinates": [121.482898, 25.06875]}, "properties": {"point_sid": 24483, "dist": "三重區", "vil": "六福里", "point_name": "【定點】忠孝路2段124巷口(公車站)", "point_type_primary": "機動定點清運點", "point_type_summary": "機動定點清運點", "schedule_summary": "20:57~21:07", "source_type_codes": "1"}}, {"type": "Feature", "geometry": {"type": "Point", "coordinates": [121.4982037233, 25.0585776446]}, "properties": {"point_sid": 26011, "dist": "三重區", "vil": "仁義里", "point_name": "【定點】電信街15號", "point_type_primary": "機動定點清運點", "point_type_summary": "機動定點清運點", "schedule_summary": "20:57~21:07", "source_type_codes": "1"}}, {"type": "Feature", "geometry": {"type": "Point", "coordinates": [121.4968407028, 25.0562018908]}, "properties": {"point_sid": 25611, "dist": "三重區", "vil": "同安里", "point_name": "【定點】大同南路157號", "point_type_primary": "機動定點清運點", "point_type_summary": "機動定點清運點", "schedule_summary": "20:57~21:07", "source_type_codes": "1"}}, {"type": "Feature", "geometry": {"type": "Point", "coordinates": [121.494299099353, 25.0705169213104]}, "properties": {"point_sid": 30661, "dist": "三重區", "vil": "安慶里", "point_name": "【定點】正義北路338巷2號", "point_type_primary": "機動定點清運點", "point_type_summary": "機動定點清運點", "schedule_summary": "20:58~21:08", "source_type_codes": "1"}}, {"type": "Feature", "geometry": {"type": "Point", "coordinates": [121.49385033158866, 25.086048055150222]}, "properties": {"point_sid": 26863, "dist": "三重區", "vil": "富華里", "point_name": "【定點】仁義街248號", "point_type_primary": "機動定點清運點", "point_type_summary": "機動定點清運點", "schedule_summary": "21:00~21:10", "source_type_codes": "1"}}, {"type": "Feature", "geometry": {"type": "Point", "coordinates": [121.495663, 25.07489825]}, "properties": {"point_sid": 8342, "dist": "三重區", "vil": "崇德里", "point_name": "【定點】仁愛街119號", "point_type_primary": "機動定點清運點", "point_type_summary": "機動定點清運點", "schedule_summary": "21:00~21:10", "source_type_codes": "1"}}, {"type": "Feature", "geometry": {"type": "Point", "coordinates": [121.482689, 25.06101256]}, "properties": {"point_sid": 25276, "dist": "三重區", "vil": "光陽里", "point_name": "【定點】新北大道1段133巷3號", "point_type_primary": "機動定點清運點", "point_type_summary": "機動定點清運點", "schedule_summary": "21:01~21:11", "source_type_codes": "1"}}, {"type": "Feature", "geometry": {"type": "Point", "coordinates": [121.4857064968548, 25.082983985496092]}, "properties": {"point_sid": 25527, "dist": "三重區", "vil": "碧華里", "point_name": "【定點2】仁華街116之1", "point_type_primary": "機動定點清運點", "point_type_summary": "機動定點清運點", "schedule_summary": "21:01~21:11", "source_type_codes": "1"}}, {"type": "Feature", "geometry": {"type": "Point", "coordinates": [121.4931235, 25.06262738]}, "properties": {"point_sid": 25434, "dist": "三重區", "vil": "中山里", "point_name": "【定點】中正北路25巷25弄1號", "point_type_primary": "機動定點清運點", "point_type_summary": "機動定點清運點", "schedule_summary": "21:01~21:10", "source_type_codes": "1"}}, {"type": "Feature", "geometry": {"type": "Point", "coordinates": [121.475749026754, 25.0455704820115]}, "properties": {"point_sid": 25286, "dist": "三重區", "vil": "五谷里", "point_name": "【定點】五谷王南街46巷", "point_type_primary": "機動定點清運點", "point_type_summary": "機動定點清運點", "schedule_summary": "21:02~21:12", "source_type_codes": "1"}}, {"type": "Feature", "geometry": {"type": "Point", "coordinates": [121.4993187, 25.06977646]}, "properties": {"point_sid": 10029, "dist": "三重區", "vil": "介壽里", "point_name": "【定點】萬全街18號", "point_type_primary": "機動定點清運點", "point_type_summary": "機動定點清運點", "schedule_summary": "21:02~21:12", "source_type_codes": "1"}}, {"type": "Feature", "geometry": {"type": "Point", "coordinates": [121.4860653, 25.06380925]}, "properties": {"point_sid": 25395, "dist": "三重區", "vil": "三民里", "point_name": "【定點】中正北路64巷23號", "point_type_primary": "機動定點清運點", "point_type_summary": "機動定點清運點", "schedule_summary": "21:03~21:13", "source_type_codes": "1"}}, {"type": "Feature", "geometry": {"type": "Point", "coordinates": [121.4749750583, 25.0484996086]}, "properties": {"point_sid": 26015, "dist": "三重區", "vil": "五谷里", "point_name": "【定點】五谷王北街20巷48號", "point_type_primary": "機動定點清運點", "point_type_summary": "機動定點清運點", "schedule_summary": "21:04~21:12", "source_type_codes": "1"}}, {"type": "Feature", "geometry": {"type": "Point", "coordinates": [121.49496545490217, 25.0803135]}, "properties": {"point_sid": 25554, "dist": "三重區", "vil": "五常里", "point_name": "【定點】五華街13巷口", "point_type_primary": "機動定點清運點", "point_type_summary": "機動定點清運點", "schedule_summary": "21:04~21:14", "source_type_codes": "1"}}, {"type": "Feature", "geometry": {"type": "Point", "coordinates": [121.48231040951586, 25.06689899517321]}, "properties": {"point_sid": 26843, "dist": "三重區", "vil": "田中里", "point_name": "【定點】中正北路208巷10弄", "point_type_primary": "機動定點清運點", "point_type_summary": "機動定點清運點", "schedule_summary": "21:05~21:15", "source_type_codes": "1"}}, {"type": "Feature", "geometry": {"type": "Point", "coordinates": [121.49892886, 25.057616694]}, "properties": {"point_sid": 26010, "dist": "三重區", "vil": "仁義里", "point_name": "【定點】正義南路163號", "point_type_primary": "機動定點清運點", "point_type_summary": "機動定點清運點", "schedule_summary": "21:05~21:15", "source_type_codes": "1"}}, {"type": "Feature", "geometry": {"type": "Point", "coordinates": [121.489188, 25.06660727]}, "properties": {"point_sid": 25415, "dist": "三重區", "vil": "幸福里", "point_name": "重陽路3段130號", "point_type_primary": "機動定點清運點", "point_type_summary": "機動定點清運點", "schedule_summary": "21:05~21:10", "source_type_codes": "1"}}, {"type": "Feature", "geometry": {"type": "Point", "coordinates": [121.496004, 25.064499]}, "properties": {"point_sid": 29671, "dist": "三重區", "vil": "正義里", "point_name": "【定點】信義西街35號對面（正義國小）", "point_type_primary": "機動定點清運點", "point_type_summary": "機動定點清運點", "schedule_summary": "21:05~21:15", "source_type_codes": "1"}}, {"type": "Feature", "geometry": {"type": "Point", "coordinates": [121.4826661, 25.06592071]}, "properties": {"point_sid": 25387, "dist": "三重區", "vil": "田中里", "point_name": "【定點】忠孝路3段40巷21號", "point_type_primary": "機動定點清運點", "point_type_summary": "機動定點清運點", "schedule_summary": "21:07~21:15", "source_type_codes": "1"}}, {"type": "Feature", "geometry": {"type": "Point", "coordinates": [121.4973337, 25.06676097]}, "properties": {"point_sid": 18466, "dist": "三重區", "vil": "中央里", "point_name": "【定點】自強路1段73號", "point_type_primary": "機動定點清運點", "point_type_summary": "機動定點清運點", "schedule_summary": "21:07~21:17", "source_type_codes": "1"}}, {"type": "Feature", "geometry": {"type": "Point", "coordinates": [121.502388, 25.069929]}, "properties": {"point_sid": 29624, "dist": "三重區", "vil": "錦江里", "point_name": "【定點】龍濱路171號", "point_type_primary": "機動定點清運點", "point_type_summary": "機動定點清運點", "schedule_summary": "21:07~21:17", "source_type_codes": "1"}}, {"type": "Feature", "geometry": {"type": "Point", "coordinates": [121.5041494, 25.06528595]}, "properties": {"point_sid": 7794, "dist": "三重區", "vil": "開元里", "point_name": "【定點】開元公園(開元街前)", "point_type_primary": "機動定點清運點", "point_type_summary": "機動定點清運點", "schedule_summary": "21:08~21:18", "source_type_codes": "1"}}, {"type": "Feature", "geometry": {"type": "Point", "coordinates": [121.4948912, 25.08477976]}, "properties": {"point_sid": 25540, "dist": "三重區", "vil": "五華里", "point_name": "【定點】仁義街228巷1號", "point_type_primary": "機動定點清運點", "point_type_summary": "機動定點清運點", "schedule_summary": "21:10~21:20", "source_type_codes": "1"}}, {"type": "Feature", "geometry": {"type": "Point", "coordinates": [121.48902218373837, 25.063330561435485]}, "properties": {"point_sid": 18446, "dist": "三重區", "vil": "重陽里", "point_name": "【定點】中正北路107號(明志國中)", "point_type_primary": "機動定點清運點", "point_type_summary": "機動定點清運點", "schedule_summary": "21:10~21:20", "source_type_codes": "1"}}, {"type": "Feature", "geometry": {"type": "Point", "coordinates": [121.4689739184, 25.0559694613]}, "properties": {"point_sid": 25277, "dist": "三重區", "vil": "中興里", "point_name": "【定點】中興北街136巷2號（萊爾富邊）", "point_type_primary": "機動定點清運點", "point_type_summary": "機動定點清運點", "schedule_summary": "21:12~21:22", "source_type_codes": "1"}}, {"type": "Feature", "geometry": {"type": "Point", "coordinates": [121.5019738, 25.07408501]}, "properties": {"point_sid": 25491, "dist": "三重區", "vil": "龍濱里", "point_name": "【定點】龍門路237號", "point_type_primary": "機動定點清運點", "point_type_summary": "機動定點清運點", "schedule_summary": "21:12~21:22", "source_type_codes": "1"}}, {"type": "Feature", "geometry": {"type": "Point", "coordinates": [121.48348147544577, 25.081230309275327]}, "properties": {"point_sid": 20101, "dist": "三重區", "vil": "仁華里", "point_name": "【定點3】碧華街50號前", "point_type_primary": "機動定點清運點", "point_type_summary": "機動定點清運點", "schedule_summary": "21:13~21:23", "source_type_codes": "1"}}, {"type": "Feature", "geometry": {"type": "Point", "coordinates": [121.4958036, 25.07328942]}, "properties": {"point_sid": 770, "dist": "三重區", "vil": "崇德里", "point_name": "【定點】仁愛街68號", "point_type_primary": "機動定點清運點", "point_type_summary": "機動定點清運點", "schedule_summary": "21:15~21:25", "source_type_codes": "1"}}, {"type": "Feature", "geometry": {"type": "Point", "coordinates": [121.495984, 25.066108]}, "properties": {"point_sid": 20434, "dist": "三重區", "vil": "正義里", "point_name": "【定點】自強路1段158號(中正堂前)", "point_type_primary": "機動定點清運點", "point_type_summary": "機動定點清運點", "schedule_summary": "21:18~21:28", "source_type_codes": "1"}}, {"type": "Feature", "geometry": {"type": "Point", "coordinates": [121.501955, 25.071388]}, "properties": {"point_sid": 29625, "dist": "三重區", "vil": "龍濱里", "point_name": "【定點】龍濱路195號", "point_type_primary": "機動定點清運點", "point_type_summary": "機動定點清運點", "schedule_summary": "21:18~21:21", "source_type_codes": "1"}}, {"type": "Feature", "geometry": {"type": "Point", "coordinates": [121.49523737544575, 25.08427793555961]}, "properties": {"point_sid": 29699, "dist": "三重區", "vil": "五華里", "point_name": "【定點】仁義街317號", "point_type_primary": "機動定點清運點", "point_type_summary": "機動定點清運點", "schedule_summary": "21:20~21:30", "source_type_codes": "1"}}, {"type": "Feature", "geometry": {"type": "Point", "coordinates": [121.49684691840267, 25.065680481496322]}, "properties": {"point_sid": 18447, "dist": "三重區", "vil": "中央里", "point_name": "【定點】正義北路111號", "point_type_primary": "機動定點清運點", "point_type_summary": "機動定點清運點", "schedule_summary": "21:20~21:25", "source_type_codes": "1"}}, {"type": "Feature", "geometry": {"type": "Point", "coordinates": [121.498845, 25.073142]}, "properties": {"point_sid": 24924, "dist": "三重區", "vil": "龍門里", "point_name": "【定點】龍門路165號", "point_type_primary": "機動定點清運點", "point_type_summary": "機動定點清運點", "schedule_summary": "21:23~21:33", "source_type_codes": "1"}}, {"type": "Feature", "geometry": {"type": "Point", "coordinates": [121.513891, 24.992227]}, "properties": {"point_sid": 18077, "dist": "中和區", "vil": "景平里", "point_name": "景平路151巷1-23號", "point_type_primary": "機動定點清運點", "point_type_summary": "機動定點清運點、機動定點清運點", "schedule_summary": "12:59~13:02；17:59~18:02", "source_type_codes": "1,1"}}, {"type": "Feature", "geometry": {"type": "Point", "coordinates": [121.507096, 24.986303]}, "properties": {"point_sid": 24188, "dist": "中和區", "vil": "壽南里", "point_name": "南山路320巷10弄", "point_type_primary": "機動定點清運點", "point_type_summary": "機動定點清運點、機動定點清運點", "schedule_summary": "13:29~13:32；18:29~18:32", "source_type_codes": "1,1"}}, {"type": "Feature", "geometry": {"type": "Point", "coordinates": [121.482934, 24.998465]}, "properties": {"point_sid": 24310, "dist": "中和區", "vil": "平河里", "point_name": "新生街220巷市場", "point_type_primary": "機動定點清運點", "point_type_summary": "機動定點清運點", "schedule_summary": "13:29~13:29", "source_type_codes": "1"}}, {"type": "Feature", "geometry": {"type": "Point", "coordinates": [121.473787, 25.003519]}, "properties": {"point_sid": 29492, "dist": "中和區", "vil": "冠穗里", "point_name": "民享街30巷8弄口", "point_type_primary": "機動定點清運點", "point_type_summary": "機動定點清運點、機動定點清運點", "schedule_summary": "13:35~13:38；18:36~18:39", "source_type_codes": "1,1"}}, {"type": "Feature", "geometry": {"type": "Point", "coordinates": [121.473948, 25.00272]}, "properties": {"point_sid": 29493, "dist": "中和區", "vil": "冠穗里", "point_name": "民享街44巷5號", "point_type_primary": "機動定點清運點", "point_type_summary": "機動定點清運點、機動定點清運點", "schedule_summary": "13:39~13:42；18:39~18:42", "source_type_codes": "1,1"}}, {"type": "Feature", "geometry": {"type": "Point", "coordinates": [121.503334, 24.990917]}, "properties": {"point_sid": 24149, "dist": "中和區", "vil": "復興里", "point_name": "景安路220巷", "point_type_primary": "機動定點清運點", "point_type_summary": "機動定點清運點、循線清運點", "schedule_summary": "14:45~14:48；19:45", "source_type_codes": "1,0"}}, {"type": "Feature", "geometry": {"type": "Point", "coordinates": [121.483417, 25.00244841]}, "properties": {"point_sid": 30367, "dist": "中和區", "vil": "中原里", "point_name": "中正路839巷", "point_type_primary": "機動定點清運點", "point_type_summary": "機動定點清運點", "schedule_summary": "19:33~19:36", "source_type_codes": "1"}}, {"type": "Feature", "geometry": {"type": "Point", "coordinates": [121.5232944, 24.99951905]}, "properties": {"point_sid": 3968, "dist": "永和區", "vil": "民生里", "point_name": "得和路326號", "point_type_primary": "機動定點清運點", "point_type_summary": "機動定點清運點、循線清運點", "schedule_summary": "12:40~12:45；18:45", "source_type_codes": "1,0"}}, {"type": "Feature", "geometry": {"type": "Point", "coordinates": [121.5102491, 25.01332739]}, "properties": {"point_sid": 24744, "dist": "永和區", "vil": "下溪里", "point_name": "保福路二段109巷口", "point_type_primary": "機動定點清運點", "point_type_summary": "機動定點清運點、機動定點清運點", "schedule_summary": "12:42~12:45；18:42~18:45", "source_type_codes": "1,1"}}, {"type": "Feature", "geometry": {"type": "Point", "coordinates": [121.5265921, 24.99585084]}, "properties": {"point_sid": 24986, "dist": "永和區", "vil": "民本里", "point_name": "成功路二段217巷口", "point_type_primary": "機動定點清運點", "point_type_summary": "機動定點清運點、機動定點清運點", "schedule_summary": "12:52~12:55；18:52~18:55", "source_type_codes": "1,1"}}, {"type": "Feature", "geometry": {"type": "Point", "coordinates": [121.516199360609, 25.0071971846835]}, "properties": {"point_sid": 29820, "dist": "永和區", "vil": "店街里", "point_name": "福和路309巷口", "point_type_primary": "機動定點清運點", "point_type_summary": "機動定點清運點、機動定點清運點", "schedule_summary": "12:55~13:00；18:55~19:00", "source_type_codes": "1,1"}}, {"type": "Feature", "geometry": {"type": "Point", "coordinates": [121.51199510548781, 25.004708606385307]}, "properties": {"point_sid": 25017, "dist": "永和區", "vil": "安和里", "point_name": "永貞路298號", "point_type_primary": "機動定點清運點", "point_type_summary": "機動定點清運點、機動定點清運點", "schedule_summary": "12:55~13:00；18:55~19:00", "source_type_codes": "1,1"}}, {"type": "Feature", "geometry": {"type": "Point", "coordinates": [121.512894, 25.00472]}, "properties": {"point_sid": 24678, "dist": "永和區", "vil": "永樂里", "point_name": "永和路一段18巷口", "point_type_primary": "機動定點清運點", "point_type_summary": "機動定點清運點、機動定點清運點", "schedule_summary": "12:55~13:00；18:55~19:00", "source_type_codes": "1,1"}}, {"type": "Feature", "geometry": {"type": "Point", "coordinates": [121.518358, 25.013553408525073]}, "properties": {"point_sid": 5978, "dist": "永和區", "vil": "中興里", "point_name": "竹林路66巷口", "point_type_primary": "機動定點清運點", "point_type_summary": "機動定點清運點、機動定點清運點", "schedule_summary": "12:55~13:00；18:55~19:00", "source_type_codes": "1,1"}}, {"type": "Feature", "geometry": {"type": "Point", "coordinates": [121.519814, 25.0096]}, "properties": {"point_sid": 4827, "dist": "永和區", "vil": "豫溪里", "point_name": "警光街10巷口", "point_type_primary": "機動定點清運點", "point_type_summary": "機動定點清運點、循線清運點", "schedule_summary": "13:24~13:27；19:25", "source_type_codes": "1,0"}}, {"type": "Feature", "geometry": {"type": "Point", "coordinates": [121.516396, 25.010563]}, "properties": {"point_sid": 7693, "dist": "永和區", "vil": "正興里", "point_name": "中正路702巷20弄口", "point_type_primary": "機動定點清運點", "point_type_summary": "機動定點清運點、機動定點清運點", "schedule_summary": "13:38~13:42；20:00~20:05", "source_type_codes": "1,1"}}, {"type": "Feature", "geometry": {"type": "Point", "coordinates": [121.5191267, 25.00229731]}, "properties": {"point_sid": 25071, "dist": "永和區", "vil": "得和里", "point_name": "秀朗路一段192巷6弄14號", "point_type_primary": "機動定點清運點", "point_type_summary": "機動定點清運點、機動定點清運點", "schedule_summary": "13:39~13:43；19:38~19:41", "source_type_codes": "1,1"}}, {"type": "Feature", "geometry": {"type": "Point", "coordinates": [121.5201663, 25.01525139]}, "properties": {"point_sid": 1122, "dist": "永和區", "vil": "上林里", "point_name": "竹林路39巷42弄口", "point_type_primary": "機動定點清運點", "point_type_summary": "機動定點清運點、循線清運點", "schedule_summary": "13:59~14:02；19:59", "source_type_codes": "1,0"}}, {"type": "Feature", "geometry": {"type": "Point", "coordinates": [121.464393470196, 25.0545827735172]}, "properties": {"point_sid": 2675, "dist": "新莊區", "vil": "頭前里", "point_name": "中原東路42巷口", "point_type_primary": "機動定點清運點", "point_type_summary": "機動定點清運點", "schedule_summary": "13:20~13:30", "source_type_codes": "11"}}, {"type": "Feature", "geometry": {"type": "Point", "coordinates": [121.449966, 25.171921]}, "properties": {"point_sid": 2523, "dist": "淡水區", "vil": "學府里", "point_name": "學府路100巷口", "point_type_primary": "機動定點清運點", "point_type_summary": "機動定點清運點", "schedule_summary": "22:00~22:20", "source_type_codes": "1"}}, {"type": "Feature", "geometry": {"type": "Point", "coordinates": [121.548122, 24.97413937]}, "properties": {"point_sid": 29796, "dist": "新店區", "vil": "寶福里", "point_name": "中興路二段217號", "point_type_primary": "機動定點清運點", "point_type_summary": "機動定點清運點", "schedule_summary": "13:29~13:32", "source_type_codes": "1"}}, {"type": "Feature", "geometry": {"type": "Point", "coordinates": [121.5460897, 24.96966738]}, "properties": {"point_sid": 29797, "dist": "新店區", "vil": "張北里", "point_name": "中興路二段27號", "point_type_primary": "機動定點清運點", "point_type_summary": "機動定點清運點", "schedule_summary": "13:35~13:38", "source_type_codes": "1"}}, {"type": "Feature", "geometry": {"type": "Point", "coordinates": [121.5426788, 24.971231866]}, "properties": {"point_sid": 11859, "dist": "新店區", "vil": "張北里", "point_name": "北新路二段18號前", "point_type_primary": "機動定點清運點", "point_type_summary": "機動定點清運點、循線清運點", "schedule_summary": "13:40~13:43；19:00", "source_type_codes": "1,0"}}, {"type": "Feature", "geometry": {"type": "Point", "coordinates": [121.5415367, 24.97943811]}, "properties": {"point_sid": 9949, "dist": "新店區", "vil": "大同里", "point_name": "明德路109巷", "point_type_primary": "機動定點清運點", "point_type_summary": "機動定點清運點、循線清運點", "schedule_summary": "13:53~13:56；19:13", "source_type_codes": "1,0"}}, {"type": "Feature", "geometry": {"type": "Point", "coordinates": [121.54383726, 24.973994334]}, "properties": {"point_sid": 6806, "dist": "新店區", "vil": "新安里", "point_name": "寶橋路17巷口", "point_type_primary": "機動定點清運點", "point_type_summary": "機動定點清運點、循線清運點", "schedule_summary": "13:55~13:58；19:18", "source_type_codes": "1,0"}}, {"type": "Feature", "geometry": {"type": "Point", "coordinates": [121.538533, 24.95868]}, "properties": {"point_sid": 29347, "dist": "新店區", "vil": "廣明里", "point_name": "中興路一段1號", "point_type_primary": "機動定點清運點", "point_type_summary": "機動定點清運點、循線清運點", "schedule_summary": "13:58~14:06；19:16", "source_type_codes": "1,0"}}, {"type": "Feature", "geometry": {"type": "Point", "coordinates": [121.54283672, 24.97761689]}, "properties": {"point_sid": 1061, "dist": "新店區", "vil": "新安里", "point_name": "北新路二段228巷口", "point_type_primary": "機動定點清運點", "point_type_summary": "機動定點清運點、循線清運點", "schedule_summary": "14:05~14:08；19:28", "source_type_codes": "1,0"}}, {"type": "Feature", "geometry": {"type": "Point", "coordinates": [121.5429278, 24.96444029]}, "properties": {"point_sid": 12296, "dist": "新店區", "vil": "中興里", "point_name": "中興路一段168號", "point_type_primary": "機動定點清運點", "point_type_summary": "機動定點清運點", "schedule_summary": "14:11~14:15", "source_type_codes": "1"}}, {"type": "Feature", "geometry": {"type": "Point", "coordinates": [121.54295501, 24.975619069]}, "properties": {"point_sid": 22304, "dist": "新店區", "vil": "忠誠里", "point_name": "北新路二段139巷口", "point_type_primary": "機動定點清運點", "point_type_summary": "機動定點清運點、循線清運點", "schedule_summary": "14:12~14:15；19:37", "source_type_codes": "1,0"}}, {"type": "Feature", "geometry": {"type": "Point", "coordinates": [121.543718, 24.96544661]}, "properties": {"point_sid": 3012, "dist": "新店區", "vil": "中興里", "point_name": "中興路一段200號", "point_type_primary": "機動定點清運點", "point_type_summary": "機動定點清運點、循線清運點", "schedule_summary": "14:16~14:22；19:37", "source_type_codes": "1,0"}}, {"type": "Feature", "geometry": {"type": "Point", "coordinates": [121.5420766, 24.971264086]}, "properties": {"point_sid": 14287, "dist": "新店區", "vil": "仁愛里", "point_name": "新店中正路128巷口", "point_type_primary": "機動定點清運點", "point_type_summary": "機動定點清運點", "schedule_summary": "14:19~14:24", "source_type_codes": "1"}}, {"type": "Feature", "geometry": {"type": "Point", "coordinates": [121.536093, 24.98370571]}, "properties": {"point_sid": 9115, "dist": "新店區", "vil": "江陵里", "point_name": "民權路90巷20號", "point_type_primary": "機動定點清運點", "point_type_summary": "機動定點清運點、循線清運點", "schedule_summary": "14:20~14:23；19:41", "source_type_codes": "1,0"}}, {"type": "Feature", "geometry": {"type": "Point", "coordinates": [121.5452637, 24.96794815]}, "properties": {"point_sid": 29790, "dist": "新店區", "vil": "五峰里", "point_name": "中興路一段270巷口", "point_type_primary": "機動定點清運點", "point_type_summary": "機動定點清運點、循線清運點", "schedule_summary": "14:25~14:30；19:45", "source_type_codes": "1,0"}}, {"type": "Feature", "geometry": {"type": "Point", "coordinates": [121.53867493865773, 24.973748354238538]}, "properties": {"point_sid": 5216, "dist": "新店區", "vil": "建國里", "point_name": "中正路280巷口", "point_type_primary": "機動定點清運點", "point_type_summary": "機動定點清運點、循線清運點", "schedule_summary": "14:30~14:40；19:51", "source_type_codes": "1,0"}}, {"type": "Feature", "geometry": {"type": "Point", "coordinates": [121.5459063, 24.96897983]}, "properties": {"point_sid": 29792, "dist": "新店區", "vil": "五峰里", "point_name": "中興路一段288巷口", "point_type_primary": "機動定點清運點", "point_type_summary": "機動定點清運點、循線清運點", "schedule_summary": "14:32~14:55；19:53", "source_type_codes": "1,0"}}, {"type": "Feature", "geometry": {"type": "Point", "coordinates": [121.53935195, 24.978148088]}, "properties": {"point_sid": 13334, "dist": "新店區", "vil": "明德里", "point_name": "民族路71號前", "point_type_primary": "機動定點清運點", "point_type_summary": "機動定點清運點", "schedule_summary": "14:49~14:57", "source_type_codes": "1"}}, {"type": "Feature", "geometry": {"type": "Point", "coordinates": [121.548131, 24.97496537]}, "properties": {"point_sid": 29793, "dist": "新店區", "vil": "寶福里", "point_name": "中興路二段218巷口", "point_type_primary": "機動定點清運點", "point_type_summary": "機動定點清運點、循線清運點", "schedule_summary": "15:00~15:03；20:15", "source_type_codes": "1,0"}}, {"type": "Feature", "geometry": {"type": "Point", "coordinates": [121.5514752, 24.97882922]}, "properties": {"point_sid": 29351, "dist": "新店區", "vil": "寶福里", "point_name": "寶橋路232巷口", "point_type_primary": "機動定點清運點", "point_type_summary": "機動定點清運點、循線清運點", "schedule_summary": "15:08~15:11；20:27", "source_type_codes": "1,0"}}, {"type": "Feature", "geometry": {"type": "Point", "coordinates": [121.54054150429914, 24.975244951019306]}, "properties": {"point_sid": 22315, "dist": "新店區", "vil": "國豐里", "point_name": "建國路建安街口", "point_type_primary": "機動定點清運點", "point_type_summary": "機動定點清運點、循線清運點", "schedule_summary": "15:09~15:12；20:30", "source_type_codes": "1,0"}}, {"type": "Feature", "geometry": {"type": "Point", "coordinates": [121.473869, 24.942026]}, "properties": {"point_sid": 6635, "dist": "新店區", "vil": "日興里", "point_name": "安康路3段738巷口", "point_type_primary": "機動定點清運點", "point_type_summary": "機動定點清運點、機動定點清運點", "schedule_summary": "15:11~15:20；20:41~20:50", "source_type_codes": "1,1"}}, {"type": "Feature", "geometry": {"type": "Point", "coordinates": [121.54021938, 24.974032895]}, "properties": {"point_sid": 22317, "dist": "新店區", "vil": "仁愛里", "point_name": "建國路博愛街13巷口", "point_type_primary": "機動定點清運點", "point_type_summary": "機動定點清運點、循線清運點", "schedule_summary": "15:15~15:20；20:37", "source_type_codes": "1,0"}}, {"type": "Feature", "geometry": {"type": "Point", "coordinates": [121.5339049, 24.99113424]}, "properties": {"point_sid": 22553, "dist": "新店區", "vil": "大鵬里", "point_name": "大鵬華城口", "point_type_primary": "機動定點清運點", "point_type_summary": "機動定點清運點、機動定點清運點", "schedule_summary": "15:15~15:18；20:42~20:45", "source_type_codes": "1,1"}}, {"type": "Feature", "geometry": {"type": "Point", "coordinates": [121.5545598, 24.97614124]}, "properties": {"point_sid": 16108, "dist": "新店區", "vil": "寶福里", "point_name": "寶高路120巷口", "point_type_primary": "機動定點清運點", "point_type_summary": "機動定點清運點、循線清運點", "schedule_summary": "15:17~15:30；20:32", "source_type_codes": "1,0"}}, {"type": "Feature", "geometry": {"type": "Point", "coordinates": [121.53831617, 24.977370059]}, "properties": {"point_sid": 15008, "dist": "新店區", "vil": "大豐里", "point_name": "大豐國小", "point_type_primary": "機動定點清運點", "point_type_summary": "機動定點清運點", "schedule_summary": "15:31~15:43", "source_type_codes": "1"}}, {"type": "Feature", "geometry": {"type": "Point", "coordinates": [121.5435301, 24.96882488]}, "properties": {"point_sid": 29782, "dist": "新店區", "vil": "五峰里", "point_name": "大新街3號", "point_type_primary": "機動定點清運點", "point_type_summary": "機動定點清運點、循線清運點", "schedule_summary": "15:31~15:34；20:45", "source_type_codes": "1,0"}}, {"type": "Feature", "geometry": {"type": "Point", "coordinates": [121.5500667, 24.97198784]}, "properties": {"point_sid": 11587, "dist": "新店區", "vil": "寶福里", "point_name": "寶興路60巷(文化綠村)", "point_type_primary": "機動定點清運點", "point_type_summary": "機動定點清運點、循線清運點", "schedule_summary": "15:35~15:52；20:44", "source_type_codes": "1,0"}}, {"type": "Feature", "geometry": {"type": "Point", "coordinates": [121.5353621, 24.99084428]}, "properties": {"point_sid": 29590, "dist": "新店區", "vil": "大鵬里", "point_name": "忠孝大鵬堤外便道", "point_type_primary": "機動定點清運點", "point_type_summary": "機動定點清運點", "schedule_summary": "15:50~15:53", "source_type_codes": "1"}}, {"type": "Feature", "geometry": {"type": "Point", "coordinates": [121.5318133, 24.98552101]}, "properties": {"point_sid": 14565, "dist": "新店區", "vil": "復興里", "point_name": "莊敬高中", "point_type_primary": "機動定點清運點", "point_type_summary": "機動定點清運點", "schedule_summary": "15:52~15:55", "source_type_codes": "1"}}, {"type": "Feature", "geometry": {"type": "Point", "coordinates": [121.5381186, 24.95079348]}, "properties": {"point_sid": 15993, "dist": "新店區", "vil": "直潭里", "point_name": "渡船頭", "point_type_primary": "機動定點清運點", "point_type_summary": "機動定點清運點", "schedule_summary": "16:16~16:40", "source_type_codes": "1"}}, {"type": "Feature", "geometry": {"type": "Point", "coordinates": [121.530925, 24.93760612]}, "properties": {"point_sid": 14682, "dist": "新店區", "vil": "直潭里", "point_name": "直潭國小", "point_type_primary": "機動定點清運點", "point_type_summary": "機動定點清運點", "schedule_summary": "17:10~17:13", "source_type_codes": "1"}}, {"type": "Feature", "geometry": {"type": "Point", "coordinates": [121.5480406, 24.93419646]}, "properties": {"point_sid": 14612, "dist": "新店區", "vil": "粗坑里", "point_name": "橘園一路底涵碧樓前", "point_type_primary": "機動定點清運點", "point_type_summary": "機動定點清運點", "schedule_summary": "19:35~19:40", "source_type_codes": "1"}}, {"type": "Feature", "geometry": {"type": "Point", "coordinates": [121.5530014, 24.93248347]}, "properties": {"point_sid": 22820, "dist": "新店區", "vil": "粗坑里", "point_name": "桃李一路口", "point_type_primary": "機動定點清運點", "point_type_summary": "機動定點清運點", "schedule_summary": "20:04~20:07", "source_type_codes": "1"}}, {"type": "Feature", "geometry": {"type": "Point", "coordinates": [121.53944884817365, 24.978217077474415]}, "properties": {"point_sid": 29772, "dist": "新店區", "vil": "明德里", "point_name": "民族路71號", "point_type_primary": "機動定點清運點", "point_type_summary": "機動定點清運點", "schedule_summary": "20:15~20:21", "source_type_codes": "1"}}, {"type": "Feature", "geometry": {"type": "Point", "coordinates": [121.4231, 25.180938]}, "properties": {"point_sid": 3346, "dist": "淡水區", "vil": "油車里", "point_name": "淡海路72巷口", "point_type_primary": "機動定點清運點", "point_type_summary": "機動定點清運點", "schedule_summary": "15:10~15:20", "source_type_codes": "11"}}, {"type": "Feature", "geometry": {"type": "Point", "coordinates": [121.4020476, 24.973540923]}, "properties": {"point_sid": 30595, "dist": "樹林區", "vil": "山佳里", "point_name": "新興街19巷34弄與36弄口", "point_type_primary": "機動定點清運點", "point_type_summary": "機動定點清運點、機動定點清運點", "schedule_summary": "15:20~15:25；17:42~17:47", "source_type_codes": "1,1"}}, {"type": "Feature", "geometry": {"type": "Point", "coordinates": [121.40033102, 24.972756617]}, "properties": {"point_sid": 30596, "dist": "樹林區", "vil": "山佳里", "point_name": "新興街19巷2弄口", "point_type_primary": "機動定點清運點", "point_type_summary": "機動定點清運點、機動定點清運點", "schedule_summary": "15:28~15:33；17:50~17:55", "source_type_codes": "1,1"}}, {"type": "Feature", "geometry": {"type": "Point", "coordinates": [121.40675376, 24.978491975]}, "properties": {"point_sid": 30643, "dist": "樹林區", "vil": "東山里", "point_name": "中山路2段151巷6弄口", "point_type_primary": "機動定點清運點", "point_type_summary": "機動定點清運點", "schedule_summary": "19:18~19:23", "source_type_codes": "1"}}, {"type": "Feature", "geometry": {"type": "Point", "coordinates": [121.40660166, 24.978332502]}, "properties": {"point_sid": 30644, "dist": "樹林區", "vil": "東山里", "point_name": "中山路2段151巷8弄口", "point_type_primary": "機動定點清運點", "point_type_summary": "機動定點清運點", "schedule_summary": "19:24~19:28", "source_type_codes": "1"}}, {"type": "Feature", "geometry": {"type": "Point", "coordinates": [121.361176, 24.938519]}, "properties": {"point_sid": 6662, "dist": "三峽區", "vil": "鳶山里", "point_name": "右轉復興路489號", "point_type_primary": "機動定點清運點", "point_type_summary": "機動定點清運點", "schedule_summary": "18:29~18:43", "source_type_codes": "1"}}, {"type": "Feature", "geometry": {"type": "Point", "coordinates": [121.373192, 24.926994]}, "properties": {"point_sid": 13675, "dist": "三峽區", "vil": "中正里", "point_name": "永安街218號", "point_type_primary": "機動定點清運點", "point_type_summary": "機動定點清運點", "schedule_summary": "19:28~19:31", "source_type_codes": "1"}}, {"type": "Feature", "geometry": {"type": "Point", "coordinates": [121.444584, 25.176335]}, "properties": {"point_sid": 3338, "dist": "淡水區", "vil": "水碓里", "point_name": "大忠街68號", "point_type_primary": "機動定點清運點", "point_type_summary": "機動定點清運點", "schedule_summary": "15:15~15:25", "source_type_codes": "11"}}, {"type": "Feature", "geometry": {"type": "Point", "coordinates": [121.44338, 25.176511]}, "properties": {"point_sid": 3342, "dist": "淡水區", "vil": "水碓里", "point_name": "大忠街5巷口", "point_type_primary": "機動定點清運點", "point_type_summary": "機動定點清運點", "schedule_summary": "15:15~15:25", "source_type_codes": "11"}}, {"type": "Feature", "geometry": {"type": "Point", "coordinates": [121.447285, 25.177439]}, "properties": {"point_sid": 3339, "dist": "淡水區", "vil": "水碓里", "point_name": "大忠街113巷20號前", "point_type_primary": "機動定點清運點", "point_type_summary": "機動定點清運點", "schedule_summary": "15:30~15:40", "source_type_codes": "11"}}, {"type": "Feature", "geometry": {"type": "Point", "coordinates": [121.44316, 25.17729]}, "properties": {"point_sid": 3343, "dist": "淡水區", "vil": "新義里", "point_name": "中山北路1段149巷口", "point_type_primary": "機動定點清運點", "point_type_summary": "機動定點清運點", "schedule_summary": "15:30~15:40", "source_type_codes": "11"}}, {"type": "Feature", "geometry": {"type": "Point", "coordinates": [121.421548, 25.181486]}, "properties": {"point_sid": 3348, "dist": "淡水區", "vil": "大庄里", "point_name": "沙崙路32巷口", "point_type_primary": "機動定點清運點", "point_type_summary": "機動定點清運點", "schedule_summary": "15:40~15:50", "source_type_codes": "11"}}, {"type": "Feature", "geometry": {"type": "Point", "coordinates": [121.441531, 25.17511]}, "properties": {"point_sid": 3344, "dist": "淡水區", "vil": "新義里", "point_name": "中山北路1段37號", "point_type_primary": "機動定點清運點", "point_type_summary": "機動定點清運點", "schedule_summary": "15:45~15:55", "source_type_codes": "11"}}, {"type": "Feature", "geometry": {"type": "Point", "coordinates": [121.44164, 25.181871]}, "properties": {"point_sid": 3340, "dist": "淡水區", "vil": "新春里", "point_name": "新春街125巷口", "point_type_primary": "機動定點清運點", "point_type_summary": "機動定點清運點", "schedule_summary": "15:50~16:00", "source_type_codes": "11"}}, {"type": "Feature", "geometry": {"type": "Point", "coordinates": [121.424457, 25.1838]}, "properties": {"point_sid": 3349, "dist": "淡水區", "vil": "油車里", "point_name": "沙崙路196號", "point_type_primary": "機動定點清運點", "point_type_summary": "機動定點清運點", "schedule_summary": "15:55~16:05", "source_type_codes": "11"}}, {"type": "Feature", "geometry": {"type": "Point", "coordinates": [121.438518, 25.176364]}, "properties": {"point_sid": 3345, "dist": "淡水區", "vil": "新民里", "point_name": "新民街76巷口", "point_type_primary": "機動定點清運點", "point_type_summary": "機動定點清運點", "schedule_summary": "16:00~16:10", "source_type_codes": "11"}}, {"type": "Feature", "geometry": {"type": "Point", "coordinates": [121.438926, 25.182481]}, "properties": {"point_sid": 3341, "dist": "淡水區", "vil": "新春里", "point_name": "新春街85巷口", "point_type_primary": "機動定點清運點", "point_type_summary": "機動定點清運點", "schedule_summary": "16:05~16:15", "source_type_codes": "11"}}, {"type": "Feature", "geometry": {"type": "Point", "coordinates": [121.426019, 25.185053]}, "properties": {"point_sid": 3350, "dist": "淡水區", "vil": "油車里", "point_name": "沙崙路216巷口", "point_type_primary": "機動定點清運點", "point_type_summary": "機動定點清運點", "schedule_summary": "16:10~16:20", "source_type_codes": "11"}}, {"type": "Feature", "geometry": {"type": "Point", "coordinates": [121.4443, 25.1782]}, "properties": {"point_sid": 30082, "dist": "淡水區", "vil": "水碓里", "point_name": "中山北路1段160號", "point_type_primary": "機動定點清運點", "point_type_summary": "機動定點清運點", "schedule_summary": "17:10~17:20", "source_type_codes": "1"}}, {"type": "Feature", "geometry": {"type": "Point", "coordinates": [121.43898, 25.171869]}, "properties": {"point_sid": 5183, "dist": "淡水區", "vil": "永吉里", "point_name": "三民街19號對面", "point_type_primary": "機動定點清運點", "point_type_summary": "機動定點清運點", "schedule_summary": "17:20~17:25", "source_type_codes": "1"}}, {"type": "Feature", "geometry": {"type": "Point", "coordinates": [121.451285, 25.170837]}, "properties": {"point_sid": 29822, "dist": "淡水區", "vil": "鄧公里", "point_name": "鄧公路31巷口", "point_type_primary": "機動定點清運點", "point_type_summary": "機動定點清運點", "schedule_summary": "17:28~17:33", "source_type_codes": "1"}}, {"type": "Feature", "geometry": {"type": "Point", "coordinates": [121.451371, 25.17105]}, "properties": {"point_sid": 29823, "dist": "淡水區", "vil": "鄧公里", "point_name": "鄧公路33巷口", "point_type_primary": "機動定點清運點", "point_type_summary": "機動定點清運點", "schedule_summary": "17:34~17:39", "source_type_codes": "1"}}, {"type": "Feature", "geometry": {"type": "Point", "coordinates": [121.451538, 25.171361]}, "properties": {"point_sid": 29824, "dist": "淡水區", "vil": "鄧公里", "point_name": "鄧公路35巷口", "point_type_primary": "機動定點清運點", "point_type_summary": "機動定點清運點", "schedule_summary": "17:40~17:45", "source_type_codes": "1"}}, {"type": "Feature", "geometry": {"type": "Point", "coordinates": [121.4431, 25.176311]}, "properties": {"point_sid": 8322, "dist": "淡水區", "vil": "水碓里", "point_name": "大忠街5巷", "point_type_primary": "機動定點清運點", "point_type_summary": "機動定點清運點", "schedule_summary": "17:47~17:50", "source_type_codes": "1"}}, {"type": "Feature", "geometry": {"type": "Point", "coordinates": [121.449501, 25.178862]}, "properties": {"point_sid": 13731, "dist": "淡水區", "vil": "北新里", "point_name": "北新路184巷口(力霸)", "point_type_primary": "機動定點清運點", "point_type_summary": "機動定點清運點", "schedule_summary": "18:20~18:25", "source_type_codes": "1"}}, {"type": "Feature", "geometry": {"type": "Point", "coordinates": [121.423103, 25.182829]}, "properties": {"point_sid": 12395, "dist": "淡水區", "vil": "大庄里", "point_name": "沙崙路137-149號(大河文明)", "point_type_primary": "機動定點清運點", "point_type_summary": "機動定點清運點", "schedule_summary": "18:36~18:44", "source_type_codes": "1"}}, {"type": "Feature", "geometry": {"type": "Point", "coordinates": [121.448166, 25.167912]}, "properties": {"point_sid": 28119, "dist": "淡水區", "vil": "竿蓁里", "point_name": "學府路32巷31-97號(觀海)", "point_type_primary": "機動定點清運點", "point_type_summary": "機動定點清運點", "schedule_summary": "18:40~18:45", "source_type_codes": "1"}}, {"type": "Feature", "geometry": {"type": "Point", "coordinates": [121.481575, 25.219156]}, "properties": {"point_sid": 1309, "dist": "淡水區", "vil": "蕃薯里", "point_name": "安子內仙女廟", "point_type_primary": "機動定點清運點", "point_type_summary": "機動定點清運點", "schedule_summary": "19:03~19:06", "source_type_codes": "1"}}, {"type": "Feature", "geometry": {"type": "Point", "coordinates": [121.443062, 25.172335]}, "properties": {"point_sid": 6795, "dist": "淡水區", "vil": "中興里", "point_name": "水源街一段27巷口", "point_type_primary": "機動定點清運點", "point_type_summary": "機動定點清運點", "schedule_summary": "19:16~19:20", "source_type_codes": "1"}}, {"type": "Feature", "geometry": {"type": "Point", "coordinates": [121.442078, 25.177286]}, "properties": {"point_sid": 15406, "dist": "淡水區", "vil": "新義里", "point_name": "大信街38號邊", "point_type_primary": "機動定點清運點", "point_type_summary": "機動定點清運點", "schedule_summary": "19:20~19:23", "source_type_codes": "1"}}, {"type": "Feature", "geometry": {"type": "Point", "coordinates": [121.443878, 25.172316]}, "properties": {"point_sid": 2255, "dist": "淡水區", "vil": "中興里", "point_name": "水源街一段47巷", "point_type_primary": "機動定點清運點", "point_type_summary": "機動定點清運點", "schedule_summary": "19:24~19:27", "source_type_codes": "1"}}, {"type": "Feature", "geometry": {"type": "Point", "coordinates": [121.443885, 25.172799]}, "properties": {"point_sid": 28167, "dist": "淡水區", "vil": "中興里", "point_name": "水源街一段71巷口", "point_type_primary": "機動定點清運點", "point_type_summary": "機動定點清運點", "schedule_summary": "19:27~19:30", "source_type_codes": "1"}}, {"type": "Feature", "geometry": {"type": "Point", "coordinates": [121.443291, 25.176964]}, "properties": {"point_sid": 9330, "dist": "淡水區", "vil": "水碓里", "point_name": "水碓街口  (土地公廟)", "point_type_primary": "機動定點清運點", "point_type_summary": "機動定點清運點", "schedule_summary": "19:50~19:53", "source_type_codes": "1"}}, {"type": "Feature", "geometry": {"type": "Point", "coordinates": [121.426811, 25.177074]}, "properties": {"point_sid": 13259, "dist": "淡水區", "vil": "油車里", "point_name": "中正路1段24巷", "point_type_primary": "機動定點清運點", "point_type_summary": "機動定點清運點", "schedule_summary": "19:50~19:53", "source_type_codes": "1"}}, {"type": "Feature", "geometry": {"type": "Point", "coordinates": [121.449356, 25.17914]}, "properties": {"point_sid": 14540, "dist": "淡水區", "vil": "正德里", "point_name": "北新路141巷2弄口", "point_type_primary": "機動定點清運點", "point_type_summary": "機動定點清運點", "schedule_summary": "20:10~20:13", "source_type_codes": "1"}}, {"type": "Feature", "geometry": {"type": "Point", "coordinates": [121.436752, 25.178907]}, "properties": {"point_sid": 7173, "dist": "淡水區", "vil": "新民里", "point_name": "新民街180巷口(全家)", "point_type_primary": "機動定點清運點", "point_type_summary": "機動定點清運點", "schedule_summary": "21:34~21:37", "source_type_codes": "1"}}, {"type": "Feature", "geometry": {"type": "Point", "coordinates": [121.462222, 25.177129]}, "properties": {"point_sid": 14960, "dist": "淡水區", "vil": "竹圍里", "point_name": "民族路31巷口(關渡大國社區)", "point_type_primary": "機動定點清運點", "point_type_summary": "機動定點清運點", "schedule_summary": "21:50~22:10", "source_type_codes": "1"}}, {"type": "Feature", "geometry": {"type": "Point", "coordinates": [121.449501, 25.178879]}, "properties": {"point_sid": 8946, "dist": "淡水區", "vil": "北新里", "point_name": "北新路184巷口", "point_type_primary": "機動定點清運點", "point_type_summary": "機動定點清運點", "schedule_summary": "22:00~22:20", "source_type_codes": "1"}}, {"type": "Feature", "geometry": {"type": "Point", "coordinates": [121.444084, 25.17835959]}, "properties": {"point_sid": 30683, "dist": "淡水區", "vil": "水碓里", "point_name": "中山北路一段160號(水碓派出所)旁", "point_type_primary": "機動定點清運點", "point_type_summary": "機動定點清運點", "schedule_summary": "22:00~22:20", "source_type_codes": "1"}}, {"type": "Feature", "geometry": {"type": "Point", "coordinates": [121.424713, 25.184036]}, "properties": {"point_sid": 29812, "dist": "淡水區", "vil": "油車里", "point_name": "沙崙路200號", "point_type_primary": "機動定點清運點", "point_type_summary": "機動定點清運點", "schedule_summary": "22:00~22:20", "source_type_codes": "1"}}, {"type": "Feature", "geometry": {"type": "Point", "coordinates": [121.6421785, 25.06524071]}, "properties": {"point_sid": 4584, "dist": "汐止區", "vil": "忠孝里", "point_name": "樟樹一路133巷口", "point_type_primary": "機動定點清運點", "point_type_summary": "機動定點清運點", "schedule_summary": "18:35~18:38", "source_type_codes": "1"}}, {"type": "Feature", "geometry": {"type": "Point", "coordinates": [121.67112448958392, 25.06811763258533]}, "properties": {"point_sid": 29112, "dist": "汐止區", "vil": "崇德里", "point_name": "茄苳路224巷3弄18號", "point_type_primary": "機動定點清運點", "point_type_summary": "機動定點清運點", "schedule_summary": "18:37~18:41", "source_type_codes": "1"}}, {"type": "Feature", "geometry": {"type": "Point", "coordinates": [121.61910454551867, 25.04791142650821]}, "properties": {"point_sid": 28593, "dist": "汐止區", "vil": "福山里", "point_name": "民權街二段81巷口", "point_type_primary": "機動定點清運點", "point_type_summary": "機動定點清運點", "schedule_summary": "18:40~18:43", "source_type_codes": "1"}}, {"type": "Feature", "geometry": {"type": "Point", "coordinates": [121.65828246580838, 25.065952727754258]}, "properties": {"point_sid": 28642, "dist": "汐止區", "vil": "復興里", "point_name": "汐科路321號旁(黃昏市場)", "point_type_primary": "機動定點清運點", "point_type_summary": "機動定點清運點", "schedule_summary": "19:28~19:31", "source_type_codes": "1"}}, {"type": "Feature", "geometry": {"type": "Point", "coordinates": [121.62715574078129, 25.03733359920753]}, "properties": {"point_sid": 15642, "dist": "汐止區", "vil": "東勢里", "point_name": "南勢街", "point_type_primary": "機動定點清運點", "point_type_summary": "機動定點清運點", "schedule_summary": "19:30~19:33", "source_type_codes": "1"}}, {"type": "Feature", "geometry": {"type": "Point", "coordinates": [121.633553, 25.042927]}, "properties": {"point_sid": 25966, "dist": "汐止區", "vil": "東勢里", "point_name": "研究苑別墅", "point_type_primary": "機動定點清運點", "point_type_summary": "機動定點清運點", "schedule_summary": "20:00~20:03", "source_type_codes": "1"}}, {"type": "Feature", "geometry": {"type": "Point", "coordinates": [121.66796, 25.077182]}, "properties": {"point_sid": 28884, "dist": "汐止區", "vil": "長安里", "point_name": "大同路3段66-1~7號", "point_type_primary": "機動定點清運點", "point_type_summary": "機動定點清運點", "schedule_summary": "20:01~20:04", "source_type_codes": "1"}}, {"type": "Feature", "geometry": {"type": "Point", "coordinates": [121.654292, 25.058295]}, "properties": {"point_sid": 10132, "dist": "汐止區", "vil": "文化里", "point_name": "水源路一段291巷(亞洲社區)", "point_type_primary": "機動定點清運點", "point_type_summary": "機動定點清運點", "schedule_summary": "20:18~20:21", "source_type_codes": "1"}}, {"type": "Feature", "geometry": {"type": "Point", "coordinates": [121.661806, 25.074]}, "properties": {"point_sid": 28759, "dist": "汐止區", "vil": "建成里", "point_name": "建成路160巷(非常台北)", "point_type_primary": "機動定點清運點", "point_type_summary": "機動定點清運點", "schedule_summary": "20:19~20:22", "source_type_codes": "1"}}, {"type": "Feature", "geometry": {"type": "Point", "coordinates": [121.64039998834323, 25.06442141485063]}, "properties": {"point_sid": 28632, "dist": "汐止區", "vil": "忠孝里", "point_name": "樟樹一路119巷25號旁", "point_type_primary": "機動定點清運點", "point_type_summary": "機動定點清運點", "schedule_summary": "20:23~20:26", "source_type_codes": "1"}}, {"type": "Feature", "geometry": {"type": "Point", "coordinates": [121.658707, 25.073026]}, "properties": {"point_sid": 913, "dist": "汐止區", "vil": "江北里", "point_name": "世貿國家公園", "point_type_primary": "機動定點清運點", "point_type_summary": "機動定點清運點", "schedule_summary": "20:30~20:33", "source_type_codes": "1"}}, {"type": "Feature", "geometry": {"type": "Point", "coordinates": [121.81443918526293, 25.108805395141683]}, "properties": {"point_sid": 29058, "dist": "瑞芳區", "vil": "龍鎮里", "point_name": "明燈路二段2巷4號下方(隧道口)", "point_type_primary": "機動定點清運點", "point_type_summary": "機動定點清運點", "schedule_summary": "18:12~18:15", "source_type_codes": "1"}}, {"type": "Feature", "geometry": {"type": "Point", "coordinates": [121.83097128695147, 25.124336633221706]}, "properties": {"point_sid": 19303, "dist": "瑞芳區", "vil": "海濱里", "point_name": "海濱路39號(福龍宮)", "point_type_primary": "機動定點清運點", "point_type_summary": "機動定點清運點", "schedule_summary": "18:57~19:02", "source_type_codes": "1"}}, {"type": "Feature", "geometry": {"type": "Point", "coordinates": [121.85953419234397, 25.110497608527787]}, "properties": {"point_sid": 19361, "dist": "瑞芳區", "vil": "銅山里", "point_name": "祈堂路53號(祈堂廟)", "point_type_primary": "機動定點清運點", "point_type_summary": "機動定點清運點", "schedule_summary": "19:01~19:05", "source_type_codes": "1"}}, {"type": "Feature", "geometry": {"type": "Point", "coordinates": [121.469122, 25.094594]}, "properties": {"point_sid": 30122, "dist": "蘆洲區", "vil": "水河里", "point_name": "仁愛街132號", "point_type_primary": "機動定點清運點", "point_type_summary": "機動定點清運點", "schedule_summary": "20:24~20:27", "source_type_codes": "1"}}, {"type": "Feature", "geometry": {"type": "Point", "coordinates": [121.47395184442303, 25.09174239397514]}, "properties": {"point_sid": 15864, "dist": "蘆洲區", "vil": "水湳里", "point_name": "民族路331號", "point_type_primary": "機動定點清運點", "point_type_summary": "機動定點清運點", "schedule_summary": "20:32~20:37", "source_type_codes": "1"}}, {"type": "Feature", "geometry": {"type": "Point", "coordinates": [121.45963436583268, 25.087392199536612]}, "properties": {"point_sid": 30512, "dist": "蘆洲區", "vil": "正義里", "point_name": "長榮路339號", "point_type_primary": "機動定點清運點", "point_type_summary": "機動定點清運點", "schedule_summary": "20:35~20:40", "source_type_codes": "1"}}, {"type": "Feature", "geometry": {"type": "Point", "coordinates": [121.47491434387439, 25.087327930492577]}, "properties": {"point_sid": 30133, "dist": "蘆洲區", "vil": "福安里", "point_name": "民權路68巷口", "point_type_primary": "機動定點清運點", "point_type_summary": "機動定點清運點", "schedule_summary": "20:35~20:48", "source_type_codes": "1"}}, {"type": "Feature", "geometry": {"type": "Point", "coordinates": [121.471558, 25.093744]}, "properties": {"point_sid": 30123, "dist": "蘆洲區", "vil": "水河里", "point_name": "仁愛街60號", "point_type_primary": "機動定點清運點", "point_type_summary": "機動定點清運點", "schedule_summary": "20:39~20:46", "source_type_codes": "1"}}, {"type": "Feature", "geometry": {"type": "Point", "coordinates": [121.45802548609984, 25.084915207297296]}, "properties": {"point_sid": 30231, "dist": "蘆洲區", "vil": "永康里", "point_name": "永康公園對面(長安街301號)", "point_type_primary": "機動定點清運點", "point_type_summary": "機動定點清運點", "schedule_summary": "20:42~21:00", "source_type_codes": "1"}}, {"type": "Feature", "geometry": {"type": "Point", "coordinates": [121.4575606647782, 25.08618632550158]}, "properties": {"point_sid": 30513, "dist": "蘆洲區", "vil": "成功里", "point_name": "長安街250號", "point_type_primary": "機動定點清運點", "point_type_summary": "機動定點清運點", "schedule_summary": "20:42~20:50", "source_type_codes": "1"}}, {"type": "Feature", "geometry": {"type": "Point", "coordinates": [121.46115385160536, 25.086420309378667]}, "properties": {"point_sid": 24797, "dist": "蘆洲區", "vil": "正義里", "point_name": "長興路213號", "point_type_primary": "機動定點清運點", "point_type_summary": "機動定點清運點", "schedule_summary": "20:43~20:57", "source_type_codes": "1"}}, {"type": "Feature", "geometry": {"type": "Point", "coordinates": [121.47541743696019, 25.08316415194414]}, "properties": {"point_sid": 9364, "dist": "蘆洲區", "vil": "仁復里", "point_name": "三民路33號", "point_type_primary": "機動定點清運點", "point_type_summary": "機動定點清運點", "schedule_summary": "20:44~21:00", "source_type_codes": "1"}}, {"type": "Feature", "geometry": {"type": "Point", "coordinates": [121.470281915344, 25.082555647677]}, "properties": {"point_sid": 30151, "dist": "蘆洲區", "vil": "光華里", "point_name": "正和街定點(正和街10號)", "point_type_primary": "機動定點清運點", "point_type_summary": "機動定點清運點", "schedule_summary": "20:45~20:49", "source_type_codes": "1"}}, {"type": "Feature", "geometry": {"type": "Point", "coordinates": [121.467917758266, 25.0776651579983]}, "properties": {"point_sid": 24867, "dist": "蘆洲區", "vil": "永安里", "point_name": "永安南路二段16巷18號", "point_type_primary": "機動定點清運點", "point_type_summary": "機動定點清運點", "schedule_summary": "20:50~21:02", "source_type_codes": "1"}}, {"type": "Feature", "geometry": {"type": "Point", "coordinates": [121.47690632456522, 25.083782162973232]}, "properties": {"point_sid": 30183, "dist": "蘆洲區", "vil": "仁德里", "point_name": "鷺江街97號", "point_type_primary": "機動定點清運點", "point_type_summary": "機動定點清運點", "schedule_summary": "20:50~21:01", "source_type_codes": "1"}}, {"type": "Feature", "geometry": {"type": "Point", "coordinates": [121.461562585031, 25.0808789136299]}, "properties": {"point_sid": 30217, "dist": "蘆洲區", "vil": "長安里", "point_name": "長安街107號", "point_type_primary": "機動定點清運點", "point_type_summary": "機動定點清運點", "schedule_summary": "20:51~20:58", "source_type_codes": "1"}}, {"type": "Feature", "geometry": {"type": "Point", "coordinates": [121.471095, 25.091296]}, "properties": {"point_sid": 30124, "dist": "蘆洲區", "vil": "水湳里", "point_name": "仁愛國小對面", "point_type_primary": "機動定點清運點", "point_type_summary": "機動定點清運點", "schedule_summary": "20:51~21:02", "source_type_codes": "1"}}, {"type": "Feature", "geometry": {"type": "Point", "coordinates": [121.47279455238072, 25.079067976592516]}, "properties": {"point_sid": 30197, "dist": "蘆洲區", "vil": "得仁里", "point_name": "民生街125號", "point_type_primary": "機動定點清運點", "point_type_summary": "機動定點清運點", "schedule_summary": "20:55~21:05", "source_type_codes": "1"}}, {"type": "Feature", "geometry": {"type": "Point", "coordinates": [121.47688402718484, 25.08560578077403]}, "properties": {"point_sid": 30514, "dist": "蘆洲區", "vil": "鷺江里", "point_name": "信義路319巷尾對面", "point_type_primary": "機動定點清運點", "point_type_summary": "機動定點清運點", "schedule_summary": "20:55~21:00", "source_type_codes": "1"}}, {"type": "Feature", "geometry": {"type": "Point", "coordinates": [121.467399279762, 25.0874117166992]}, "properties": {"point_sid": 24810, "dist": "蘆洲區", "vil": "中原里", "point_name": "中正路263巷口", "point_type_primary": "機動定點清運點", "point_type_summary": "機動定點清運點", "schedule_summary": "20:55~21:00", "source_type_codes": "1"}}, {"type": "Feature", "geometry": {"type": "Point", "coordinates": [121.474795522361, 25.0918232073294]}, "properties": {"point_sid": 7682, "dist": "蘆洲區", "vil": "水河里", "point_name": "民族路408巷10號", "point_type_primary": "機動定點清運點", "point_type_summary": "機動定點清運點", "schedule_summary": "20:58~21:01", "source_type_codes": "1"}}, {"type": "Feature", "geometry": {"type": "Point", "coordinates": [121.46363699006164, 25.083763237605538]}, "properties": {"point_sid": 30105, "dist": "蘆洲區", "vil": "中原里", "point_name": "長興路50巷口", "point_type_primary": "機動定點清運點", "point_type_summary": "機動定點清運點", "schedule_summary": "21:00~21:06", "source_type_codes": "1"}}, {"type": "Feature", "geometry": {"type": "Point", "coordinates": [121.466954066269, 25.0806050116803]}, "properties": {"point_sid": 24833, "dist": "蘆洲區", "vil": "中路里", "point_name": "和平路136號", "point_type_primary": "機動定點清運點", "point_type_summary": "機動定點清運點", "schedule_summary": "21:01~21:04", "source_type_codes": "1"}}, {"type": "Feature", "geometry": {"type": "Point", "coordinates": [121.4588428815016, 25.089899495289536]}, "properties": {"point_sid": 24896, "dist": "蘆洲區", "vil": "永樂里", "point_name": "永樂街38巷42弄4號", "point_type_primary": "機動定點清運點", "point_type_summary": "機動定點清運點", "schedule_summary": "21:01~21:07", "source_type_codes": "1"}}, {"type": "Feature", "geometry": {"type": "Point", "coordinates": [121.474972839863, 25.0842004790126]}, "properties": {"point_sid": 10945, "dist": "蘆洲區", "vil": "鷺江里", "point_name": "三民路82巷口", "point_type_primary": "機動定點清運點", "point_type_summary": "機動定點清運點", "schedule_summary": "21:01~21:04", "source_type_codes": "1"}}, {"type": "Feature", "geometry": {"type": "Point", "coordinates": [121.469566591724, 25.088474125652]}, "properties": {"point_sid": 30114, "dist": "蘆洲區", "vil": "保佑里", "point_name": "三民路與中正路174巷交叉口", "point_type_primary": "機動定點清運點", "point_type_summary": "機動定點清運點", "schedule_summary": "21:01~21:04", "source_type_codes": "1"}}, {"type": "Feature", "geometry": {"type": "Point", "coordinates": [121.45703990922664, 25.08276067064745]}, "properties": {"point_sid": 30232, "dist": "蘆洲區", "vil": "永德里", "point_name": "永安南路二段318號", "point_type_primary": "機動定點清運點", "point_type_summary": "機動定點清運點", "schedule_summary": "21:02~21:05", "source_type_codes": "1"}}, {"type": "Feature", "geometry": {"type": "Point", "coordinates": [121.477197172081, 25.0830914845814]}, "properties": {"point_sid": 30184, "dist": "蘆洲區", "vil": "仁德里", "point_name": "鷺江街71號", "point_type_primary": "機動定點清運點", "point_type_summary": "機動定點清運點", "schedule_summary": "21:02~21:09", "source_type_codes": "1"}}, {"type": "Feature", "geometry": {"type": "Point", "coordinates": [121.476349396683, 25.0884056267063]}, "properties": {"point_sid": 30135, "dist": "蘆洲區", "vil": "福安里", "point_name": "復興路105巷9號", "point_type_primary": "機動定點清運點", "point_type_summary": "機動定點清運點", "schedule_summary": "21:03~21:06", "source_type_codes": "1"}}, {"type": "Feature", "geometry": {"type": "Point", "coordinates": [121.4727261915856, 25.092910331264843]}, "properties": {"point_sid": 26309, "dist": "蘆洲區", "vil": "水湳里", "point_name": "民族路436巷11弄口", "point_type_primary": "機動定點清運點", "point_type_summary": "機動定點清運點", "schedule_summary": "21:03~21:06", "source_type_codes": "1"}}, {"type": "Feature", "geometry": {"type": "Point", "coordinates": [121.46714392203796, 25.084790111821384]}, "properties": {"point_sid": 28181, "dist": "蘆洲區", "vil": "光華里", "point_name": "中正路185巷48號", "point_type_primary": "機動定點清運點", "point_type_summary": "機動定點清運點", "schedule_summary": "21:05~21:08", "source_type_codes": "1"}}, {"type": "Feature", "geometry": {"type": "Point", "coordinates": [121.48022066835881, 25.08859628752493]}, "properties": {"point_sid": 30169, "dist": "蘆洲區", "vil": "玉清里", "point_name": "民族路236巷27號對面", "point_type_primary": "機動定點清運點", "point_type_summary": "機動定點清運點", "schedule_summary": "21:05~21:08", "source_type_codes": "1"}}, {"type": "Feature", "geometry": {"type": "Point", "coordinates": [121.46920835961832, 25.088912198259457]}, "properties": {"point_sid": 24806, "dist": "蘆洲區", "vil": "保新里", "point_name": "三民路198巷口", "point_type_primary": "機動定點清運點", "point_type_summary": "機動定點清運點", "schedule_summary": "21:05~21:08", "source_type_codes": "1"}}, {"type": "Feature", "geometry": {"type": "Point", "coordinates": [121.47265125340866, 25.084631173919583]}, "properties": {"point_sid": 30156, "dist": "蘆洲區", "vil": "保和里", "point_name": "中央路153號斜對面", "point_type_primary": "機動定點清運點", "point_type_summary": "機動定點清運點", "schedule_summary": "21:05~21:08", "source_type_codes": "1"}}, {"type": "Feature", "geometry": {"type": "Point", "coordinates": [121.46415794750543, 25.07930562254024]}, "properties": {"point_sid": 9563, "dist": "蘆洲區", "vil": "九芎里", "point_name": "長安街22巷口", "point_type_primary": "機動定點清運點", "point_type_summary": "機動定點清運點", "schedule_summary": "21:06~21:09", "source_type_codes": "1"}}, {"type": "Feature", "geometry": {"type": "Point", "coordinates": [121.474955697559, 25.0789021613129]}, "properties": {"point_sid": 7885, "dist": "蘆洲區", "vil": "民和里", "point_name": "民生街47號", "point_type_primary": "機動定點清運點", "point_type_summary": "機動定點清運點", "schedule_summary": "21:06~21:10", "source_type_codes": "1"}}, {"type": "Feature", "geometry": {"type": "Point", "coordinates": [121.45680215730192, 25.088591764566942]}, "properties": {"point_sid": 24897, "dist": "蘆洲區", "vil": "永樂里", "point_name": "永樂街80號", "point_type_primary": "機動定點清運點", "point_type_summary": "機動定點清運點", "schedule_summary": "21:08~21:11", "source_type_codes": "1"}}, {"type": "Feature", "geometry": {"type": "Point", "coordinates": [121.482325294477, 25.0888872801889]}, "properties": {"point_sid": 7197, "dist": "蘆洲區", "vil": "樓厝里", "point_name": "中興街116號", "point_type_primary": "機動定點清運點", "point_type_summary": "機動定點清運點", "schedule_summary": "21:09~21:12", "source_type_codes": "1"}}, {"type": "Feature", "geometry": {"type": "Point", "coordinates": [121.463421419354, 25.0880931798526]}, "properties": {"point_sid": 5367, "dist": "蘆洲區", "vil": "正義里", "point_name": "光明路108號", "point_type_primary": "機動定點清運點", "point_type_summary": "機動定點清運點", "schedule_summary": "21:09~21:12", "source_type_codes": "1"}}, {"type": "Feature", "geometry": {"type": "Point", "coordinates": [121.46933040800542, 25.090724941814102]}, "properties": {"point_sid": 7436, "dist": "蘆洲區", "vil": "保新里", "point_name": "三民路128巷61弄口", "point_type_primary": "機動定點清運點", "point_type_summary": "機動定點清運點", "schedule_summary": "21:09~21:12", "source_type_codes": "1"}}, {"type": "Feature", "geometry": {"type": "Point", "coordinates": [121.469844, 25.08629]}, "properties": {"point_sid": 30494, "dist": "蘆洲區", "vil": "保佑里", "point_name": "保和街51號對面", "point_type_primary": "機動定點清運點", "point_type_summary": "機動定點清運點", "schedule_summary": "21:09~21:12", "source_type_codes": "1"}}, {"type": "Feature", "geometry": {"type": "Point", "coordinates": [121.464087521784, 25.0818278219641]}, "properties": {"point_sid": 26342, "dist": "蘆洲區", "vil": "九芎里", "point_name": "中華街1巷1號", "point_type_primary": "機動定點清運點", "point_type_summary": "機動定點清運點", "schedule_summary": "21:11~21:14", "source_type_codes": "1"}}, {"type": "Feature", "geometry": {"type": "Point", "coordinates": [121.47561523410663, 25.08150502491111]}, "properties": {"point_sid": 29798, "dist": "蘆洲區", "vil": "溪墘里", "point_name": "蘆洲區農會本會", "point_type_primary": "機動定點清運點", "point_type_summary": "機動定點清運點", "schedule_summary": "21:11~21:14", "source_type_codes": "1"}}, {"type": "Feature", "geometry": {"type": "Point", "coordinates": [121.47883012238589, 25.082509872019408]}, "properties": {"point_sid": 24855, "dist": "蘆洲區", "vil": "恆德里", "point_name": "鷺江街23號", "point_type_primary": "機動定點清運點", "point_type_summary": "機動定點清運點", "schedule_summary": "21:12~21:15", "source_type_codes": "1"}}, {"type": "Feature", "geometry": {"type": "Point", "coordinates": [121.4305366053511, 25.06963043549893]}, "properties": {"point_sid": 28481, "dist": "五股區", "vil": "福德里", "point_name": "貿商社區大門", "point_type_primary": "機動定點清運點", "point_type_summary": "機動定點清運點", "schedule_summary": "19:44~19:47", "source_type_codes": "1"}}, {"type": "Feature", "geometry": {"type": "Point", "coordinates": [121.42244286, 25.035944788]}, "properties": {"point_sid": 12350, "dist": "泰山區", "vil": "貴和里", "point_name": "慈光26村", "point_type_primary": "機動定點清運點", "point_type_summary": "機動定點清運點、機動定點清運點", "schedule_summary": "13:40~14:00；18:40~19:00", "source_type_codes": "1,1"}}, {"type": "Feature", "geometry": {"type": "Point", "coordinates": [121.42379177553721, 25.043644106017787]}, "properties": {"point_sid": 19818, "dist": "泰山區", "vil": "明志里", "point_name": "應化街", "point_type_primary": "機動定點清運點", "point_type_summary": "機動定點清運點", "schedule_summary": "14:35~14:50", "source_type_codes": "1"}}, {"type": "Feature", "geometry": {"type": "Point", "coordinates": [121.4274216, 25.04540312]}, "properties": {"point_sid": 19909, "dist": "泰山區", "vil": "泰友里", "point_name": "新生路31巷口", "point_type_primary": "機動定點清運點", "point_type_summary": "機動定點清運點、循線清運點", "schedule_summary": "15:07~15:11；20:24", "source_type_codes": "1,0"}}, {"type": "Feature", "geometry": {"type": "Point", "coordinates": [121.6149097, 25.00088186]}, "properties": {"point_sid": 27594, "dist": "深坑區", "vil": "深坑里", "point_name": "深坑鄉平埔街22巷17弄(萊茵河畔)", "point_type_primary": "機動定點清運點", "point_type_summary": "機動定點清運點", "schedule_summary": "17:50~17:54", "source_type_codes": "1"}}, {"type": "Feature", "geometry": {"type": "Point", "coordinates": [121.612206, 25.001184]}, "properties": {"point_sid": 29454, "dist": "深坑區", "vil": "深坑里", "point_name": "北深路2段189號 (聚祥商店)", "point_type_primary": "機動定點清運點", "point_type_summary": "機動定點清運點", "schedule_summary": "18:00~18:03", "source_type_codes": "1"}}, {"type": "Feature", "geometry": {"type": "Point", "coordinates": [121.616844, 25.003271]}, "properties": {"point_sid": 29456, "dist": "深坑區", "vil": "深坑里", "point_name": "北深路2段115號", "point_type_primary": "機動定點清運點", "point_type_summary": "機動定點清運點", "schedule_summary": "18:08~18:13", "source_type_codes": "1"}}, {"type": "Feature", "geometry": {"type": "Point", "coordinates": [121.618942, 25.004108]}, "properties": {"point_sid": 29457, "dist": "深坑區", "vil": "埔新里", "point_name": "北深路2段51號 (儒昌茶行)", "point_type_primary": "機動定點清運點", "point_type_summary": "機動定點清運點", "schedule_summary": "18:14~18:19", "source_type_codes": "1"}}, {"type": "Feature", "geometry": {"type": "Point", "coordinates": [121.6263285, 25.00290906]}, "properties": {"point_sid": 27577, "dist": "深坑區", "vil": "昇高里", "point_name": "北深路一段249巷(涵碧樓)", "point_type_primary": "機動定點清運點", "point_type_summary": "機動定點清運點", "schedule_summary": "18:14~18:22", "source_type_codes": "1"}}, {"type": "Feature", "geometry": {"type": "Point", "coordinates": [121.629509, 25.008734]}, "properties": {"point_sid": 29459, "dist": "深坑區", "vil": "賴仲里", "point_name": "北深路1段213號 (賴仲坑站牌)", "point_type_primary": "機動定點清運點", "point_type_summary": "機動定點清運點", "schedule_summary": "18:22~18:25", "source_type_codes": "1"}}, {"type": "Feature", "geometry": {"type": "Point", "coordinates": [121.63033672, 25.008911445]}, "properties": {"point_sid": 29460, "dist": "深坑區", "vil": "賴仲里", "point_name": "北深路1段201巷 (文化芳鄰)", "point_type_primary": "機動定點清運點", "point_type_summary": "機動定點清運點", "schedule_summary": "18:26~18:29", "source_type_codes": "1"}}, {"type": "Feature", "geometry": {"type": "Point", "coordinates": [121.63548176, 25.010678355]}, "properties": {"point_sid": 29461, "dist": "深坑區", "vil": "土庫里", "point_name": "北深路1段112巷口", "point_type_primary": "機動定點清運點", "point_type_summary": "機動定點清運點", "schedule_summary": "18:35~18:40", "source_type_codes": "1"}}, {"type": "Feature", "geometry": {"type": "Point", "coordinates": [121.636375, 25.010698]}, "properties": {"point_sid": 29462, "dist": "深坑區", "vil": "土庫里", "point_name": "北深路1段83 巷口", "point_type_primary": "機動定點清運點", "point_type_summary": "機動定點清運點", "schedule_summary": "18:41~18:46", "source_type_codes": "1"}}, {"type": "Feature", "geometry": {"type": "Point", "coordinates": [121.63881723, 25.012051597]}, "properties": {"point_sid": 29463, "dist": "深坑區", "vil": "土庫里", "point_name": "松柏街43巷", "point_type_primary": "機動定點清運點", "point_type_summary": "機動定點清運點", "schedule_summary": "18:47~18:55", "source_type_codes": "1"}}, {"type": "Feature", "geometry": {"type": "Point", "coordinates": [121.621338, 25.010702]}, "properties": {"point_sid": 1928, "dist": "深坑區", "vil": "賴仲里", "point_name": "深南路88巷口", "point_type_primary": "機動定點清運點", "point_type_summary": "機動定點清運點", "schedule_summary": "18:53~19:03", "source_type_codes": "1"}}, {"type": "Feature", "geometry": {"type": "Point", "coordinates": [121.62912543, 25.008671667]}, "properties": {"point_sid": 29468, "dist": "深坑區", "vil": "賴仲里", "point_name": "北深路1段264號", "point_type_primary": "機動定點清運點", "point_type_summary": "機動定點清運點", "schedule_summary": "19:02~19:14", "source_type_codes": "1"}}, {"type": "Feature", "geometry": {"type": "Point", "coordinates": [121.6266182, 25.01600006]}, "properties": {"point_sid": 27556, "dist": "深坑區", "vil": "賴仲里", "point_name": "深南路220號(青山雄觀北區)", "point_type_primary": "機動定點清運點", "point_type_summary": "機動定點清運點", "schedule_summary": "19:09~19:15", "source_type_codes": "1"}}, {"type": "Feature", "geometry": {"type": "Point", "coordinates": [121.619728, 25.004417]}, "properties": {"point_sid": 29469, "dist": "深坑區", "vil": "埔新里", "point_name": "北深路2段40號 (韓琳小吃店)", "point_type_primary": "機動定點清運點", "point_type_summary": "機動定點清運點", "schedule_summary": "19:15~19:18", "source_type_codes": "1"}}, {"type": "Feature", "geometry": {"type": "Point", "coordinates": [121.61779, 25.003645]}, "properties": {"point_sid": 29470, "dist": "深坑區", "vil": "埔新里", "point_name": "北深路2段82 號(深坑動物醫院)", "point_type_primary": "機動定點清運點", "point_type_summary": "機動定點清運點", "schedule_summary": "19:19~19:25", "source_type_codes": "1"}}, {"type": "Feature", "geometry": {"type": "Point", "coordinates": [121.616714, 25.003222]}, "properties": {"point_sid": 29471, "dist": "深坑區", "vil": "深坑里", "point_name": "北深路2段118 號(林振得診所)", "point_type_primary": "機動定點清運點", "point_type_summary": "機動定點清運點", "schedule_summary": "19:25~19:30", "source_type_codes": "1"}}, {"type": "Feature", "geometry": {"type": "Point", "coordinates": [121.612968, 25.00156]}, "properties": {"point_sid": 29474, "dist": "深坑區", "vil": "深坑里", "point_name": "北深路2段202 巷口 (謝醫師診所)", "point_type_primary": "機動定點清運點", "point_type_summary": "機動定點清運點", "schedule_summary": "19:37~19:42", "source_type_codes": "1"}}, {"type": "Feature", "geometry": {"type": "Point", "coordinates": [121.607033, 25.001534]}, "properties": {"point_sid": 29477, "dist": "深坑區", "vil": "萬福里", "point_name": "北深路3段104 號 (振發茶行)", "point_type_primary": "機動定點清運點", "point_type_summary": "機動定點清運點", "schedule_summary": "19:49~19:57", "source_type_codes": "1"}}, {"type": "Feature", "geometry": {"type": "Point", "coordinates": [121.602287, 25.003429]}, "properties": {"point_sid": 29478, "dist": "深坑區", "vil": "萬福里", "point_name": "北深路3段166 號 (我家牛排)", "point_type_primary": "機動定點清運點", "point_type_summary": "機動定點清運點", "schedule_summary": "19:58~20:03", "source_type_codes": "1"}}, {"type": "Feature", "geometry": {"type": "Point", "coordinates": [121.60163293, 25.003655857]}, "properties": {"point_sid": 29479, "dist": "深坑區", "vil": "萬福里", "point_name": "北深路3段192 巷口", "point_type_primary": "機動定點清運點", "point_type_summary": "機動定點清運點", "schedule_summary": "20:04~20:11", "source_type_codes": "1"}}, {"type": "Feature", "geometry": {"type": "Point", "coordinates": [121.60054, 25.004023]}, "properties": {"point_sid": 29480, "dist": "深坑區", "vil": "萬福里", "point_name": "北深路3段236 巷口", "point_type_primary": "機動定點清運點", "point_type_summary": "機動定點清運點", "schedule_summary": "20:13~20:19", "source_type_codes": "1"}}, {"type": "Feature", "geometry": {"type": "Point", "coordinates": [121.59948, 25.004351]}, "properties": {"point_sid": 29481, "dist": "深坑區", "vil": "萬福里", "point_name": "北深路3段260號", "point_type_primary": "機動定點清運點", "point_type_summary": "機動定點清運點", "schedule_summary": "20:19~20:24", "source_type_codes": "1"}}, {"type": "Feature", "geometry": {"type": "Point", "coordinates": [121.61599573, 25.002369215]}, "properties": {"point_sid": 30273, "dist": "深坑區", "vil": "深坑里", "point_name": "深坑街10號(深坑區公所)", "point_type_primary": "機動定點清運點", "point_type_summary": "機動定點清運點", "schedule_summary": "20:19~20:26", "source_type_codes": "1"}}, {"type": "Feature", "geometry": {"type": "Point", "coordinates": [121.59648158, 25.005141803]}, "properties": {"point_sid": 29482, "dist": "深坑區", "vil": "萬福里", "point_name": "北深路3段286巷口", "point_type_primary": "機動定點清運點", "point_type_summary": "機動定點清運點", "schedule_summary": "20:25~20:28", "source_type_codes": "1"}}, {"type": "Feature", "geometry": {"type": "Point", "coordinates": [121.5969683, 25.005130491]}, "properties": {"point_sid": 29483, "dist": "深坑區", "vil": "萬順里", "point_name": "北深路3段345號 (佳麗堡)", "point_type_primary": "機動定點清運點", "point_type_summary": "機動定點清運點", "schedule_summary": "20:27~20:31", "source_type_codes": "1"}}, {"type": "Feature", "geometry": {"type": "Point", "coordinates": [121.599541, 25.004309]}, "properties": {"point_sid": 13851, "dist": "深坑區", "vil": "萬順里", "point_name": "北深路3段243巷", "point_type_primary": "機動定點清運點", "point_type_summary": "機動定點清運點", "schedule_summary": "20:35~20:38", "source_type_codes": "1"}}, {"type": "Feature", "geometry": {"type": "Point", "coordinates": [121.600441, 25.004]}, "properties": {"point_sid": 29485, "dist": "深坑區", "vil": "萬順里", "point_name": "北深路3段215巷(老實小鎮)", "point_type_primary": "機動定點清運點", "point_type_summary": "機動定點清運點", "schedule_summary": "20:39~20:44", "source_type_codes": "1"}}, {"type": "Feature", "geometry": {"type": "Point", "coordinates": [121.6102929, 24.99846695]}, "properties": {"point_sid": 27593, "dist": "深坑區", "vil": "阿柔里", "point_name": "阿柔洋40號", "point_type_primary": "機動定點清運點", "point_type_summary": "機動定點清運點", "schedule_summary": "20:41~20:44", "source_type_codes": "1"}}, {"type": "Feature", "geometry": {"type": "Point", "coordinates": [121.607231, 25.001493]}, "properties": {"point_sid": 29488, "dist": "深坑區", "vil": "萬順里", "point_name": "北深路3段61號 (洗車場)", "point_type_primary": "機動定點清運點", "point_type_summary": "機動定點清運點", "schedule_summary": "20:51~20:55", "source_type_codes": "1"}}, {"type": "Feature", "geometry": {"type": "Point", "coordinates": [121.711704, 24.942432]}, "properties": {"point_sid": 19188, "dist": "坪林區", "vil": "坪林里", "point_name": "坪雙路一段25號", "point_type_primary": "機動定點清運點", "point_type_summary": "機動定點清運點", "schedule_summary": "18:15~18:20", "source_type_codes": "1"}}, {"type": "Feature", "geometry": {"type": "Point", "coordinates": [121.504106588666, 25.260867318756]}, "properties": {"point_sid": 26132, "dist": "三芝區", "vil": "埔頭里", "point_name": "淡金路二段91號", "point_type_primary": "機動定點清運點", "point_type_summary": "機動定點清運點", "schedule_summary": "16:48~17:00", "source_type_codes": "1"}}, {"type": "Feature", "geometry": {"type": "Point", "coordinates": [121.505574, 25.253861]}, "properties": {"point_sid": 30285, "dist": "三芝區", "vil": "埔坪里", "point_name": "忠孝街1號之15(摩登家庭)", "point_type_primary": "機動定點清運點", "point_type_summary": "機動定點清運點", "schedule_summary": "17:03~17:18", "source_type_codes": "1"}}, {"type": "Feature", "geometry": {"type": "Point", "coordinates": [121.497678, 25.259703]}, "properties": {"point_sid": 30286, "dist": "三芝區", "vil": "埔頭里", "point_name": "淡金、中興街口", "point_type_primary": "機動定點清運點", "point_type_summary": "機動定點清運點", "schedule_summary": "17:12~17:20", "source_type_codes": "1"}}, {"type": "Feature", "geometry": {"type": "Point", "coordinates": [121.498319, 25.256653]}, "properties": {"point_sid": 30287, "dist": "三芝區", "vil": "埔頭里", "point_name": "中興、公正街口", "point_type_primary": "機動定點清運點", "point_type_summary": "機動定點清運點", "schedule_summary": "17:47~18:19", "source_type_codes": "1"}}, {"type": "Feature", "geometry": {"type": "Point", "coordinates": [121.5027016, 25.25952717]}, "properties": {"point_sid": 5487, "dist": "三芝區", "vil": "埔坪里", "point_name": "淡金公路郵局", "point_type_primary": "機動定點清運點", "point_type_summary": "機動定點清運點", "schedule_summary": "18:55~19:35", "source_type_codes": "1"}}, {"type": "Feature", "geometry": {"type": "Point", "coordinates": [121.565758, 25.289902]}, "properties": {"point_sid": 14044, "dist": "石門區", "vil": "石門里", "point_name": "新村廣場", "point_type_primary": "機動定點清運點", "point_type_summary": "機動定點清運點", "schedule_summary": "18:45~18:48", "source_type_codes": "1"}}, {"type": "Feature", "geometry": {"type": "Point", "coordinates": [121.429916, 25.145693]}, "properties": {"point_sid": 30519, "dist": "八里區", "vil": "米倉里", "point_name": "牛寮埔31號(路燈編號391480)", "point_type_primary": "機動定點清運點", "point_type_summary": "機動定點清運點", "schedule_summary": "16:45~16:48", "source_type_codes": "1"}}, {"type": "Feature", "geometry": {"type": "Point", "coordinates": [121.400558, 25.147755]}, "properties": {"point_sid": 1938, "dist": "八里區", "vil": "舊城里", "point_name": "頂香早餐店", "point_type_primary": "機動定點清運點", "point_type_summary": "機動定點清運點", "schedule_summary": "17:25~17:30", "source_type_codes": "1"}}, {"type": "Feature", "geometry": {"type": "Point", "coordinates": [121.402641, 25.129677]}, "properties": {"point_sid": 6450, "dist": "八里區", "vil": "荖阡里", "point_name": "三王太子宮", "point_type_primary": "機動定點清運點", "point_type_summary": "機動定點清運點", "schedule_summary": "17:40~17:45", "source_type_codes": "1"}}, {"type": "Feature", "geometry": {"type": "Point", "coordinates": [121.440125, 25.153603]}, "properties": {"point_sid": 15238, "dist": "八里區", "vil": "米倉里", "point_name": "龍米路2段155巷口", "point_type_primary": "機動定點清運點", "point_type_summary": "機動定點清運點", "schedule_summary": "17:40~17:45", "source_type_codes": "1"}}, {"type": "Feature", "geometry": {"type": "Point", "coordinates": [121.450714, 25.130548]}, "properties": {"point_sid": 30527, "dist": "八里區", "vil": "龍源里", "point_name": "龍形二街口(龍源公園旁)", "point_type_primary": "機動定點清運點", "point_type_summary": "機動定點清運點", "schedule_summary": "18:12~18:17", "source_type_codes": "1"}}, {"type": "Feature", "geometry": {"type": "Point", "coordinates": [121.45037, 25.13326]}, "properties": {"point_sid": 30528, "dist": "八里區", "vil": "龍源里", "point_name": "龍形二街56號(路燈編號390429)", "point_type_primary": "機動定點清運點", "point_type_summary": "機動定點清運點", "schedule_summary": "18:20~18:30", "source_type_codes": "1"}}, {"type": "Feature", "geometry": {"type": "Point", "coordinates": [121.44982, 25.13061]}, "properties": {"point_sid": 30531, "dist": "八里區", "vil": "龍源里", "point_name": "龍形一街12巷口(路燈編號390329)", "point_type_primary": "機動定點清運點", "point_type_summary": "機動定點清運點", "schedule_summary": "18:40~18:50", "source_type_codes": "1"}}, {"type": "Feature", "geometry": {"type": "Point", "coordinates": [121.450287, 25.125154]}, "properties": {"point_sid": 30532, "dist": "八里區", "vil": "龍源里", "point_name": "頂寮二街33號(陽明山水社區)", "point_type_primary": "機動定點清運點", "point_type_summary": "機動定點清運點", "schedule_summary": "19:35~19:43", "source_type_codes": "1"}}, {"type": "Feature", "geometry": {"type": "Point", "coordinates": [121.4514448, 25.1260899]}, "properties": {"point_sid": 30533, "dist": "八里區", "vil": "龍源里", "point_name": "頂寮五街7號(在水一方碧連天社區)", "point_type_primary": "機動定點清運點", "point_type_summary": "機動定點清運點", "schedule_summary": "19:48~19:51", "source_type_codes": "1"}}, {"type": "Feature", "geometry": {"type": "Point", "coordinates": [121.398689, 25.145056]}, "properties": {"point_sid": 690, "dist": "八里區", "vil": "荖阡里", "point_name": "喜來登社區", "point_type_primary": "機動定點清運點", "point_type_summary": "機動定點清運點", "schedule_summary": "19:50~19:53", "source_type_codes": "1"}}, {"type": "Feature", "geometry": {"type": "Point", "coordinates": [121.403961, 25.14846]}, "properties": {"point_sid": 14573, "dist": "八里區", "vil": "舊城里", "point_name": "八里山水社區", "point_type_primary": "機動定點清運點", "point_type_summary": "機動定點清運點", "schedule_summary": "20:00~20:05", "source_type_codes": "1"}}, {"type": "Feature", "geometry": {"type": "Point", "coordinates": [121.45074, 25.13092]}, "properties": {"point_sid": 30541, "dist": "八里區", "vil": "龍源里", "point_name": "龍形二街2-1號(全翰龍形市場停車場旁)", "point_type_primary": "機動定點清運點", "point_type_summary": "機動定點清運點", "schedule_summary": "20:40~20:47", "source_type_codes": "1"}}, {"type": "Feature", "geometry": {"type": "Point", "coordinates": [121.45031, 25.13332]}, "properties": {"point_sid": 30542, "dist": "八里區", "vil": "龍源里", "point_name": "龍形二街52號(小聖心社區)", "point_type_primary": "機動定點清運點", "point_type_summary": "機動定點清運點", "schedule_summary": "20:50~21:00", "source_type_codes": "1"}}, {"type": "Feature", "geometry": {"type": "Point", "coordinates": [121.8663858, 25.03894152]}, "properties": {"point_sid": 10663, "dist": "雙溪區", "vil": "新基里", "point_name": "自行車租借站", "point_type_primary": "機動定點清運點", "point_type_summary": "機動定點清運點", "schedule_summary": "06:45~07:15", "source_type_codes": "1"}}, {"type": "Feature", "geometry": {"type": "Point", "coordinates": [121.8647894, 25.03549479]}, "properties": {"point_sid": 28959, "dist": "雙溪區", "vil": "雙溪里", "point_name": "雙溪綜合市場旁", "point_type_primary": "機動定點清運點", "point_type_summary": "機動定點清運點", "schedule_summary": "07:20~07:50", "source_type_codes": "1"}}, {"type": "Feature", "geometry": {"type": "Point", "coordinates": [121.8333146, 25.03037284]}, "properties": {"point_sid": 29001, "dist": "雙溪區", "vil": "上林里", "point_name": "內平林47號(平林派出所)", "point_type_primary": "機動定點清運點", "point_type_summary": "機動定點清運點", "schedule_summary": "16:00~16:03", "source_type_codes": "1"}}, {"type": "Feature", "geometry": {"type": "Point", "coordinates": [121.804675, 25.01457051]}, "properties": {"point_sid": 29006, "dist": "雙溪區", "vil": "長源里", "point_name": "柑腳19號(柑腳派出所)", "point_type_primary": "機動定點清運點", "point_type_summary": "機動定點清運點", "schedule_summary": "16:43~16:46", "source_type_codes": "1"}}, {"type": "Feature", "geometry": {"type": "Point", "coordinates": [121.8662345, 25.03360015]}, "properties": {"point_sid": 29011, "dist": "雙溪區", "vil": "共和里", "point_name": "東榮街31號旁", "point_type_primary": "機動定點清運點", "point_type_summary": "機動定點清運點", "schedule_summary": "17:20~18:00", "source_type_codes": "1"}}, {"type": "Feature", "geometry": {"type": "Point", "coordinates": [121.8507014, 25.06344972]}, "properties": {"point_sid": 29033, "dist": "雙溪區", "vil": "三貂里", "point_name": "政光3-5號(資源回收場)", "point_type_primary": "機動定點清運點", "point_type_summary": "機動定點清運點", "schedule_summary": "17:20~18:00", "source_type_codes": "1"}}, {"type": "Feature", "geometry": {"type": "Point", "coordinates": [121.8524858, 25.05843314]}, "properties": {"point_sid": 29035, "dist": "雙溪區", "vil": "牡丹里", "point_name": "牡丹31號前(國泰家具行)", "point_type_primary": "機動定點清運點", "point_type_summary": "機動定點清運點", "schedule_summary": "18:22~18:25", "source_type_codes": "1"}}, {"type": "Feature", "geometry": {"type": "Point", "coordinates": [121.8762271, 25.02068405]}, "properties": {"point_sid": 29015, "dist": "雙溪區", "vil": "魚行里", "point_name": "坤溪3號之5", "point_type_primary": "機動定點清運點", "point_type_summary": "機動定點清運點", "schedule_summary": "18:35~18:38", "source_type_codes": "1"}}, {"type": "Feature", "geometry": {"type": "Point", "coordinates": [121.8510379, 25.05619452]}, "properties": {"point_sid": 29038, "dist": "雙溪區", "vil": "牡丹里", "point_name": "下坑11號", "point_type_primary": "機動定點清運點", "point_type_summary": "機動定點清運點", "schedule_summary": "18:36~18:39", "source_type_codes": "1"}}, {"type": "Feature", "geometry": {"type": "Point", "coordinates": [121.8587736, 25.03731083]}, "properties": {"point_sid": 29017, "dist": "雙溪區", "vil": "平林里", "point_name": "康福家園17號", "point_type_primary": "機動定點清運點", "point_type_summary": "機動定點清運點", "schedule_summary": "19:00~19:03", "source_type_codes": "1"}}, {"type": "Feature", "geometry": {"type": "Point", "coordinates": [121.8681845, 25.03968641]}, "properties": {"point_sid": 29043, "dist": "雙溪區", "vil": "新基里", "point_name": "新基北街64號(南天宮)", "point_type_primary": "機動定點清運點", "point_type_summary": "機動定點清運點", "schedule_summary": "19:24~19:27", "source_type_codes": "1"}}, {"type": "Feature", "geometry": {"type": "Point", "coordinates": [121.8662501, 25.03814507]}, "properties": {"point_sid": 29047, "dist": "雙溪區", "vil": "新基里", "point_name": "新基南街18號(雙溪衛生所)", "point_type_primary": "機動定點清運點", "point_type_summary": "機動定點清運點", "schedule_summary": "19:52~19:55", "source_type_codes": "1"}}, {"type": "Feature", "geometry": {"type": "Point", "coordinates": [121.8649978, 25.03471256]}, "properties": {"point_sid": 29021, "dist": "雙溪區", "vil": "雙溪里", "point_name": "長安街15號(三忠廟)", "point_type_primary": "機動定點清運點", "point_type_summary": "機動定點清運點", "schedule_summary": "19:55~19:58", "source_type_codes": "1"}}, {"type": "Feature", "geometry": {"type": "Point", "coordinates": [121.92765, 25.055485]}, "properties": {"point_sid": 2305, "dist": "貢寮區", "vil": "真理里", "point_name": "仁愛路底", "point_type_primary": "機動定點清運點", "point_type_summary": "機動定點清運點", "schedule_summary": "17:35~17:38", "source_type_codes": "1"}}, {"type": "Feature", "geometry": {"type": "Point", "coordinates": [121.95079, 25.021021]}, "properties": {"point_sid": 14209, "dist": "貢寮區", "vil": "福隆里", "point_name": "福隆漁會", "point_type_primary": "機動定點清運點", "point_type_summary": "機動定點清運點", "schedule_summary": "18:36~18:39", "source_type_codes": "1"}}, {"type": "Feature", "geometry": {"type": "Point", "coordinates": [121.636887, 25.224583]}, "properties": {"point_sid": 15895, "dist": "金山區", "vil": "美田里", "point_name": "文化二路2號(金山高中)", "point_type_primary": "機動定點清運點", "point_type_summary": "機動定點清運點", "schedule_summary": "18:30~18:33", "source_type_codes": "1"}}, {"type": "Feature", "geometry": {"type": "Point", "coordinates": [121.633712442956, 25.2251369339151]}, "properties": {"point_sid": 12994, "dist": "金山區", "vil": "美田里", "point_name": "中山路與文化三路口", "point_type_primary": "機動定點清運點", "point_type_summary": "機動定點清運點", "schedule_summary": "18:37~18:40", "source_type_codes": "1"}}, {"type": "Feature", "geometry": {"type": "Point", "coordinates": [121.635208, 25.22504]}, "properties": {"point_sid": 1932, "dist": "金山區", "vil": "美田里", "point_name": "文化三路42號(水漫波)", "point_type_primary": "機動定點清運點", "point_type_summary": "機動定點清運點", "schedule_summary": "18:39~18:43", "source_type_codes": "1"}}, {"type": "Feature", "geometry": {"type": "Point", "coordinates": [121.633359358301, 25.2253748017818]}, "properties": {"point_sid": 15840, "dist": "金山區", "vil": "美田里", "point_name": "中山路350巷口", "point_type_primary": "機動定點清運點", "point_type_summary": "機動定點清運點", "schedule_summary": "18:40~18:43", "source_type_codes": "1"}}, {"type": "Feature", "geometry": {"type": "Point", "coordinates": [121.633308, 25.225332]}, "properties": {"point_sid": 2254, "dist": "金山區", "vil": "美田里", "point_name": "中山路401號(第一大樓)", "point_type_primary": "機動定點清運點", "point_type_summary": "機動定點清運點", "schedule_summary": "18:44~18:49", "source_type_codes": "1"}}, {"type": "Feature", "geometry": {"type": "Point", "coordinates": [121.634293, 25.225626]}, "properties": {"point_sid": 1379, "dist": "金山區", "vil": "美田里", "point_name": "文化三路66巷口(金山新市)", "point_type_primary": "機動定點清運點", "point_type_summary": "機動定點清運點", "schedule_summary": "18:45~18:48", "source_type_codes": "1"}}]}