{"type":"FeatureCollection","features":[{"type":"Feature","geometry":{"type":"Point","coordinates":[121.5542781,25.0447675]},"properties":{"no":"208","county_code":"63000","site_name":"RONS Select","tel":"0974401227","postal_code":"105","address":"八德路三段106巷118號","service_type":"買賣","item":"舊衣類","resolved_county":"臺北市","resolved_district":"松山區","full_address":"臺北市松山區八德路三段106巷118號","address_resolve_note":null,"geocode_ok":true,"geocode_provider":"google","geocode_tier":"street","geocode_query":"臺北市松山區八德路三段106巷118號"}},{"type":"Feature","geometry":{"type":"Point","coordinates":[121.5988884,25.0536674]},"properties":{"no":"679","county_code":"63000","site_name":"MISS名牌二手衣包收購","tel":"0979-365-000","postal_code":"115","address":"南港路二段B2 (倉庫20巷5號","service_type":"買賣","item":"舊衣類","resolved_county":"臺北市","resolved_district":"南港區","full_address":"臺北市南港區南港路二段B2 (倉庫20巷5號","address_resolve_note":null,"geocode_ok":true,"geocode_provider":"google","geocode_tier":"street","geocode_query":"臺北市南港區南港路二段B2 (倉庫20巷5號"}},{"type":"Feature","geometry":{"type":"Point","coordinates":[121.5436616,25.0457293]},"properties":{"no":"693","county_code":"63000","site_name":"RECOVER","tel":"(02)8772-3188","postal_code":"104","address":"復興南路一段36之5號","service_type":"買賣","item":"舊衣類","resolved_county":"臺北市","resolved_district":"中山區","full_address":"臺北市中山區復興南路一段36之5號","address_resolve_note":null,"geocode_ok":true,"geocode_provider":"google","geocode_tier":"street","geocode_query":"臺北市中山區復興南路一段36之5號"}},{"type":"Feature","geometry":{"type":"Point","coordinates":[121.5198748,25.0631217]},"properties":{"no":"694","county_code":"63000","site_name":"奧莉薇二手婚紗禮服專賣店","tel":"(02)2585-9129","postal_code":"104","address":"民權西路75號2F","service_type":"買賣","item":"舊衣類","resolved_county":"臺北市","resolved_district":"中山區","full_address":"臺北市中山區民權西路75號2F","address_resolve_note":null,"geocode_ok":true,"geocode_provider":"google","geocode_tier":"street","geocode_query":"臺北市中山區民權西路75號2F"}},{"type":"Feature","geometry":{"type":"Point","coordinates":[121.5200457,25.0557747]},"properties":{"no":"710","county_code":"63000","site_name":"香蕉貓","tel":"0955-213-317","postal_code":"103","address":"赤峰街49巷11號","service_type":"買賣","item":"舊衣類","resolved_county":"臺北市","resolved_district":"大同區","full_address":"臺北市大同區赤峰街49巷11號","address_resolve_note":null,"geocode_ok":true,"geocode_provider":"google","geocode_tier":"street","geocode_query":"臺北市大同區赤峰街49巷11號"}},{"type":"Feature","geometry":{"type":"Point","coordinates":[121.5181721,25.0683049]},"properties":{"no":"713","county_code":"63000","site_name":"HaNou Select 日韓服飾選物","tel":"(02)2598-1231","postal_code":"103","address":"承德路三段158-1號","service_type":"買賣","item":"舊衣類","resolved_county":"臺北市","resolved_district":"大同區","full_address":"臺北市大同區承德路三段158-1號","address_resolve_note":null,"geocode_ok":true,"geocode_provider":"google","geocode_tier":"street","geocode_query":"臺北市大同區承德路三段158-1號"}},{"type":"Feature","geometry":{"type":"Point","coordinates":[121.520008,25.0548126]},"properties":{"no":"714","county_code":"63000","site_name":"赤峰洋行","tel":"0926-712-402","postal_code":"103","address":"赤峰街41巷2-6號號 2樓","service_type":"買賣","item":"舊衣類","resolved_county":"臺北市","resolved_district":"大同區","full_address":"臺北市大同區赤峰街41巷2-6號號 2樓","address_resolve_note":null,"geocode_ok":true,"geocode_provider":"google","geocode_tier":"street","geocode_query":"臺北市大同區赤峰街41巷2-6號號 2樓"}},{"type":"Feature","geometry":{"type":"Point","coordinates":[121.5190242,25.0553966]},"properties":{"no":"716","county_code":"63000","site_name":"懶得選物LZD/vintage & Used Select Shop｜古著、二手、選物","tel":"0939-600-155","postal_code":"103","address":"承德路二段53巷17號","service_type":"買賣,回收","item":"舊衣類","resolved_county":"臺北市","resolved_district":"大同區","full_address":"臺北市大同區承德路二段53巷17號","address_resolve_note":null,"geocode_ok":true,"geocode_provider":"google","geocode_tier":"street","geocode_query":"臺北市大同區承德路二段53巷17號"}},{"type":"Feature","geometry":{"type":"Point","coordinates":[121.6041152,25.0560818]},"properties":{"no":"733","county_code":"63000","site_name":"力麒村上青春區","tel":"無","postal_code":"115","address":"東明街51號","service_type":"回收","item":"舊衣類","resolved_county":"臺北市","resolved_district":"南港區","full_address":"臺北市南港區東明街51號","address_resolve_note":null,"geocode_ok":true,"geocode_provider":"google","geocode_tier":"street","geocode_query":"臺北市南港區東明街51號"}},{"type":"Feature","geometry":{"type":"Point","coordinates":[121.6109537,25.0589321]},"properties":{"no":"734","county_code":"63000","site_name":"台北悅桂冠","tel":"02-2785-3602","postal_code":"115","address":"園區街17號","service_type":"回收","item":"舊衣類","resolved_county":"臺北市","resolved_district":"南港區","full_address":"臺北市南港區園區街17號","address_resolve_note":null,"geocode_ok":true,"geocode_provider":"google","geocode_tier":"street","geocode_query":"臺北市南港區園區街17號"}},{"type":"Feature","geometry":{"type":"Point","coordinates":[121.5279013,25.0557832]},"properties":{"no":"735","county_code":"63000","site_name":"梵帝崗","tel":"無","postal_code":"104","address":"新生北路二段47號","service_type":"回收","item":"舊衣類","resolved_county":"臺北市","resolved_district":"中山區","full_address":"臺北市中山區新生北路二段47號","address_resolve_note":null,"geocode_ok":true,"geocode_provider":"google","geocode_tier":"street","geocode_query":"臺北市中山區新生北路二段47號"}},{"type":"Feature","geometry":{"type":"Point","coordinates":[121.5416515,24.989685]},"properties":{"no":"736","county_code":"63000","site_name":"金運金大廈","tel":"無","postal_code":"116","address":"景興路282巷9號","service_type":"回收","item":"舊衣類","resolved_county":"臺北市","resolved_district":"文山區","full_address":"臺北市文山區景興路282巷9號","address_resolve_note":null,"geocode_ok":true,"geocode_provider":"google","geocode_tier":"street","geocode_query":"臺北市文山區景興路282巷9號"}},{"type":"Feature","geometry":{"type":"Point","coordinates":[121.5966464,25.0810543]},"properties":{"no":"747","county_code":"63000","site_name":"大湖仙境","tel":"無","postal_code":"114","address":"星雲街163號","service_type":"回收","item":"舊衣類","resolved_county":"臺北市","resolved_district":"內湖區","full_address":"臺北市內湖區星雲街163號","address_resolve_note":null,"geocode_ok":true,"geocode_provider":"google","geocode_tier":"street","geocode_query":"臺北市內湖區星雲街163號"}},{"type":"Feature","geometry":{"type":"Point","coordinates":[121.5199529,25.0269415]},"properties":{"no":"748","county_code":"63000","site_name":"中正香榭","tel":"無","postal_code":"100","address":"和平西路一段55號","service_type":"回收","item":"舊衣類","resolved_county":"臺北市","resolved_district":"中正區","full_address":"臺北市中正區和平西路一段55號","address_resolve_note":null,"geocode_ok":true,"geocode_provider":"google","geocode_tier":"street","geocode_query":"臺北市中正區和平西路一段55號"}},{"type":"Feature","geometry":{"type":"Point","coordinates":[121.5509259,25.0777475]},"properties":{"no":"749","county_code":"63000","site_name":"圓山景觀樓","tel":"02-2532-7721","postal_code":"104","address":"明水路463號","service_type":"回收","item":"舊衣類","resolved_county":"臺北市","resolved_district":"中山區","full_address":"臺北市中山區明水路463號","address_resolve_note":null,"geocode_ok":true,"geocode_provider":"google","geocode_tier":"street","geocode_query":"臺北市中山區明水路463號"}},{"type":"Feature","geometry":{"type":"Point","coordinates":[121.5226127,25.0526041]},"properties":{"no":"750","county_code":"63000","site_name":"麗晶盛艷","tel":"無","postal_code":"104","address":"中山北路1段83巷28～40號","service_type":"回收","item":"舊衣類","resolved_county":"臺北市","resolved_district":"中山區","full_address":"臺北市中山區中山北路1段83巷28～40號","address_resolve_note":null,"geocode_ok":true,"geocode_provider":"google","geocode_tier":"street","geocode_query":"臺北市中山區中山北路1段83巷28～40號"}},{"type":"Feature","geometry":{"type":"Point","coordinates":[121.51859,25.063533]},"properties":{"no":"751","county_code":"63000","site_name":"克里翁","tel":"無","postal_code":"103","address":"承德路三段7號","service_type":"回收","item":"舊衣類","resolved_county":"臺北市","resolved_district":"大同區","full_address":"臺北市大同區承德路三段7號","address_resolve_note":null,"geocode_ok":true,"geocode_provider":"google","geocode_tier":"street","geocode_query":"臺北市大同區承德路三段7號"}},{"type":"Feature","geometry":{"type":"Point","coordinates":[121.5033968,25.0296982]},"properties":{"no":"752","county_code":"63000","site_name":"復華花園新城","tel":"無","postal_code":"108","address":"西藏路107號","service_type":"回收","item":"舊衣類","resolved_county":"臺北市","resolved_district":"萬華區","full_address":"臺北市萬華區西藏路107號","address_resolve_note":null,"geocode_ok":true,"geocode_provider":"google","geocode_tier":"street","geocode_query":"臺北市萬華區西藏路107號"}},{"type":"Feature","geometry":{"type":"Point","coordinates":[121.5984723,25.0566394]},"properties":{"no":"753","county_code":"63000","site_name":"Tiffany Garden","tel":"無","postal_code":"115","address":"重陽路125巷1號","service_type":"回收","item":"舊衣類","resolved_county":"臺北市","resolved_district":"南港區","full_address":"臺北市南港區重陽路125巷1號","address_resolve_note":null,"geocode_ok":true,"geocode_provider":"google","geocode_tier":"street","geocode_query":"臺北市南港區重陽路125巷1號"}},{"type":"Feature","geometry":{"type":"Point","coordinates":[121.5253575,25.0914259]},"properties":{"no":"787","county_code":"63000","site_name":"0311 Vintage & Used Clothing","tel":"無","postal_code":"111","address":"大西路74巷16號1樓","service_type":"買賣","item":"舊衣類","resolved_county":"臺北市","resolved_district":"士林區","full_address":"臺北市士林區大西路74巷16號1樓","address_resolve_note":null,"geocode_ok":true,"geocode_provider":"google","geocode_tier":"street","geocode_query":"臺北市士林區大西路74巷16號1樓"}},{"type":"Feature","geometry":{"type":"Point","coordinates":[121.5262175,25.0893842]},"properties":{"no":"788","county_code":"63000","site_name":"融合製造","tel":"無","postal_code":"111","address":"小東街33號","service_type":"買賣","item":"舊衣類","resolved_county":"臺北市","resolved_district":"士林區","full_address":"臺北市士林區小東街33號","address_resolve_note":null,"geocode_ok":true,"geocode_provider":"google","geocode_tier":"street","geocode_query":"臺北市士林區小東街33號"}},{"type":"Feature","geometry":{"type":"Point","coordinates":[121.5195478,25.093391]},"properties":{"no":"789","county_code":"63000","site_name":"尋寶","tel":"無","postal_code":"111","address":"中正路422號","service_type":"買賣","item":"舊衣類","resolved_county":"臺北市","resolved_district":"士林區","full_address":"臺北市士林區中正路422號","address_resolve_note":null,"geocode_ok":true,"geocode_provider":"google","geocode_tier":"street","geocode_query":"臺北市士林區中正路422號"}},{"type":"Feature","geometry":{"type":"Point","coordinates":[121.5252793,25.0900372]},"properties":{"no":"797","county_code":"63000","site_name":"DMC12 古著 X 選物 X 二手","tel":"(02)2883-1568","postal_code":"111","address":"大北路63號2樓","service_type":"買賣","item":"舊衣類","resolved_county":"臺北市","resolved_district":"士林區","full_address":"臺北市士林區大北路63號2樓","address_resolve_note":null,"geocode_ok":true,"geocode_provider":"google","geocode_tier":"street","geocode_query":"臺北市士林區大北路63號2樓"}},{"type":"Feature","geometry":{"type":"Point","coordinates":[121.5235514,25.0973247]},"properties":{"no":"799","county_code":"63000","site_name":"野娜日本流行古著","tel":"無","postal_code":"111","address":"美崙街6號","service_type":"買賣","item":"舊衣類","resolved_county":"臺北市","resolved_district":"士林區","full_address":"臺北市士林區美崙街6號","address_resolve_note":null,"geocode_ok":true,"geocode_provider":"google","geocode_tier":"street","geocode_query":"臺北市士林區美崙街6號"}},{"type":"Feature","geometry":{"type":"Point","coordinates":[121.4988224,25.0323737]},"properties":{"no":"819","county_code":"63000","site_name":"Back to Green","tel":"0","postal_code":"108","address":"西園路二段11巷24號","service_type":"買賣","item":"舊衣類","resolved_county":"臺北市","resolved_district":"萬華區","full_address":"臺北市萬華區西園路二段11巷24號","address_resolve_note":null,"geocode_ok":true,"geocode_provider":"google","geocode_tier":"street","geocode_query":"臺北市萬華區西園路二段11巷24號"}},{"type":"Feature","geometry":{"type":"Point","coordinates":[121.5196789,25.0549924]},"properties":{"no":"821","county_code":"63000","site_name":"MITTY - 古著 二手 選物 服飾店","tel":"0","postal_code":"103","address":"赤峰街43號2樓","service_type":"買賣","item":"舊衣類","resolved_county":"臺北市","resolved_district":"大同區","full_address":"臺北市大同區赤峰街43號2樓","address_resolve_note":null,"geocode_ok":true,"geocode_provider":"google","geocode_tier":"street","geocode_query":"臺北市大同區赤峰街43號2樓"}},{"type":"Feature","geometry":{"type":"Point","coordinates":[121.5201796,25.0556854]},"properties":{"no":"822","county_code":"63000","site_name":"自助餐 All you can eat 是一間服飾店","tel":"0955 276 568","postal_code":"103","address":"赤峰街49巷18號","service_type":"買賣","item":"舊衣類","resolved_county":"臺北市","resolved_district":"大同區","full_address":"臺北市大同區赤峰街49巷18號","address_resolve_note":null,"geocode_ok":true,"geocode_provider":"google","geocode_tier":"street","geocode_query":"臺北市大同區赤峰街49巷18號"}},{"type":"Feature","geometry":{"type":"Point","coordinates":[121.5367647,25.0104491]},"properties":{"no":"823","county_code":"63000","site_name":"小麻雀公館無人自助商店","tel":"02 8259 5738","postal_code":"116","address":"羅斯福路四段206巷8號","service_type":"買賣","item":"舊衣類","resolved_county":"臺北市","resolved_district":"文山區","full_address":"臺北市文山區羅斯福路四段206巷8號","address_resolve_note":null,"geocode_ok":true,"geocode_provider":"google","geocode_tier":"street","geocode_query":"臺北市文山區羅斯福路四段206巷8號"}},{"type":"Feature","geometry":{"type":"Point","coordinates":[121.5413264,25.0421382]},"properties":{"no":"824","county_code":"63000","site_name":"綠天使二手衣著專賣站","tel":"02 2711 5322","postal_code":"106","address":"忠孝東路三段251巷2弄5號一樓","service_type":"買賣","item":"舊衣類","resolved_county":"臺北市","resolved_district":"大安區","full_address":"臺北市大安區忠孝東路三段251巷2弄5號一樓","address_resolve_note":null,"geocode_ok":true,"geocode_provider":"google","geocode_tier":"street","geocode_query":"臺北市大安區忠孝東路三段251巷2弄5號一樓"}},{"type":"Feature","geometry":{"type":"Point","coordinates":[121.5041734,25.0460472]},"properties":{"no":"826","county_code":"63000","site_name":"OPMM.SHOP","tel":"070 9589 7088","postal_code":"108","address":"漢口街二段90巷4號","service_type":"買賣","item":"舊衣類","resolved_county":"臺北市","resolved_district":"萬華區","full_address":"臺北市萬華區漢口街二段90巷4號","address_resolve_note":null,"geocode_ok":true,"geocode_provider":"google","geocode_tier":"street","geocode_query":"臺北市萬華區漢口街二段90巷4號"}},{"type":"Feature","geometry":{"type":"Point","coordinates":[121.5447842,25.0547965]},"properties":{"no":"836","county_code":"63000","site_name":"290","tel":"02-25953937","postal_code":"105","address":"長春路339巷口","service_type":"回收","item":"舊衣類","resolved_county":"臺北市","resolved_district":"松山區","full_address":"臺北市松山區長春路339巷口","address_resolve_note":null,"geocode_ok":true,"geocode_provider":"google","geocode_tier":"street","geocode_query":"臺北市松山區長春路339巷口"}},{"type":"Feature","geometry":{"type":"Point","coordinates":[121.581432,25.0453921]},"properties":{"no":"864","county_code":"63000","site_name":"1140","tel":"(02)25991234","postal_code":"115","address":"永吉路553巷燈桿旁","service_type":"回收","item":"舊衣類","resolved_county":"臺北市","resolved_district":"南港區","full_address":"臺北市南港區永吉路553巷燈桿旁","address_resolve_note":null,"geocode_ok":true,"geocode_provider":"google","geocode_tier":"street","geocode_query":"臺北市南港區永吉路553巷燈桿旁"}},{"type":"Feature","geometry":{"type":"Point","coordinates":[121.5534354,25.0265986]},"properties":{"no":"865","county_code":"63000","site_name":"258","tel":"(02)25429529","postal_code":"106","address":"通化街203巷巷內里長辦公室旁","service_type":"回收","item":"舊衣類","resolved_county":"臺北市","resolved_district":"大安區","full_address":"臺北市大安區通化街203巷巷內里長辦公室旁","address_resolve_note":null,"geocode_ok":true,"geocode_provider":"google","geocode_tier":"street","geocode_query":"臺北市大安區通化街203巷巷內里長辦公室旁"}},{"type":"Feature","geometry":{"type":"Point","coordinates":[121.5061699,25.0876128]},"properties":{"no":"868","county_code":"63000","site_name":"355","tel":"(02)25587370","postal_code":"111","address":"社子街87號對面(公佈欄旁)","service_type":"回收","item":"舊衣類","resolved_county":"臺北市","resolved_district":"士林區","full_address":"臺北市士林區社子街87號對面(公佈欄旁)","address_resolve_note":null,"geocode_ok":true,"geocode_provider":"google","geocode_tier":"street","geocode_query":"臺北市士林區社子街87號對面(公佈欄旁)"}},{"type":"Feature","geometry":{"type":"Point","coordinates":[121.511084,25.0545069]},"properties":{"site_name":"台北市自閉症家長協會","tel":"(02)25953937","address":"民樂街31號對面","full_address":"臺北市大同區民樂街31號對面","resolved_county":"臺北市","resolved_district":"大同區","service_type":"回收","item":"舊衣類","taipei_oldcloth_approval_no":"1","taipei_oldcloth_remark":"","data_source":"臺北市舊衣回收核准名冊(CSV)","geocode_ok":true,"geocode_provider":"google","geocode_tier":"cache","geocode_query":"臺北市大同區民樂街31號對面"}},{"type":"Feature","geometry":{"type":"Point","coordinates":[121.5472232,25.0350092]},"properties":{"site_name":"台北市自閉症家長協會","tel":"(02)25953937","address":"四維路52巷10號旁","full_address":"臺北市大安區四維路52巷10號旁","resolved_county":"臺北市","resolved_district":"大安區","service_type":"回收","item":"舊衣類","taipei_oldcloth_approval_no":"2","taipei_oldcloth_remark":"","data_source":"臺北市舊衣回收核准名冊(CSV)","geocode_ok":true,"geocode_provider":"google","geocode_tier":"cache","geocode_query":"臺北市大安區四維路52巷10號旁"}},{"type":"Feature","geometry":{"type":"Point","coordinates":[121.5398306,25.0575733]},"properties":{"site_name":"財團法人伊甸社會福利基金會附設臺北市私立八德服務中心","tel":"(02)25953937","address":"興安街與民生東路3段130巷口（公佈欄旁）","full_address":"臺北市松山區興安街與民生東路3段130巷口（公佈欄旁）","resolved_county":"臺北市","resolved_district":"松山區","service_type":"回收","item":"舊衣類","taipei_oldcloth_approval_no":"398","taipei_oldcloth_remark":"","data_source":"臺北市舊衣回收核准名冊(CSV)","geocode_ok":true,"geocode_provider":"google","geocode_tier":"cache","geocode_query":"臺北市松山區興安街與民生東路3段130巷口（公佈欄旁）"}},{"type":"Feature","geometry":{"type":"Point","coordinates":[121.5137563,25.0251446]},"properties":{"site_name":"台北市自閉症家長協會","tel":"(02)25953937","address":"泉州街127號","full_address":"臺北市中正區泉州街127號","resolved_county":"臺北市","resolved_district":"中正區","service_type":"回收","item":"舊衣類","taipei_oldcloth_approval_no":"4","taipei_oldcloth_remark":"","data_source":"臺北市舊衣回收核准名冊(CSV)","geocode_ok":true,"geocode_provider":"google","geocode_tier":"cache","geocode_query":"臺北市中正區泉州街127號"}},{"type":"Feature","geometry":{"type":"Point","coordinates":[121.5229526,25.0272395]},"properties":{"site_name":"臺北市恩寶身心障礙者關懷協會","tel":"(02)25953937","address":"和平東路1段與龍泉街口（燈桿旁）","full_address":"臺北市大安區和平東路1段與龍泉街口（燈桿旁）","resolved_county":"臺北市","resolved_district":"大安區","service_type":"回收","item":"舊衣類","taipei_oldcloth_approval_no":"1328","taipei_oldcloth_remark":"","data_source":"臺北市舊衣回收核准名冊(CSV)","geocode_ok":true,"geocode_provider":"google","geocode_tier":"cache","geocode_query":"臺北市大安區和平東路1段與龍泉街口（燈桿旁）"}},{"type":"Feature","geometry":{"type":"Point","coordinates":[121.5801977,25.0483743]},"properties":{"site_name":"台北市自閉症家長協會","tel":"(02)25953937","address":"中坡北路與松隆路旁（公園）人行道","full_address":"臺北市信義區中坡北路與松隆路旁（公園）人行道","resolved_county":"臺北市","resolved_district":"信義區","service_type":"回收","item":"舊衣類","taipei_oldcloth_approval_no":"6","taipei_oldcloth_remark":"","data_source":"臺北市舊衣回收核准名冊(CSV)","geocode_ok":true,"geocode_provider":"google","geocode_tier":"cache","geocode_query":"臺北市信義區中坡北路與松隆路旁（公園）人行道"}},{"type":"Feature","geometry":{"type":"Point","coordinates":[121.5172444,25.0303792]},"properties":{"site_name":"台北市自閉症家長協會","tel":"(02)25953937","address":"寧波西街60號前","full_address":"臺北市中正區寧波西街60號前","resolved_county":"臺北市","resolved_district":"中正區","service_type":"回收","item":"舊衣類","taipei_oldcloth_approval_no":"7","taipei_oldcloth_remark":"","data_source":"臺北市舊衣回收核准名冊(CSV)","geocode_ok":true,"geocode_provider":"google","geocode_tier":"cache","geocode_query":"臺北市中正區寧波西街60號前"}},{"type":"Feature","geometry":{"type":"Point","coordinates":[121.5450476,25.0255244]},"properties":{"site_name":"台北市自閉症家長協會","tel":"(02)25953937","address":"復興南路2段151巷30弄與171巷交叉口","full_address":"臺北市大安區復興南路2段151巷30弄與171巷交叉口","resolved_county":"臺北市","resolved_district":"大安區","service_type":"回收","item":"舊衣類","taipei_oldcloth_approval_no":"8","taipei_oldcloth_remark":"","data_source":"臺北市舊衣回收核准名冊(CSV)","geocode_ok":true,"geocode_provider":"google","geocode_tier":"cache","geocode_query":"臺北市大安區復興南路2段151巷30弄與171巷交叉口"}},{"type":"Feature","geometry":{"type":"Point","coordinates":[121.544465,25.0263957]},"properties":{"site_name":"台北市自閉症家長協會","tel":"(02)25953937","address":"復興南路2段193巷16弄口","full_address":"臺北市大安區復興南路2段193巷16弄口","resolved_county":"臺北市","resolved_district":"大安區","service_type":"回收","item":"舊衣類","taipei_oldcloth_approval_no":"9","taipei_oldcloth_remark":"","data_source":"臺北市舊衣回收核准名冊(CSV)","geocode_ok":true,"geocode_provider":"google","geocode_tier":"cache","geocode_query":"臺北市大安區復興南路2段193巷16弄口"}},{"type":"Feature","geometry":{"type":"Point","coordinates":[121.5437116,25.0561897]},"properties":{"site_name":"台北市自閉症家長協會","tel":"(02)25953937","address":"興安街103號前人行道","full_address":"臺北市中山區興安街103號前人行道","resolved_county":"臺北市","resolved_district":"中山區","service_type":"回收","item":"舊衣類","taipei_oldcloth_approval_no":"10","taipei_oldcloth_remark":"","data_source":"臺北市舊衣回收核准名冊(CSV)","geocode_ok":true,"geocode_provider":"google","geocode_tier":"cache","geocode_query":"臺北市中山區興安街103號前人行道"}},{"type":"Feature","geometry":{"type":"Point","coordinates":[121.5449014,25.0546207]},"properties":{"site_name":"台北市自閉症家長協會","tel":"(02)25953937","address":"長春路339巷口","full_address":"臺北市中山區長春路339巷口","resolved_county":"臺北市","resolved_district":"中山區","service_type":"回收","item":"舊衣類","taipei_oldcloth_approval_no":"11","taipei_oldcloth_remark":"","data_source":"臺北市舊衣回收核准名冊(CSV)","geocode_ok":true,"geocode_provider":"google","geocode_tier":"cache","geocode_query":"臺北市中山區長春路339巷口"}},{"type":"Feature","geometry":{"type":"Point","coordinates":[121.5374986,25.0581396]},"properties":{"site_name":"臺北市身障福利發展協會","tel":"(02)25953937","address":"民生東路3段與遼寧街口變電箱旁","full_address":"臺北市中山區民生東路3段與遼寧街口變電箱旁","resolved_county":"臺北市","resolved_district":"中山區","service_type":"回收","item":"舊衣類","taipei_oldcloth_approval_no":"1197","taipei_oldcloth_remark":"","data_source":"臺北市舊衣回收核准名冊(CSV)","geocode_ok":true,"geocode_provider":"google","geocode_tier":"cache","geocode_query":"臺北市中山區民生東路3段與遼寧街口變電箱旁"}},{"type":"Feature","geometry":{"type":"Point","coordinates":[121.5119985,25.0294049]},"properties":{"site_name":"台北市自閉症家長協會","tel":"(02)25953937","address":"和平西路2段55號旁（建國中學圍牆邊）","full_address":"臺北市中正區和平西路2段55號旁（建國中學圍牆邊）","resolved_county":"臺北市","resolved_district":"中正區","service_type":"回收","item":"舊衣類","taipei_oldcloth_approval_no":"13","taipei_oldcloth_remark":"","data_source":"臺北市舊衣回收核准名冊(CSV)","geocode_ok":true,"geocode_provider":"google","geocode_tier":"cache","geocode_query":"臺北市中正區和平西路2段55號旁（建國中學圍牆邊）"}},{"type":"Feature","geometry":{"type":"Point","coordinates":[121.5023722,25.1382694]},"properties":{"site_name":"台北市自閉症家長協會","tel":"(02)25953937","address":"中和街47號對面","full_address":"臺北市北投區中和街47號對面","resolved_county":"臺北市","resolved_district":"北投區","service_type":"回收","item":"舊衣類","taipei_oldcloth_approval_no":"14","taipei_oldcloth_remark":"","data_source":"臺北市舊衣回收核准名冊(CSV)","geocode_ok":true,"geocode_provider":"google","geocode_tier":"cache","geocode_query":"臺北市北投區中和街47號對面"}},{"type":"Feature","geometry":{"type":"Point","coordinates":[121.5543882,25.0352905]},"properties":{"site_name":"台北市自閉症家長協會","tel":"(02)25953937","address":"仁愛路4段300巷35弄2號對面","full_address":"臺北市大安區仁愛路4段300巷35弄2號對面","resolved_county":"臺北市","resolved_district":"大安區","service_type":"回收","item":"舊衣類","taipei_oldcloth_approval_no":"15","taipei_oldcloth_remark":"","data_source":"臺北市舊衣回收核准名冊(CSV)","geocode_ok":true,"geocode_provider":"google","geocode_tier":"cache","geocode_query":"臺北市大安區仁愛路4段300巷35弄2號對面"}},{"type":"Feature","geometry":{"type":"Point","coordinates":[121.5471487,25.0355533]},"properties":{"site_name":"台北市自閉症家長協會","tel":"(02)25953937","address":"大安路1段193-2號旁與四維路44巷口","full_address":"臺北市大安區大安路1段193-2號旁與四維路44巷口","resolved_county":"臺北市","resolved_district":"大安區","service_type":"回收","item":"舊衣類","taipei_oldcloth_approval_no":"16","taipei_oldcloth_remark":"","data_source":"臺北市舊衣回收核准名冊(CSV)","geocode_ok":true,"geocode_provider":"google","geocode_tier":"cache","geocode_query":"臺北市大安區大安路1段193-2號旁與四維路44巷口"}},{"type":"Feature","geometry":{"type":"Point","coordinates":[121.5763983,25.0336794]},"properties":{"site_name":"台北市自閉症家長協會","tel":"(02)25953937","address":"信義路6段76巷2弄47號對面","full_address":"臺北市信義區信義路6段76巷2弄47號對面","resolved_county":"臺北市","resolved_district":"信義區","service_type":"回收","item":"舊衣類","taipei_oldcloth_approval_no":"17","taipei_oldcloth_remark":"","data_source":"臺北市舊衣回收核准名冊(CSV)","geocode_ok":true,"geocode_provider":"google","geocode_tier":"cache","geocode_query":"臺北市信義區信義路6段76巷2弄47號對面"}},{"type":"Feature","geometry":{"type":"Point","coordinates":[121.5679242,25.0598649]},"properties":{"site_name":"台北市自閉症家長協會","tel":"(02)25953937","address":"撫遠街與新東街30巷口","full_address":"臺北市松山區撫遠街與新東街30巷口","resolved_county":"臺北市","resolved_district":"松山區","service_type":"回收","item":"舊衣類","taipei_oldcloth_approval_no":"18","taipei_oldcloth_remark":"","data_source":"臺北市舊衣回收核准名冊(CSV)","geocode_ok":true,"geocode_provider":"google","geocode_tier":"cache","geocode_query":"臺北市松山區撫遠街與新東街30巷口"}},{"type":"Feature","geometry":{"type":"Point","coordinates":[121.5192071,25.0626318]},"properties":{"site_name":"台北市自閉症家長協會","tel":"(02)25953937","address":"和平西路1段150號","full_address":"臺北市中正區和平西路1段150號","resolved_county":"臺北市","resolved_district":"中正區","service_type":"回收","item":"舊衣類","taipei_oldcloth_approval_no":"605","taipei_oldcloth_remark":"","data_source":"臺北市舊衣回收核准名冊(CSV)","geocode_ok":true,"geocode_provider":"google","geocode_tier":"cache","geocode_query":"臺北市中正區和平西路1段150號"}},{"type":"Feature","geometry":{"type":"Point","coordinates":[121.5383152,24.9943747]},"properties":{"site_name":"台北市自閉症家長協會","tel":"(02)25953937","address":"景福街223巷口(學校圍牆邊)","full_address":"臺北市文山區景福街223巷口(學校圍牆邊)","resolved_county":"臺北市","resolved_district":"文山區","service_type":"回收","item":"舊衣類","taipei_oldcloth_approval_no":"20","taipei_oldcloth_remark":"","data_source":"臺北市舊衣回收核准名冊(CSV)","geocode_ok":true,"geocode_provider":"google","geocode_tier":"cache","geocode_query":"臺北市文山區景福街223巷口(學校圍牆邊)"}},{"type":"Feature","geometry":{"type":"Point","coordinates":[121.5451638,25.0532068]},"properties":{"site_name":"台北市自閉症家長協會","tel":"(02)25953937","address":"慶城街16號與南京東路3段303巷7弄對面(公園)","full_address":"臺北市松山區慶城街16號與南京東路3段303巷7弄對面(公園)","resolved_county":"臺北市","resolved_district":"松山區","service_type":"回收","item":"舊衣類","taipei_oldcloth_approval_no":"21","taipei_oldcloth_remark":"","data_source":"臺北市舊衣回收核准名冊(CSV)","geocode_ok":true,"geocode_provider":"google","geocode_tier":"cache","geocode_query":"臺北市松山區慶城街16號與南京東路3段303巷7弄對面(公園)"}},{"type":"Feature","geometry":{"type":"Point","coordinates":[121.5652968,25.0406521]},"properties":{"site_name":"社團法人台北生命勵樂活輔健會","tel":"(02)25953937","address":"忠孝東路5段236巷37弄對面公園變電箱邊人行道","full_address":"臺北市信義區忠孝東路5段236巷37弄對面公園變電箱邊人行道","resolved_county":"臺北市","resolved_district":"信義區","service_type":"回收","item":"舊衣類","taipei_oldcloth_approval_no":"1136","taipei_oldcloth_remark":"","data_source":"臺北市舊衣回收核准名冊(CSV)","geocode_ok":true,"geocode_provider":"google","geocode_tier":"cache","geocode_query":"臺北市信義區忠孝東路5段236巷37弄對面公園變電箱邊人行道"}},{"type":"Feature","geometry":{"type":"Point","coordinates":[121.4427991,24.9747451]},"properties":{"site_name":"臺北市身心障礙者創業輔導發展協會","tel":"(02)25953937","address":"和平東路3段391巷56號斜對面(花圃旁)","full_address":"臺北市信義區和平東路3段391巷56號斜對面(花圃旁)","resolved_county":"臺北市","resolved_district":"信義區","service_type":"回收","item":"舊衣類","taipei_oldcloth_approval_no":"1098","taipei_oldcloth_remark":"","data_source":"臺北市舊衣回收核准名冊(CSV)","geocode_ok":true,"geocode_provider":"google","geocode_tier":"cache","geocode_query":"臺北市信義區和平東路3段391巷56號斜對面(花圃旁)"}},{"type":"Feature","geometry":{"type":"Point","coordinates":[121.5870737,25.0767429]},"properties":{"site_name":"台北市自閉症家長協會","tel":"(02)25953937","address":"陽光街68巷口(陽光公園旁)","full_address":"臺北市內湖區陽光街68巷口(陽光公園旁)","resolved_county":"臺北市","resolved_district":"內湖區","service_type":"回收","item":"舊衣類","taipei_oldcloth_approval_no":"24","taipei_oldcloth_remark":"","data_source":"臺北市舊衣回收核准名冊(CSV)","geocode_ok":true,"geocode_provider":"google","geocode_tier":"cache","geocode_query":"臺北市內湖區陽光街68巷口(陽光公園旁)"}},{"type":"Feature","geometry":{"type":"Point","coordinates":[121.5249224,25.0270958]},"properties":{"site_name":"台北市身心障礙者自立更生創業協會","tel":"(02)25953937","address":"和平東路3段308巷15弄與31弄公園","full_address":"臺北市大安區和平東路3段308巷15弄與31弄公園","resolved_county":"臺北市","resolved_district":"大安區","service_type":"回收","item":"舊衣類","taipei_oldcloth_approval_no":"1044","taipei_oldcloth_remark":"","data_source":"臺北市舊衣回收核准名冊(CSV)","geocode_ok":true,"geocode_provider":"google","geocode_tier":"cache","geocode_query":"臺北市大安區和平東路3段308巷15弄與31弄公園"}},{"type":"Feature","geometry":{"type":"Point","coordinates":[121.5777303,25.047327]},"properties":{"site_name":"台北市自閉症家長協會","tel":"(02)25953937","address":"松山路與虎林街55巷（銀行邊）人行道","full_address":"臺北市信義區松山路與虎林街55巷（銀行邊）人行道","resolved_county":"臺北市","resolved_district":"信義區","service_type":"回收","item":"舊衣類","taipei_oldcloth_approval_no":"26","taipei_oldcloth_remark":"","data_source":"臺北市舊衣回收核准名冊(CSV)","geocode_ok":true,"geocode_provider":"google","geocode_tier":"cache","geocode_query":"臺北市信義區松山路與虎林街55巷（銀行邊）人行道"}},{"type":"Feature","geometry":{"type":"Point","coordinates":[121.5274054,25.0673416]},"properties":{"site_name":"台北市自閉症家長協會","tel":"(02)25953937","address":"新生北路3段82之5號前","full_address":"臺北市中山區新生北路3段82之5號前","resolved_county":"臺北市","resolved_district":"中山區","service_type":"回收","item":"舊衣類","taipei_oldcloth_approval_no":"27","taipei_oldcloth_remark":"","data_source":"臺北市舊衣回收核准名冊(CSV)","geocode_ok":true,"geocode_provider":"google","geocode_tier":"cache","geocode_query":"臺北市中山區新生北路3段82之5號前"}},{"type":"Feature","geometry":{"type":"Point","coordinates":[121.5428546,25.023273]},"properties":{"site_name":"台北市自閉症家長協會","tel":"(02)25953937","address":"和平東路2段118巷(公園)","full_address":"臺北市大安區和平東路2段118巷(公園)","resolved_county":"臺北市","resolved_district":"大安區","service_type":"回收","item":"舊衣類","taipei_oldcloth_approval_no":"28","taipei_oldcloth_remark":"","data_source":"臺北市舊衣回收核准名冊(CSV)","geocode_ok":true,"geocode_provider":"google","geocode_tier":"cache","geocode_query":"臺北市大安區和平東路2段118巷(公園)"}},{"type":"Feature","geometry":{"type":"Point","coordinates":[121.5404734,25.0533901]},"properties":{"site_name":"台北市自閉症家長協會","tel":"(02)25953937","address":"遼寧街128巷與龍江路交叉口","full_address":"臺北市中山區遼寧街128巷與龍江路交叉口","resolved_county":"臺北市","resolved_district":"中山區","service_type":"回收","item":"舊衣類","taipei_oldcloth_approval_no":"29","taipei_oldcloth_remark":"","data_source":"臺北市舊衣回收核准名冊(CSV)","geocode_ok":true,"geocode_provider":"google","geocode_tier":"cache","geocode_query":"臺北市中山區遼寧街128巷與龍江路交叉口"}},{"type":"Feature","geometry":{"type":"Point","coordinates":[121.5313094,25.0223675]},"properties":{"site_name":"台北市自閉症家長協會","tel":"(02)25953937","address":"泰順街57巷口斜對面圍牆旁","full_address":"臺北市大安區泰順街57巷口斜對面圍牆旁","resolved_county":"臺北市","resolved_district":"大安區","service_type":"回收","item":"舊衣類","taipei_oldcloth_approval_no":"30","taipei_oldcloth_remark":"","data_source":"臺北市舊衣回收核准名冊(CSV)","geocode_ok":true,"geocode_provider":"google","geocode_tier":"cache","geocode_query":"臺北市大安區泰順街57巷口斜對面圍牆旁"}},{"type":"Feature","geometry":{"type":"Point","coordinates":[121.5315593,25.0258135]},"properties":{"site_name":"台北市自閉症家長協會","tel":"(02)25953937","address":"泰順街與溫州街12巷口","full_address":"臺北市大安區泰順街與溫州街12巷口","resolved_county":"臺北市","resolved_district":"大安區","service_type":"回收","item":"舊衣類","taipei_oldcloth_approval_no":"31","taipei_oldcloth_remark":"","data_source":"臺北市舊衣回收核准名冊(CSV)","geocode_ok":true,"geocode_provider":"google","geocode_tier":"cache","geocode_query":"臺北市大安區泰順街與溫州街12巷口"}},{"type":"Feature","geometry":{"type":"Point","coordinates":[121.5393861,25.0304304]},"properties":{"site_name":"台北市自閉症家長協會","tel":"(02)25953937","address":"瑞安街208巷70弄口","full_address":"臺北市大安區瑞安街208巷70弄口","resolved_county":"臺北市","resolved_district":"大安區","service_type":"回收","item":"舊衣類","taipei_oldcloth_approval_no":"32","taipei_oldcloth_remark":"","data_source":"臺北市舊衣回收核准名冊(CSV)","geocode_ok":true,"geocode_provider":"google","geocode_tier":"cache","geocode_query":"臺北市大安區瑞安街208巷70弄口"}},{"type":"Feature","geometry":{"type":"Point","coordinates":[121.5427887,24.9899562]},"properties":{"site_name":"台北市自閉症家長協會","tel":"(02)25953937","address":"景後街149巷與景興路交叉口","full_address":"臺北市文山區景後街149巷與景興路交叉口","resolved_county":"臺北市","resolved_district":"文山區","service_type":"回收","item":"舊衣類","taipei_oldcloth_approval_no":"33","taipei_oldcloth_remark":"","data_source":"臺北市舊衣回收核准名冊(CSV)","geocode_ok":true,"geocode_provider":"google","geocode_tier":"cache","geocode_query":"臺北市文山區景後街149巷與景興路交叉口"}},{"type":"Feature","geometry":{"type":"Point","coordinates":[121.5414455,24.9920933]},"properties":{"site_name":"台北市自閉症家長協會","tel":"(02)25953937","address":"景文街41號對面","full_address":"臺北市文山區景文街41號對面","resolved_county":"臺北市","resolved_district":"文山區","service_type":"回收","item":"舊衣類","taipei_oldcloth_approval_no":"34","taipei_oldcloth_remark":"","data_source":"臺北市舊衣回收核准名冊(CSV)","geocode_ok":true,"geocode_provider":"google","geocode_tier":"cache","geocode_query":"臺北市文山區景文街41號對面"}},{"type":"Feature","geometry":{"type":"Point","coordinates":[121.5307838,25.1250467]},"properties":{"site_name":"臺北市視障樂活福利促進會","tel":"(02)25993105","address":"中山北路7段181巷22弄2號正對面","full_address":"臺北市士林區中山北路7段181巷22弄2號正對面","resolved_county":"臺北市","resolved_district":"士林區","service_type":"回收","item":"舊衣類","taipei_oldcloth_approval_no":"41","taipei_oldcloth_remark":"","data_source":"臺北市舊衣回收核准名冊(CSV)","geocode_ok":true,"geocode_provider":"google","geocode_tier":"cache","geocode_query":"臺北市士林區中山北路7段181巷22弄2號正對面"}},{"type":"Feature","geometry":{"type":"Point","coordinates":[121.5327988,25.127838]},"properties":{"site_name":"臺北市視障樂活福利促進會","tel":"(02)25993105","address":"中山北路7段227巷8號斜對面","full_address":"臺北市士林區中山北路7段227巷8號斜對面","resolved_county":"臺北市","resolved_district":"士林區","service_type":"回收","item":"舊衣類","taipei_oldcloth_approval_no":"42","taipei_oldcloth_remark":"","data_source":"臺北市舊衣回收核准名冊(CSV)","geocode_ok":true,"geocode_provider":"google","geocode_tier":"cache","geocode_query":"臺北市士林區中山北路7段227巷8號斜對面"}},{"type":"Feature","geometry":{"type":"Point","coordinates":[121.5318244,25.1057208]},"properties":{"site_name":"臺北市視障樂活福利促進會","tel":"(02)25993105","address":"忠義街71巷口電信箱旁","full_address":"臺北市士林區忠義街71巷口電信箱旁","resolved_county":"臺北市","resolved_district":"士林區","service_type":"回收","item":"舊衣類","taipei_oldcloth_approval_no":"43","taipei_oldcloth_remark":"","data_source":"臺北市舊衣回收核准名冊(CSV)","geocode_ok":true,"geocode_provider":"google","geocode_tier":"cache","geocode_query":"臺北市士林區忠義街71巷口電信箱旁"}},{"type":"Feature","geometry":{"type":"Point","coordinates":[121.5241416,25.1099878]},"properties":{"site_name":"臺北市視障樂活福利促進會","tel":"(02)25993105","address":"中山北路6段277巷18弄2號右邊電桿旁","full_address":"臺北市士林區中山北路6段277巷18弄2號右邊電桿旁","resolved_county":"臺北市","resolved_district":"士林區","service_type":"回收","item":"舊衣類","taipei_oldcloth_approval_no":"44","taipei_oldcloth_remark":"","data_source":"臺北市舊衣回收核准名冊(CSV)","geocode_ok":true,"geocode_provider":"google","geocode_tier":"cache","geocode_query":"臺北市士林區中山北路6段277巷18弄2號右邊電桿旁"}},{"type":"Feature","geometry":{"type":"Point","coordinates":[121.5532941,25.0275589]},"properties":{"site_name":"臺北市視障樂活福利促進會","tel":"(02)25993105","address":"通化街178號電箱旁","full_address":"臺北市大安區通化街178號電箱旁","resolved_county":"臺北市","resolved_district":"大安區","service_type":"回收","item":"舊衣類","taipei_oldcloth_approval_no":"45","taipei_oldcloth_remark":"","data_source":"臺北市舊衣回收核准名冊(CSV)","geocode_ok":true,"geocode_provider":"google","geocode_tier":"cache","geocode_query":"臺北市大安區通化街178號電箱旁"}},{"type":"Feature","geometry":{"type":"Point","coordinates":[121.5496267,25.017555]},"properties":{"site_name":"臺北市視障樂活福利促進會","tel":"(02)25993105","address":"辛亥路3段157巷14號對面大樹旁","full_address":"臺北市大安區辛亥路3段157巷14號對面大樹旁","resolved_county":"臺北市","resolved_district":"大安區","service_type":"回收","item":"舊衣類","taipei_oldcloth_approval_no":"46","taipei_oldcloth_remark":"","data_source":"臺北市舊衣回收核准名冊(CSV)","geocode_ok":true,"geocode_provider":"google","geocode_tier":"cache","geocode_query":"臺北市大安區辛亥路3段157巷14號對面大樹旁"}},{"type":"Feature","geometry":{"type":"Point","coordinates":[121.5418001,25.0329415]},"properties":{"site_name":"臺北市視障樂活福利促進會","tel":"(02)25993105","address":"信義路3段166巷3號對面變電箱旁","full_address":"臺北市大安區信義路3段166巷3號對面變電箱旁","resolved_county":"臺北市","resolved_district":"大安區","service_type":"回收","item":"舊衣類","taipei_oldcloth_approval_no":"47","taipei_oldcloth_remark":"","data_source":"臺北市舊衣回收核准名冊(CSV)","geocode_ok":true,"geocode_provider":"google","geocode_tier":"cache","geocode_query":"臺北市大安區信義路3段166巷3號對面變電箱旁"}},{"type":"Feature","geometry":{"type":"Point","coordinates":[121.5395204,25.0320133]},"properties":{"site_name":"臺北市視障樂活福利促進會","tel":"(02)25993105","address":"建國南路2段25巷口","full_address":"臺北市大安區建國南路2段25巷口","resolved_county":"臺北市","resolved_district":"大安區","service_type":"回收","item":"舊衣類","taipei_oldcloth_approval_no":"48","taipei_oldcloth_remark":"","data_source":"臺北市舊衣回收核准名冊(CSV)","geocode_ok":true,"geocode_provider":"google","geocode_tier":"cache","geocode_query":"臺北市大安區建國南路2段25巷口"}},{"type":"Feature","geometry":{"type":"Point","coordinates":[121.5419897,25.0305051]},"properties":{"site_name":"臺北市視障樂活福利促進會","tel":"(02)25993105","address":"復興南路2段78巷42弄5號對面電箱旁","full_address":"臺北市大安區復興南路2段78巷42弄5號對面電箱旁","resolved_county":"臺北市","resolved_district":"大安區","service_type":"回收","item":"舊衣類","taipei_oldcloth_approval_no":"49","taipei_oldcloth_remark":"","data_source":"臺北市舊衣回收核准名冊(CSV)","geocode_ok":true,"geocode_provider":"google","geocode_tier":"cache","geocode_query":"臺北市大安區復興南路2段78巷42弄5號對面電箱旁"}},{"type":"Feature","geometry":{"type":"Point","coordinates":[121.542933,25.0299531]},"properties":{"site_name":"臺北市視障樂活福利促進會","tel":"(02)25993105","address":"瑞安街100號斜對面","full_address":"臺北市大安區瑞安街100號斜對面","resolved_county":"臺北市","resolved_district":"大安區","service_type":"回收","item":"舊衣類","taipei_oldcloth_approval_no":"50","taipei_oldcloth_remark":"","data_source":"臺北市舊衣回收核准名冊(CSV)","geocode_ok":true,"geocode_provider":"google","geocode_tier":"cache","geocode_query":"臺北市大安區瑞安街100號斜對面"}},{"type":"Feature","geometry":{"type":"Point","coordinates":[121.5405795,25.0283994]},"properties":{"site_name":"臺北市視障樂活福利促進會","tel":"(02)25993105","address":"瑞安街208巷3號前","full_address":"臺北市大安區瑞安街208巷3號前","resolved_county":"臺北市","resolved_district":"大安區","service_type":"回收","item":"舊衣類","taipei_oldcloth_approval_no":"51","taipei_oldcloth_remark":"","data_source":"臺北市舊衣回收核准名冊(CSV)","geocode_ok":true,"geocode_provider":"google","geocode_tier":"cache","geocode_query":"臺北市大安區瑞安街208巷3號前"}},{"type":"Feature","geometry":{"type":"Point","coordinates":[121.5471285,25.0817876]},"properties":{"site_name":"臺北市視障樂活福利促進會","tel":"(02)25993105","address":"大直街21巷9號旁","full_address":"臺北市中山區大直街21巷9號旁","resolved_county":"臺北市","resolved_district":"中山區","service_type":"回收","item":"舊衣類","taipei_oldcloth_approval_no":"52","taipei_oldcloth_remark":"","data_source":"臺北市舊衣回收核准名冊(CSV)","geocode_ok":true,"geocode_provider":"google","geocode_tier":"cache","geocode_query":"臺北市中山區大直街21巷9號旁"}},{"type":"Feature","geometry":{"type":"Point","coordinates":[121.5466837,25.0842184]},"properties":{"site_name":"臺北市視障樂活福利促進會","tel":"(02)25993105","address":"大直街84巷口","full_address":"臺北市中山區大直街84巷口","resolved_county":"臺北市","resolved_district":"中山區","service_type":"回收","item":"舊衣類","taipei_oldcloth_approval_no":"53","taipei_oldcloth_remark":"","data_source":"臺北市舊衣回收核准名冊(CSV)","geocode_ok":true,"geocode_provider":"google","geocode_tier":"cache","geocode_query":"臺北市中山區大直街84巷口"}},{"type":"Feature","geometry":{"type":"Point","coordinates":[121.5542549,25.085843]},"properties":{"site_name":"臺北市視障樂活福利促進會","tel":"(02)25993105","address":"北安路805巷2號前","full_address":"臺北市中山區北安路805巷2號前","resolved_county":"臺北市","resolved_district":"中山區","service_type":"回收","item":"舊衣類","taipei_oldcloth_approval_no":"54","taipei_oldcloth_remark":"","data_source":"臺北市舊衣回收核准名冊(CSV)","geocode_ok":true,"geocode_provider":"google","geocode_tier":"cache","geocode_query":"臺北市中山區北安路805巷2號前"}},{"type":"Feature","geometry":{"type":"Point","coordinates":[121.6114708,25.0755394]},"properties":{"site_name":"臺北市視障樂活福利促進會","tel":"(02)25993105","address":"康寧路3段189巷163弄19號對面公園欄竿旁","full_address":"臺北市內湖區康寧路3段189巷163弄19號對面公園欄竿旁","resolved_county":"臺北市","resolved_district":"內湖區","service_type":"回收","item":"舊衣類","taipei_oldcloth_approval_no":"55","taipei_oldcloth_remark":"","data_source":"臺北市舊衣回收核准名冊(CSV)","geocode_ok":true,"geocode_provider":"google","geocode_tier":"cache","geocode_query":"臺北市內湖區康寧路3段189巷163弄19號對面公園欄竿旁"}},{"type":"Feature","geometry":{"type":"Point","coordinates":[121.5880751,25.0820831]},"properties":{"site_name":"臺北市視障樂活福利促進會","tel":"(02)25993105","address":"內湖路2段179巷3弄旁公園電箱旁","full_address":"臺北市內湖區內湖路2段179巷3弄旁公園電箱旁","resolved_county":"臺北市","resolved_district":"內湖區","service_type":"回收","item":"舊衣類","taipei_oldcloth_approval_no":"56","taipei_oldcloth_remark":"","data_source":"臺北市舊衣回收核准名冊(CSV)","geocode_ok":true,"geocode_provider":"google","geocode_tier":"cache","geocode_query":"臺北市內湖區內湖路2段179巷3弄旁公園電箱旁"}},{"type":"Feature","geometry":{"type":"Point","coordinates":[121.5600311,25.028477]},"properties":{"site_name":"臺北市視障樂活福利促進會","tel":"(02)25993105","address":"吳興街156巷22弄25號左邊公園變電箱旁人行道","full_address":"臺北市信義區吳興街156巷22弄25號左邊公園變電箱旁人行道","resolved_county":"臺北市","resolved_district":"信義區","service_type":"回收","item":"舊衣類","taipei_oldcloth_approval_no":"551","taipei_oldcloth_remark":"","data_source":"臺北市舊衣回收核准名冊(CSV)","geocode_ok":true,"geocode_provider":"google","geocode_tier":"cache","geocode_query":"臺北市信義區吳興街156巷22弄25號左邊公園變電箱旁人行道"}},{"type":"Feature","geometry":{"type":"Point","coordinates":[121.561356,25.029337]},"properties":{"site_name":"臺北市視障樂活福利促進會","tel":"(02)25993105","address":"吳興街156巷2弄12號對面人行道","full_address":"臺北市信義區吳興街156巷2弄12號對面人行道","resolved_county":"臺北市","resolved_district":"信義區","service_type":"回收","item":"舊衣類","taipei_oldcloth_approval_no":"58","taipei_oldcloth_remark":"","data_source":"臺北市舊衣回收核准名冊(CSV)","geocode_ok":true,"geocode_provider":"google","geocode_tier":"cache","geocode_query":"臺北市信義區吳興街156巷2弄12號對面人行道"}},{"type":"Feature","geometry":{"type":"Point","coordinates":[121.6164093,25.0525086]},"properties":{"site_name":"臺北市私立育成裕民發展中心","tel":"(02)25993105","address":"力行橋頭南側空地對面(研究院路1段101巷8號對面)","full_address":"臺北市南港區力行橋頭南側空地對面(研究院路1段101巷8號對面)","resolved_county":"臺北市","resolved_district":"南港區","service_type":"回收","item":"舊衣類","taipei_oldcloth_approval_no":"646","taipei_oldcloth_remark":"","data_source":"臺北市舊衣回收核准名冊(CSV)","geocode_ok":true,"geocode_provider":"google","geocode_tier":"cache","geocode_query":"臺北市南港區力行橋頭南側空地對面(研究院路1段101巷8號對面)"}},{"type":"Feature","geometry":{"type":"Point","coordinates":[121.5683524,24.9843808]},"properties":{"site_name":"臺北市視障樂活福利促進會","tel":"(02)25993105","address":"保儀路109巷跟木新路2段218巷靠近學校圍牆的交叉路口","full_address":"臺北市文山區保儀路109巷跟木新路2段218巷靠近學校圍牆的交叉路口","resolved_county":"臺北市","resolved_district":"文山區","service_type":"回收","item":"舊衣類","taipei_oldcloth_approval_no":"60","taipei_oldcloth_remark":"","data_source":"臺北市舊衣回收核准名冊(CSV)","geocode_ok":true,"geocode_provider":"google","geocode_tier":"cache","geocode_query":"臺北市文山區保儀路109巷跟木新路2段218巷靠近學校圍牆的交叉路口"}},{"type":"Feature","geometry":{"type":"Point","coordinates":[121.5462414,24.9950204]},"properties":{"site_name":"臺北市視障樂活福利促進會","tel":"(02)25993105","address":"景華街104巷6號右邊變電箱旁","full_address":"臺北市文山區景華街104巷6號右邊變電箱旁","resolved_county":"臺北市","resolved_district":"文山區","service_type":"回收","item":"舊衣類","taipei_oldcloth_approval_no":"61","taipei_oldcloth_remark":"","data_source":"臺北市舊衣回收核准名冊(CSV)","geocode_ok":true,"geocode_provider":"google","geocode_tier":"cache","geocode_query":"臺北市文山區景華街104巷6號右邊變電箱旁"}},{"type":"Feature","geometry":{"type":"Point","coordinates":[121.5454443,24.9941803]},"properties":{"site_name":"臺北市視障樂活福利促進會","tel":"(02)25993105","address":"景華街82巷11號對面變電箱旁","full_address":"臺北市文山區景華街82巷11號對面變電箱旁","resolved_county":"臺北市","resolved_district":"文山區","service_type":"回收","item":"舊衣類","taipei_oldcloth_approval_no":"62","taipei_oldcloth_remark":"","data_source":"臺北市舊衣回收核准名冊(CSV)","geocode_ok":true,"geocode_provider":"google","geocode_tier":"cache","geocode_query":"臺北市文山區景華街82巷11號對面變電箱旁"}},{"type":"Feature","geometry":{"type":"Point","coordinates":[121.5450523,24.9933609]},"properties":{"site_name":"臺北市視障樂活福利促進會","tel":"(02)25993105","address":"景興路153巷12-3號旁","full_address":"臺北市文山區景興路153巷12-3號旁","resolved_county":"臺北市","resolved_district":"文山區","service_type":"回收","item":"舊衣類","taipei_oldcloth_approval_no":"63","taipei_oldcloth_remark":"","data_source":"臺北市舊衣回收核准名冊(CSV)","geocode_ok":true,"geocode_provider":"google","geocode_tier":"cache","geocode_query":"臺北市文山區景興路153巷12-3號旁"}},{"type":"Feature","geometry":{"type":"Point","coordinates":[121.5371406,24.9900494]},"properties":{"site_name":"臺北市視障樂活福利促進會","tel":"(02)25993105","address":"育英街31巷36弄21號左邊公佈欄旁","full_address":"臺北市文山區育英街31巷36弄21號左邊公佈欄旁","resolved_county":"臺北市","resolved_district":"文山區","service_type":"回收","item":"舊衣類","taipei_oldcloth_approval_no":"64","taipei_oldcloth_remark":"","data_source":"臺北市舊衣回收核准名冊(CSV)","geocode_ok":true,"geocode_provider":"google","geocode_tier":"cache","geocode_query":"臺北市文山區育英街31巷36弄21號左邊公佈欄旁"}},{"type":"Feature","geometry":{"type":"Point","coordinates":[121.5396536,24.9914974]},"properties":{"site_name":"臺北市視障樂活福利促進會","tel":"(02)25993105","address":"萬慶街13巷29號對面公布欄旁","full_address":"臺北市文山區萬慶街13巷29號對面公布欄旁","resolved_county":"臺北市","resolved_district":"文山區","service_type":"回收","item":"舊衣類","taipei_oldcloth_approval_no":"65","taipei_oldcloth_remark":"","data_source":"臺北市舊衣回收核准名冊(CSV)","geocode_ok":true,"geocode_provider":"google","geocode_tier":"cache","geocode_query":"臺北市文山區萬慶街13巷29號對面公布欄旁"}},{"type":"Feature","geometry":{"type":"Point","coordinates":[121.5430661,24.9939139]},"properties":{"site_name":"臺北市視障樂活福利促進會","tel":"(02)25993105","address":"景中街27號旁","full_address":"臺北市文山區景中街27號旁","resolved_county":"臺北市","resolved_district":"文山區","service_type":"回收","item":"舊衣類","taipei_oldcloth_approval_no":"66","taipei_oldcloth_remark":"","data_source":"臺北市舊衣回收核准名冊(CSV)","geocode_ok":true,"geocode_provider":"google","geocode_tier":"cache","geocode_query":"臺北市文山區景中街27號旁"}},{"type":"Feature","geometry":{"type":"Point","coordinates":[121.5423126,24.993127]},"properties":{"site_name":"臺北市視障樂活福利促進會","tel":"(02)25993105","address":"景美街5巷23號斜對面","full_address":"臺北市文山區景美街5巷23號斜對面","resolved_county":"臺北市","resolved_district":"文山區","service_type":"回收","item":"舊衣類","taipei_oldcloth_approval_no":"67","taipei_oldcloth_remark":"","data_source":"臺北市舊衣回收核准名冊(CSV)","geocode_ok":true,"geocode_provider":"google","geocode_tier":"cache","geocode_query":"臺北市文山區景美街5巷23號斜對面"}},{"type":"Feature","geometry":{"type":"Point","coordinates":[121.5374791,25.0062084]},"properties":{"site_name":"臺北市視障樂活福利促進會","tel":"(02)25993105","address":"汀州路4段105巷16弄3號對面","full_address":"臺北市文山區汀州路4段105巷16弄3號對面","resolved_county":"臺北市","resolved_district":"文山區","service_type":"回收","item":"舊衣類","taipei_oldcloth_approval_no":"68","taipei_oldcloth_remark":"","data_source":"臺北市舊衣回收核准名冊(CSV)","geocode_ok":true,"geocode_provider":"google","geocode_tier":"cache","geocode_query":"臺北市文山區汀州路4段105巷16弄3號對面"}},{"type":"Feature","geometry":{"type":"Point","coordinates":[121.5387966,25.0048697]},"properties":{"site_name":"臺北市視障樂活福利促進會","tel":"(02)25993105","address":"羅斯福路5段與公館街口電桿旁","full_address":"臺北市文山區羅斯福路5段與公館街口電桿旁","resolved_county":"臺北市","resolved_district":"文山區","service_type":"回收","item":"舊衣類","taipei_oldcloth_approval_no":"69","taipei_oldcloth_remark":"","data_source":"臺北市舊衣回收核准名冊(CSV)","geocode_ok":true,"geocode_provider":"google","geocode_tier":"cache","geocode_query":"臺北市文山區羅斯福路5段與公館街口電桿旁"}},{"type":"Feature","geometry":{"type":"Point","coordinates":[121.5414825,25.0009301]},"properties":{"site_name":"臺北市視障樂活福利促進會","tel":"(02)25993105","address":"景明街11巷6弄14號對面公園旁","full_address":"臺北市文山區景明街11巷6弄14號對面公園旁","resolved_county":"臺北市","resolved_district":"文山區","service_type":"回收","item":"舊衣類","taipei_oldcloth_approval_no":"70","taipei_oldcloth_remark":"","data_source":"臺北市舊衣回收核准名冊(CSV)","geocode_ok":true,"geocode_provider":"google","geocode_tier":"cache","geocode_query":"臺北市文山區景明街11巷6弄14號對面公園旁"}},{"type":"Feature","geometry":{"type":"Point","coordinates":[121.5407327,24.9987352]},"properties":{"site_name":"臺北市視障樂活福利促進會","tel":"(02)25993105","address":"羅斯福路6段39巷1號右邊電桿旁","full_address":"臺北市文山區羅斯福路6段39巷1號右邊電桿旁","resolved_county":"臺北市","resolved_district":"文山區","service_type":"回收","item":"舊衣類","taipei_oldcloth_approval_no":"71","taipei_oldcloth_remark":"","data_source":"臺北市舊衣回收核准名冊(CSV)","geocode_ok":true,"geocode_provider":"google","geocode_tier":"cache","geocode_query":"臺北市文山區羅斯福路6段39巷1號右邊電桿旁"}},{"type":"Feature","geometry":{"type":"Point","coordinates":[121.540071,25.0065939]},"properties":{"site_name":"臺北市視障樂活福利促進會","tel":"(02)25993105","address":"萬盛街62號對面","full_address":"臺北市文山區萬盛街62號對面","resolved_county":"臺北市","resolved_district":"文山區","service_type":"回收","item":"舊衣類","taipei_oldcloth_approval_no":"72","taipei_oldcloth_remark":"","data_source":"臺北市舊衣回收核准名冊(CSV)","geocode_ok":true,"geocode_provider":"google","geocode_tier":"cache","geocode_query":"臺北市文山區萬盛街62號對面"}},{"type":"Feature","geometry":{"type":"Point","coordinates":[121.5453155,24.9990133]},"properties":{"site_name":"臺北市視障樂活福利促進會","tel":"(02)25993105","address":"興隆路1段184巷4弄口公園路燈旁","full_address":"臺北市文山區興隆路1段184巷4弄口公園路燈旁","resolved_county":"臺北市","resolved_district":"文山區","service_type":"回收","item":"舊衣類","taipei_oldcloth_approval_no":"452","taipei_oldcloth_remark":"","data_source":"臺北市舊衣回收核准名冊(CSV)","geocode_ok":true,"geocode_provider":"google","geocode_tier":"cache","geocode_query":"臺北市文山區興隆路1段184巷4弄口公園路燈旁"}},{"type":"Feature","geometry":{"type":"Point","coordinates":[121.5756113,24.9902544]},"properties":{"site_name":"臺北市視障樂活福利促進會","tel":"(02)25993105","address":"秀明路2段112巷15號對面","full_address":"臺北市文山區秀明路2段112巷15號對面","resolved_county":"臺北市","resolved_district":"文山區","service_type":"回收","item":"舊衣類","taipei_oldcloth_approval_no":"74","taipei_oldcloth_remark":"","data_source":"臺北市舊衣回收核准名冊(CSV)","geocode_ok":true,"geocode_provider":"google","geocode_tier":"cache","geocode_query":"臺北市文山區秀明路2段112巷15號對面"}},{"type":"Feature","geometry":{"type":"Point","coordinates":[121.5666245,24.983049]},"properties":{"site_name":"臺北市視障樂活福利促進會","tel":"(02)25993105","address":"木新路2段255號(7-11木新門市)前面","full_address":"臺北市文山區木新路2段255號(7-11木新門市)前面","resolved_county":"臺北市","resolved_district":"文山區","service_type":"回收","item":"舊衣類","taipei_oldcloth_approval_no":"75","taipei_oldcloth_remark":"","data_source":"臺北市舊衣回收核准名冊(CSV)","geocode_ok":true,"geocode_provider":"google","geocode_tier":"cache","geocode_query":"臺北市文山區木新路2段255號(7-11木新門市)前面"}},{"type":"Feature","geometry":{"type":"Point","coordinates":[121.549065,24.9993913]},"properties":{"site_name":"臺北市視障樂活福利促進會","tel":"(02)25993105","address":"仙岩路45-1號旁邊","full_address":"臺北市文山區仙岩路45-1號旁邊","resolved_county":"臺北市","resolved_district":"文山區","service_type":"回收","item":"舊衣類","taipei_oldcloth_approval_no":"76","taipei_oldcloth_remark":"","data_source":"臺北市舊衣回收核准名冊(CSV)","geocode_ok":true,"geocode_provider":"google","geocode_tier":"cache","geocode_query":"臺北市文山區仙岩路45-1號旁邊"}},{"type":"Feature","geometry":{"type":"Point","coordinates":[121.5449046,25.0010971]},"properties":{"site_name":"臺北市視障樂活福利促進會","tel":"(02)25993105","address":"興順街78號對面右邊電信箱旁","full_address":"臺北市文山區興順街78號對面右邊電信箱旁","resolved_county":"臺北市","resolved_district":"文山區","service_type":"回收","item":"舊衣類","taipei_oldcloth_approval_no":"79","taipei_oldcloth_remark":"","data_source":"臺北市舊衣回收核准名冊(CSV)","geocode_ok":true,"geocode_provider":"google","geocode_tier":"cache","geocode_query":"臺北市文山區興順街78號對面右邊電信箱旁"}},{"type":"Feature","geometry":{"type":"Point","coordinates":[121.5662678,25.0011361]},"properties":{"site_name":"臺北市視障樂活福利促進會","tel":"(02)25993105","address":"萬美街1段與萬樂街口(萬芳13號公園)","full_address":"臺北市文山區萬美街1段與萬樂街口(萬芳13號公園)","resolved_county":"臺北市","resolved_district":"文山區","service_type":"回收","item":"舊衣類","taipei_oldcloth_approval_no":"746","taipei_oldcloth_remark":"","data_source":"臺北市舊衣回收核准名冊(CSV)","geocode_ok":true,"geocode_provider":"google","geocode_tier":"cache","geocode_query":"臺北市文山區萬美街1段與萬樂街口(萬芳13號公園)"}},{"type":"Feature","geometry":{"type":"Point","coordinates":[121.5269184,25.0436513]},"properties":{"site_name":"財團法人台北市樹仁社會福利基金會","tel":"(02)27299347","address":"杭州南路1段143巷11之5號旁","full_address":"臺北市中正區杭州南路1段143巷11之5號旁","resolved_county":"臺北市","resolved_district":"中正區","service_type":"回收","item":"舊衣類","taipei_oldcloth_approval_no":"1323","taipei_oldcloth_remark":"","data_source":"臺北市舊衣回收核准名冊(CSV)","geocode_ok":true,"geocode_provider":"google","geocode_tier":"cache","geocode_query":"臺北市中正區杭州南路1段143巷11之5號旁"}},{"type":"Feature","geometry":{"type":"Point","coordinates":[121.5268319,25.0408687]},"properties":{"site_name":"社團法人台北生命勵樂活輔健會","tel":"(02)27299347","address":"濟南路2段8巷口","full_address":"臺北市中正區濟南路2段8巷口","resolved_county":"臺北市","resolved_district":"中正區","service_type":"回收","item":"舊衣類","taipei_oldcloth_approval_no":"82","taipei_oldcloth_remark":"","data_source":"臺北市舊衣回收核准名冊(CSV)","geocode_ok":true,"geocode_provider":"google","geocode_tier":"cache","geocode_query":"臺北市中正區濟南路2段8巷口"}},{"type":"Feature","geometry":{"type":"Point","coordinates":[121.5705763,24.9838731]},"properties":{"site_name":"社團法人台北生命勵樂活輔健會","tel":"(02)27299347","address":"木新路2段79巷12弄26號斜對面公園","full_address":"臺北市文山區木新路2段79巷12弄26號斜對面公園","resolved_county":"臺北市","resolved_district":"文山區","service_type":"回收","item":"舊衣類","taipei_oldcloth_approval_no":"83","taipei_oldcloth_remark":"","data_source":"臺北市舊衣回收核准名冊(CSV)","geocode_ok":true,"geocode_provider":"google","geocode_tier":"cache","geocode_query":"臺北市文山區木新路2段79巷12弄26號斜對面公園"}},{"type":"Feature","geometry":{"type":"Point","coordinates":[121.5626346,25.0502783]},"properties":{"site_name":"社團法人台北生命勵樂活輔健會","tel":"(02)27299347","address":"吉祥路55號對面","full_address":"臺北市松山區吉祥路55號對面","resolved_county":"臺北市","resolved_district":"松山區","service_type":"回收","item":"舊衣類","taipei_oldcloth_approval_no":"84","taipei_oldcloth_remark":"","data_source":"臺北市舊衣回收核准名冊(CSV)","geocode_ok":true,"geocode_provider":"google","geocode_tier":"cache","geocode_query":"臺北市松山區吉祥路55號對面"}},{"type":"Feature","geometry":{"type":"Point","coordinates":[121.5370546,25.0443768]},"properties":{"site_name":"社團法人台北生命勵樂活輔健會","tel":"(02)27299347","address":"建國南路1段304巷33號對面","full_address":"臺北市大安區建國南路1段304巷33號對面","resolved_county":"臺北市","resolved_district":"大安區","service_type":"回收","item":"舊衣類","taipei_oldcloth_approval_no":"1107","taipei_oldcloth_remark":"","data_source":"臺北市舊衣回收核准名冊(CSV)","geocode_ok":true,"geocode_provider":"google","geocode_tier":"cache","geocode_query":"臺北市大安區建國南路1段304巷33號對面"}},{"type":"Feature","geometry":{"type":"Point","coordinates":[121.5310533,25.1097396]},"properties":{"site_name":"社團法人台北生命勵樂活輔健會","tel":"(02)27299347","address":"忠誠路2段41巷14號斜對面","full_address":"臺北市士林區忠誠路2段41巷14號斜對面","resolved_county":"臺北市","resolved_district":"士林區","service_type":"回收","item":"舊衣類","taipei_oldcloth_approval_no":"87","taipei_oldcloth_remark":"","data_source":"臺北市舊衣回收核准名冊(CSV)","geocode_ok":true,"geocode_provider":"google","geocode_tier":"cache","geocode_query":"臺北市士林區忠誠路2段41巷14號斜對面"}},{"type":"Feature","geometry":{"type":"Point","coordinates":[121.507799,25.085749]},"properties":{"site_name":"社團法人台北生命勵樂活輔健會","tel":"(02)27299347","address":"中正路655巷口電信箱旁","full_address":"臺北市士林區中正路655巷口電信箱旁","resolved_county":"臺北市","resolved_district":"士林區","service_type":"回收","item":"舊衣類","taipei_oldcloth_approval_no":"88","taipei_oldcloth_remark":"","data_source":"臺北市舊衣回收核准名冊(CSV)","geocode_ok":true,"geocode_provider":"google","geocode_tier":"cache","geocode_query":"臺北市士林區中正路655巷口電信箱旁"}},{"type":"Feature","geometry":{"type":"Point","coordinates":[121.592353,25.080129]},"properties":{"site_name":"社團法人台北生命勵樂活輔健會","tel":"(02)27299347","address":"康寧路1段195巷口","full_address":"臺北市內湖區康寧路1段195巷口","resolved_county":"臺北市","resolved_district":"內湖區","service_type":"回收","item":"舊衣類","taipei_oldcloth_approval_no":"934","taipei_oldcloth_remark":"","data_source":"臺北市舊衣回收核准名冊(CSV)","geocode_ok":true,"geocode_provider":"google","geocode_tier":"cache","geocode_query":"臺北市內湖區康寧路1段195巷口"}},{"type":"Feature","geometry":{"type":"Point","coordinates":[121.511325,25.0823092]},"properties":{"site_name":"社團法人台北生命勵樂活輔健會","tel":"(02)27299347","address":"重慶北路4段49巷31弄底(福順公園旁)","full_address":"臺北市士林區重慶北路4段49巷31弄底(福順公園旁)","resolved_county":"臺北市","resolved_district":"士林區","service_type":"回收","item":"舊衣類","taipei_oldcloth_approval_no":"90","taipei_oldcloth_remark":"","data_source":"臺北市舊衣回收核准名冊(CSV)","geocode_ok":true,"geocode_provider":"google","geocode_tier":"cache","geocode_query":"臺北市士林區重慶北路4段49巷31弄底(福順公園旁)"}},{"type":"Feature","geometry":{"type":"Point","coordinates":[121.5718644,25.0435699]},"properties":{"site_name":"社團法人台北生命勵樂活輔健會","tel":"(02)27299347","address":"永吉路180巷67弄5號旁(超商前)人行道","full_address":"臺北市信義區永吉路180巷67弄5號旁(超商前)人行道","resolved_county":"臺北市","resolved_district":"信義區","service_type":"回收","item":"舊衣類","taipei_oldcloth_approval_no":"91","taipei_oldcloth_remark":"","data_source":"臺北市舊衣回收核准名冊(CSV)","geocode_ok":true,"geocode_provider":"google","geocode_tier":"cache","geocode_query":"臺北市信義區永吉路180巷67弄5號旁(超商前)人行道"}},{"type":"Feature","geometry":{"type":"Point","coordinates":[121.5212217,25.0790107]},"properties":{"site_name":"社團法人台北生命勵樂活輔健會","tel":"(02)27299347","address":"承德路4段6巷2號","full_address":"臺北市士林區承德路4段6巷2號","resolved_county":"臺北市","resolved_district":"士林區","service_type":"回收","item":"舊衣類","taipei_oldcloth_approval_no":"92","taipei_oldcloth_remark":"","data_source":"臺北市舊衣回收核准名冊(CSV)","geocode_ok":true,"geocode_provider":"google","geocode_tier":"cache","geocode_query":"臺北市士林區承德路4段6巷2號"}},{"type":"Feature","geometry":{"type":"Point","coordinates":[121.5707925,25.0188878]},"properties":{"site_name":"社團法人台北生命勵樂活輔健會","tel":"(02)27299347","address":"吳興街600巷80號對面公園","full_address":"臺北市信義區吳興街600巷80號對面公園","resolved_county":"臺北市","resolved_district":"信義區","service_type":"回收","item":"舊衣類","taipei_oldcloth_approval_no":"93","taipei_oldcloth_remark":"","data_source":"臺北市舊衣回收核准名冊(CSV)","geocode_ok":true,"geocode_provider":"google","geocode_tier":"cache","geocode_query":"臺北市信義區吳興街600巷80號對面公園"}},{"type":"Feature","geometry":{"type":"Point","coordinates":[121.5198716,25.0421407]},"properties":{"site_name":"社團法人台北生命勵樂活輔健會","tel":"(02)27299347","address":"金山南路1段47號旁電箱前","full_address":"臺北市中正區金山南路1段47號旁電箱前","resolved_county":"臺北市","resolved_district":"中正區","service_type":"回收","item":"舊衣類","taipei_oldcloth_approval_no":"1138","taipei_oldcloth_remark":"","data_source":"臺北市舊衣回收核准名冊(CSV)","geocode_ok":true,"geocode_provider":"google","geocode_tier":"cache","geocode_query":"臺北市中正區金山南路1段47號旁電箱前"}},{"type":"Feature","geometry":{"type":"Point","coordinates":[121.5695987,25.0209792]},"properties":{"site_name":"社團法人台北生命勵樂活輔健會","tel":"(02)27299347","address":"吳興街600巷25弄口","full_address":"臺北市信義區吳興街600巷25弄口","resolved_county":"臺北市","resolved_district":"信義區","service_type":"回收","item":"舊衣類","taipei_oldcloth_approval_no":"95","taipei_oldcloth_remark":"","data_source":"臺北市舊衣回收核准名冊(CSV)","geocode_ok":true,"geocode_provider":"google","geocode_tier":"cache","geocode_query":"臺北市信義區吳興街600巷25弄口"}},{"type":"Feature","geometry":{"type":"Point","coordinates":[121.5668021,25.0252928]},"properties":{"site_name":"社團法人台北生命勵樂活輔健會","tel":"(02)27299347","address":"吳興街365巷口","full_address":"臺北市信義區吳興街365巷口","resolved_county":"臺北市","resolved_district":"信義區","service_type":"回收","item":"舊衣類","taipei_oldcloth_approval_no":"96","taipei_oldcloth_remark":"","data_source":"臺北市舊衣回收核准名冊(CSV)","geocode_ok":true,"geocode_provider":"google","geocode_tier":"cache","geocode_query":"臺北市信義區吳興街365巷口"}},{"type":"Feature","geometry":{"type":"Point","coordinates":[121.5696432,25.0235774]},"properties":{"site_name":"社團法人台北生命勵樂活輔健會","tel":"(02)27299347","address":"吳興街487巷(22路公車總站)人行道","full_address":"臺北市信義區吳興街487巷(22路公車總站)人行道","resolved_county":"臺北市","resolved_district":"信義區","service_type":"回收","item":"舊衣類","taipei_oldcloth_approval_no":"97","taipei_oldcloth_remark":"","data_source":"臺北市舊衣回收核准名冊(CSV)","geocode_ok":true,"geocode_provider":"google","geocode_tier":"cache","geocode_query":"臺北市信義區吳興街487巷(22路公車總站)人行道"}},{"type":"Feature","geometry":{"type":"Point","coordinates":[121.5702769,25.0244727]},"properties":{"site_name":"社團法人台北生命勵樂活輔健會","tel":"(02)27299347","address":"信義路5段150巷401弄36號前","full_address":"臺北市信義區信義路5段150巷401弄36號前","resolved_county":"臺北市","resolved_district":"信義區","service_type":"回收","item":"舊衣類","taipei_oldcloth_approval_no":"98","taipei_oldcloth_remark":"","data_source":"臺北市舊衣回收核准名冊(CSV)","geocode_ok":true,"geocode_provider":"google","geocode_tier":"cache","geocode_query":"臺北市信義區信義路5段150巷401弄36號前"}},{"type":"Feature","geometry":{"type":"Point","coordinates":[121.5618723,25.0307644]},"properties":{"site_name":"社團法人台北生命勵樂活輔健會","tel":"(02)27299347","address":"莊敬路197巷口公園人行道","full_address":"臺北市信義區莊敬路197巷口公園人行道","resolved_county":"臺北市","resolved_district":"信義區","service_type":"回收","item":"舊衣類","taipei_oldcloth_approval_no":"99","taipei_oldcloth_remark":"","data_source":"臺北市舊衣回收核准名冊(CSV)","geocode_ok":true,"geocode_provider":"google","geocode_tier":"cache","geocode_query":"臺北市信義區莊敬路197巷口公園人行道"}},{"type":"Feature","geometry":{"type":"Point","coordinates":[121.557158,25.041012]},"properties":{"site_name":"社團法人台北生命勵樂活輔健會","tel":"(02)27299347","address":"忠孝東路4段559巷16弄21號對面桿邊","full_address":"臺北市信義區忠孝東路4段559巷16弄21號對面桿邊","resolved_county":"臺北市","resolved_district":"信義區","service_type":"回收","item":"舊衣類","taipei_oldcloth_approval_no":"1223","taipei_oldcloth_remark":"","data_source":"臺北市舊衣回收核准名冊(CSV)","geocode_ok":true,"geocode_provider":"google","geocode_tier":"cache","geocode_query":"臺北市信義區忠孝東路4段559巷16弄21號對面桿邊"}},{"type":"Feature","geometry":{"type":"Point","coordinates":[121.5581942,25.0279407]},"properties":{"site_name":"社團法人台北生命勵樂活輔健會","tel":"(02)27299347","address":"信安街13號對面","full_address":"臺北市信義區信安街13號對面","resolved_county":"臺北市","resolved_district":"信義區","service_type":"回收","item":"舊衣類","taipei_oldcloth_approval_no":"103","taipei_oldcloth_remark":"","data_source":"臺北市舊衣回收核准名冊(CSV)","geocode_ok":true,"geocode_provider":"google","geocode_tier":"cache","geocode_query":"臺北市信義區信安街13號對面"}},{"type":"Feature","geometry":{"type":"Point","coordinates":[121.5571667,25.0275207]},"properties":{"site_name":"社團法人台北生命勵樂活輔健會","tel":"(02)27299347","address":"嘉興街175巷口","full_address":"臺北市信義區嘉興街175巷口","resolved_county":"臺北市","resolved_district":"信義區","service_type":"回收","item":"舊衣類","taipei_oldcloth_approval_no":"104","taipei_oldcloth_remark":"","data_source":"臺北市舊衣回收核准名冊(CSV)","geocode_ok":true,"geocode_provider":"google","geocode_tier":"cache","geocode_query":"臺北市信義區嘉興街175巷口"}},{"type":"Feature","geometry":{"type":"Point","coordinates":[121.5848578,25.0394949]},"properties":{"site_name":"社團法人台北生命勵樂活輔健會","tel":"(02)27299347","address":"福德街268巷7弄口電線桿旁","full_address":"臺北市信義區福德街268巷7弄口電線桿旁","resolved_county":"臺北市","resolved_district":"信義區","service_type":"回收","item":"舊衣類","taipei_oldcloth_approval_no":"105","taipei_oldcloth_remark":"","data_source":"臺北市舊衣回收核准名冊(CSV)","geocode_ok":true,"geocode_provider":"google","geocode_tier":"cache","geocode_query":"臺北市信義區福德街268巷7弄口電線桿旁"}},{"type":"Feature","geometry":{"type":"Point","coordinates":[121.5842288,25.0382356]},"properties":{"site_name":"社團法人台北生命勵樂活輔健會","tel":"(02)27299347","address":"福德街189號前公園人行道","full_address":"臺北市信義區福德街189號前公園人行道","resolved_county":"臺北市","resolved_district":"信義區","service_type":"回收","item":"舊衣類","taipei_oldcloth_approval_no":"106","taipei_oldcloth_remark":"","data_source":"臺北市舊衣回收核准名冊(CSV)","geocode_ok":true,"geocode_provider":"google","geocode_tier":"cache","geocode_query":"臺北市信義區福德街189號前公園人行道"}},{"type":"Feature","geometry":{"type":"Point","coordinates":[121.5720006,25.0464295]},"properties":{"site_name":"社團法人台北生命勵樂活輔健會","tel":"(02)27299347","address":"松信路60號旁與松隆路口人行道","full_address":"臺北市信義區松信路60號旁與松隆路口人行道","resolved_county":"臺北市","resolved_district":"信義區","service_type":"回收","item":"舊衣類","taipei_oldcloth_approval_no":"107","taipei_oldcloth_remark":"","data_source":"臺北市舊衣回收核准名冊(CSV)","geocode_ok":true,"geocode_provider":"google","geocode_tier":"cache","geocode_query":"臺北市信義區松信路60號旁與松隆路口人行道"}},{"type":"Feature","geometry":{"type":"Point","coordinates":[121.5735699,25.0195107]},"properties":{"site_name":"社團法人台北生命勵樂活輔健會","tel":"(02)27299347","address":"祥雲街與景雲街口","full_address":"臺北市信義區祥雲街與景雲街口","resolved_county":"臺北市","resolved_district":"信義區","service_type":"回收","item":"舊衣類","taipei_oldcloth_approval_no":"108","taipei_oldcloth_remark":"","data_source":"臺北市舊衣回收核准名冊(CSV)","geocode_ok":true,"geocode_provider":"google","geocode_tier":"cache","geocode_query":"臺北市信義區祥雲街與景雲街口"}},{"type":"Feature","geometry":{"type":"Point","coordinates":[121.5701526,25.0236709]},"properties":{"site_name":"社團法人台北生命勵樂活輔健會","tel":"(02)27299347","address":"松仁路281巷88號對面","full_address":"臺北市信義區松仁路281巷88號對面","resolved_county":"臺北市","resolved_district":"信義區","service_type":"回收","item":"舊衣類","taipei_oldcloth_approval_no":"109","taipei_oldcloth_remark":"","data_source":"臺北市舊衣回收核准名冊(CSV)","geocode_ok":true,"geocode_provider":"google","geocode_tier":"cache","geocode_query":"臺北市信義區松仁路281巷88號對面"}},{"type":"Feature","geometry":{"type":"Point","coordinates":[121.519579,25.0868611]},"properties":{"site_name":"社團法人台北生命勵樂活輔健會","tel":"(02)27299347","address":"華齡街166號對面公園內","full_address":"臺北市士林區華齡街166號對面公園內","resolved_county":"臺北市","resolved_district":"士林區","service_type":"回收","item":"舊衣類","taipei_oldcloth_approval_no":"110","taipei_oldcloth_remark":"","data_source":"臺北市舊衣回收核准名冊(CSV)","geocode_ok":true,"geocode_provider":"google","geocode_tier":"cache","geocode_query":"臺北市士林區華齡街166號對面公園內"}},{"type":"Feature","geometry":{"type":"Point","coordinates":[121.5642429,25.0478183]},"properties":{"site_name":"社團法人台北生命勵樂活輔健會","tel":"(02)27299347","address":"市民大道5段與八德路4段204巷口","full_address":"臺北市松山區市民大道5段與八德路4段204巷口","resolved_county":"臺北市","resolved_district":"松山區","service_type":"回收","item":"舊衣類","taipei_oldcloth_approval_no":"111","taipei_oldcloth_remark":"","data_source":"臺北市舊衣回收核准名冊(CSV)","geocode_ok":true,"geocode_provider":"google","geocode_tier":"cache","geocode_query":"臺北市松山區市民大道5段與八德路4段204巷口"}},{"type":"Feature","geometry":{"type":"Point","coordinates":[121.5602018,25.0473333]},"properties":{"site_name":"社團法人台北生命勵樂活輔健會","tel":"(02)27299347","address":"八德路4段72巷口","full_address":"臺北市松山區八德路4段72巷口","resolved_county":"臺北市","resolved_district":"松山區","service_type":"回收","item":"舊衣類","taipei_oldcloth_approval_no":"112","taipei_oldcloth_remark":"","data_source":"臺北市舊衣回收核准名冊(CSV)","geocode_ok":true,"geocode_provider":"google","geocode_tier":"cache","geocode_query":"臺北市松山區八德路4段72巷口"}},{"type":"Feature","geometry":{"type":"Point","coordinates":[121.5575084,25.0491271]},"properties":{"site_name":"社團法人台北生命勵樂活輔健會","tel":"(02)27299347","address":"光復北路26巷3號對面","full_address":"臺北市松山區光復北路26巷3號對面","resolved_county":"臺北市","resolved_district":"松山區","service_type":"回收","item":"舊衣類","taipei_oldcloth_approval_no":"113","taipei_oldcloth_remark":"","data_source":"臺北市舊衣回收核准名冊(CSV)","geocode_ok":true,"geocode_provider":"google","geocode_tier":"cache","geocode_query":"臺北市松山區光復北路26巷3號對面"}},{"type":"Feature","geometry":{"type":"Point","coordinates":[121.5281322,25.0398373]},"properties":{"site_name":"社團法人台北生命勵樂活輔健會","tel":"(02)27299347","address":"金山南路與泰安街3巷口","full_address":"臺北市中正區金山南路與泰安街3巷口","resolved_county":"臺北市","resolved_district":"中正區","service_type":"回收","item":"舊衣類","taipei_oldcloth_approval_no":"114","taipei_oldcloth_remark":"","data_source":"臺北市舊衣回收核准名冊(CSV)","geocode_ok":true,"geocode_provider":"google","geocode_tier":"cache","geocode_query":"臺北市中正區金山南路與泰安街3巷口"}},{"type":"Feature","geometry":{"type":"Point","coordinates":[121.5207226,25.0902116]},"properties":{"site_name":"社團法人台北生命勵樂活輔健會","tel":"(02)27299347","address":"士商路15號對面","full_address":"臺北市士林區士商路15號對面","resolved_county":"臺北市","resolved_district":"士林區","service_type":"回收","item":"舊衣類","taipei_oldcloth_approval_no":"115","taipei_oldcloth_remark":"","data_source":"臺北市舊衣回收核准名冊(CSV)","geocode_ok":true,"geocode_provider":"google","geocode_tier":"cache","geocode_query":"臺北市士林區士商路15號對面"}},{"type":"Feature","geometry":{"type":"Point","coordinates":[121.5174226,25.094254]},"properties":{"site_name":"社團法人台北生命勵樂活輔健會","tel":"(02)27299347","address":"士商路151號對面","full_address":"臺北市士林區士商路151號對面","resolved_county":"臺北市","resolved_district":"士林區","service_type":"回收","item":"舊衣類","taipei_oldcloth_approval_no":"116","taipei_oldcloth_remark":"","data_source":"臺北市舊衣回收核准名冊(CSV)","geocode_ok":true,"geocode_provider":"google","geocode_tier":"cache","geocode_query":"臺北市士林區士商路151號對面"}},{"type":"Feature","geometry":{"type":"Point","coordinates":[121.5787267,25.0396758]},"properties":{"site_name":"社團法人台北生命勵樂活輔健會","tel":"(02)27299347","address":"忠孝東路5段492巷斜對面松光綠地","full_address":"臺北市信義區忠孝東路5段492巷斜對面松光綠地","resolved_county":"臺北市","resolved_district":"信義區","service_type":"回收","item":"舊衣類","taipei_oldcloth_approval_no":"117","taipei_oldcloth_remark":"","data_source":"臺北市舊衣回收核准名冊(CSV)","geocode_ok":true,"geocode_provider":"google","geocode_tier":"cache","geocode_query":"臺北市信義區忠孝東路5段492巷斜對面松光綠地"}},{"type":"Feature","geometry":{"type":"Point","coordinates":[121.579668,25.040381]},"properties":{"site_name":"社團法人台北生命勵樂活輔健會","tel":"(02)27299347","address":"松山路465巷33號邊","full_address":"臺北市信義區松山路465巷33號邊","resolved_county":"臺北市","resolved_district":"信義區","service_type":"回收","item":"舊衣類","taipei_oldcloth_approval_no":"118","taipei_oldcloth_remark":"","data_source":"臺北市舊衣回收核准名冊(CSV)","geocode_ok":true,"geocode_provider":"google","geocode_tier":"cache","geocode_query":"臺北市信義區松山路465巷33號邊"}},{"type":"Feature","geometry":{"type":"Point","coordinates":[121.5500335,25.0317633]},"properties":{"site_name":"社團法人台北生命勵樂活輔健會","tel":"(02)27299347","address":"敦化南路2段63巷21弄24號斜對面","full_address":"臺北市大安區敦化南路2段63巷21弄24號斜對面","resolved_county":"臺北市","resolved_district":"大安區","service_type":"回收","item":"舊衣類","taipei_oldcloth_approval_no":"119","taipei_oldcloth_remark":"","data_source":"臺北市舊衣回收核准名冊(CSV)","geocode_ok":true,"geocode_provider":"google","geocode_tier":"cache","geocode_query":"臺北市大安區敦化南路2段63巷21弄24號斜對面"}},{"type":"Feature","geometry":{"type":"Point","coordinates":[121.5518954,25.0314648]},"properties":{"site_name":"社團法人台北生命勵樂活輔健會","tel":"(02)27299347","address":"安和路2段44巷9號斜對面","full_address":"臺北市大安區安和路2段44巷9號斜對面","resolved_county":"臺北市","resolved_district":"大安區","service_type":"回收","item":"舊衣類","taipei_oldcloth_approval_no":"120","taipei_oldcloth_remark":"","data_source":"臺北市舊衣回收核准名冊(CSV)","geocode_ok":true,"geocode_provider":"google","geocode_tier":"cache","geocode_query":"臺北市大安區安和路2段44巷9號斜對面"}},{"type":"Feature","geometry":{"type":"Point","coordinates":[121.5291396,25.1114713]},"properties":{"site_name":"台北市康復之友協會","tel":"(02)27652810","address":"士東路120巷20弄15號斜對面","full_address":"臺北市士林區士東路120巷20弄15號斜對面","resolved_county":"臺北市","resolved_district":"士林區","service_type":"回收","item":"舊衣類","taipei_oldcloth_approval_no":"121","taipei_oldcloth_remark":"","data_source":"臺北市舊衣回收核准名冊(CSV)","geocode_ok":true,"geocode_provider":"google","geocode_tier":"cache","geocode_query":"臺北市士林區士東路120巷20弄15號斜對面"}},{"type":"Feature","geometry":{"type":"Point","coordinates":[121.5266171,25.1040957]},"properties":{"site_name":"財團法人伊甸社會福利基金會附設臺北市私立八德服務中心","tel":"(02)27652810","address":"忠誠路1段100巷口（電燈桿旁）","full_address":"臺北市士林區忠誠路1段100巷口（電燈桿旁）","resolved_county":"臺北市","resolved_district":"士林區","service_type":"回收","item":"舊衣類","taipei_oldcloth_approval_no":"122","taipei_oldcloth_remark":"","data_source":"臺北市舊衣回收核准名冊(CSV)","geocode_ok":true,"geocode_provider":"google","geocode_tier":"cache","geocode_query":"臺北市士林區忠誠路1段100巷口（電燈桿旁）"}},{"type":"Feature","geometry":{"type":"Point","coordinates":[121.510995,25.083478]},"properties":{"site_name":"台北市康復之友協會","tel":"(02)27652810","address":"葫東街26號旁","full_address":"臺北市士林區葫東街26號旁","resolved_county":"臺北市","resolved_district":"士林區","service_type":"回收","item":"舊衣類","taipei_oldcloth_approval_no":"123","taipei_oldcloth_remark":"","data_source":"臺北市舊衣回收核准名冊(CSV)","geocode_ok":true,"geocode_provider":"google","geocode_tier":"cache","geocode_query":"臺北市士林區葫東街26號旁"}},{"type":"Feature","geometry":{"type":"Point","coordinates":[121.512272,25.0809078]},"properties":{"site_name":"台北市康復之友協會","tel":"(02)27652810","address":"重慶北路4段49巷18-1號旁","full_address":"臺北市士林區重慶北路4段49巷18-1號旁","resolved_county":"臺北市","resolved_district":"士林區","service_type":"回收","item":"舊衣類","taipei_oldcloth_approval_no":"124","taipei_oldcloth_remark":"","data_source":"臺北市舊衣回收核准名冊(CSV)","geocode_ok":true,"geocode_provider":"google","geocode_tier":"cache","geocode_query":"臺北市士林區重慶北路4段49巷18-1號旁"}},{"type":"Feature","geometry":{"type":"Point","coordinates":[121.5848487,25.0425634]},"properties":{"site_name":"台北市康復之友協會","tel":"(02)27652810","address":"玉成街190巷口的玉成公園","full_address":"臺北市南港區玉成街190巷口的玉成公園","resolved_county":"臺北市","resolved_district":"南港區","service_type":"回收","item":"舊衣類","taipei_oldcloth_approval_no":"125","taipei_oldcloth_remark":"","data_source":"臺北市舊衣回收核准名冊(CSV)","geocode_ok":true,"geocode_provider":"google","geocode_tier":"cache","geocode_query":"臺北市南港區玉成街190巷口的玉成公園"}},{"type":"Feature","geometry":{"type":"Point","coordinates":[121.5829816,25.0453509]},"properties":{"site_name":"台北市視障多元就業促進會","tel":"(02)27652810","address":"忠孝東路6段250巷16號對面的聯成公園旁","full_address":"臺北市南港區忠孝東路6段250巷16號對面的聯成公園旁","resolved_county":"臺北市","resolved_district":"南港區","service_type":"回收","item":"舊衣類","taipei_oldcloth_approval_no":"126","taipei_oldcloth_remark":"","data_source":"臺北市舊衣回收核准名冊(CSV)","geocode_ok":true,"geocode_provider":"google","geocode_tier":"cache","geocode_query":"臺北市南港區忠孝東路6段250巷16號對面的聯成公園旁"}},{"type":"Feature","geometry":{"type":"Point","coordinates":[121.5876756,25.0392276]},"properties":{"site_name":"台北市康復之友協會","tel":"(02)27652810","address":"福德街309巷口(251巷7弄40號對面)","full_address":"臺北市南港區福德街309巷口(251巷7弄40號對面)","resolved_county":"臺北市","resolved_district":"南港區","service_type":"回收","item":"舊衣類","taipei_oldcloth_approval_no":"127","taipei_oldcloth_remark":"","data_source":"臺北市舊衣回收核准名冊(CSV)","geocode_ok":true,"geocode_provider":"google","geocode_tier":"cache","geocode_query":"臺北市南港區福德街309巷口(251巷7弄40號對面)"}},{"type":"Feature","geometry":{"type":"Point","coordinates":[121.5883366,25.0469784]},"properties":{"site_name":"台北市康復之友協會","tel":"(02)27652810","address":"東新街77巷4弄2號對面人行道","full_address":"臺北市南港區東新街77巷4弄2號對面人行道","resolved_county":"臺北市","resolved_district":"南港區","service_type":"回收","item":"舊衣類","taipei_oldcloth_approval_no":"129","taipei_oldcloth_remark":"","data_source":"臺北市舊衣回收核准名冊(CSV)","geocode_ok":true,"geocode_provider":"google","geocode_tier":"cache","geocode_query":"臺北市南港區東新街77巷4弄2號對面人行道"}},{"type":"Feature","geometry":{"type":"Point","coordinates":[121.531751,25.017603]},"properties":{"site_name":"台北市康復之友協會","tel":"(02)27652810","address":"羅斯福路3段84巷口","full_address":"臺北市中正區羅斯福路3段84巷口","resolved_county":"臺北市","resolved_district":"中正區","service_type":"回收","item":"舊衣類","taipei_oldcloth_approval_no":"130","taipei_oldcloth_remark":"","data_source":"臺北市舊衣回收核准名冊(CSV)","geocode_ok":true,"geocode_provider":"google","geocode_tier":"cache","geocode_query":"臺北市中正區羅斯福路3段84巷口"}},{"type":"Feature","geometry":{"type":"Point","coordinates":[121.506736,25.027236]},"properties":{"site_name":"台北市康復之友協會","tel":"(02)27652810","address":"中華路2段與南海路口","full_address":"臺北市中正區中華路2段與南海路口","resolved_county":"臺北市","resolved_district":"中正區","service_type":"回收","item":"舊衣類","taipei_oldcloth_approval_no":"131","taipei_oldcloth_remark":"","data_source":"臺北市舊衣回收核准名冊(CSV)","geocode_ok":true,"geocode_provider":"google","geocode_tier":"cache","geocode_query":"臺北市中正區中華路2段與南海路口"}},{"type":"Feature","geometry":{"type":"Point","coordinates":[121.5148827,25.0316329]},"properties":{"site_name":"台北市康復之友協會","tel":"(02)27652810","address":"重慶南路2段43號天橋樓梯下方","full_address":"臺北市中正區重慶南路2段43號天橋樓梯下方","resolved_county":"臺北市","resolved_district":"中正區","service_type":"回收","item":"舊衣類","taipei_oldcloth_approval_no":"132","taipei_oldcloth_remark":"","data_source":"臺北市舊衣回收核准名冊(CSV)","geocode_ok":true,"geocode_provider":"google","geocode_tier":"cache","geocode_query":"臺北市中正區重慶南路2段43號天橋樓梯下方"}},{"type":"Feature","geometry":{"type":"Point","coordinates":[121.509907,25.026291]},"properties":{"site_name":"台北市康復之友協會","tel":"(02)27652810","address":"寧波西街181巷與紹安街口的永昌公園","full_address":"臺北市中正區寧波西街181巷與紹安街口的永昌公園","resolved_county":"臺北市","resolved_district":"中正區","service_type":"回收","item":"舊衣類","taipei_oldcloth_approval_no":"133","taipei_oldcloth_remark":"","data_source":"臺北市舊衣回收核准名冊(CSV)","geocode_ok":true,"geocode_provider":"google","geocode_tier":"cache","geocode_query":"臺北市中正區寧波西街181巷與紹安街口的永昌公園"}},{"type":"Feature","geometry":{"type":"Point","coordinates":[121.5319366,25.0351925]},"properties":{"site_name":"台北市康復之友協會","tel":"(02)27652810","address":"新生南路1段146巷口的連雲公園","full_address":"臺北市中正區新生南路1段146巷口的連雲公園","resolved_county":"臺北市","resolved_district":"中正區","service_type":"回收","item":"舊衣類","taipei_oldcloth_approval_no":"134","taipei_oldcloth_remark":"","data_source":"臺北市舊衣回收核准名冊(CSV)","geocode_ok":true,"geocode_provider":"google","geocode_tier":"cache","geocode_query":"臺北市中正區新生南路1段146巷口的連雲公園"}},{"type":"Feature","geometry":{"type":"Point","coordinates":[121.5287438,25.0348978]},"properties":{"site_name":"台北市康復之友協會","tel":"(02)27652810","address":"臨沂街75巷8號對面的信愛公園","full_address":"臺北市中正區臨沂街75巷8號對面的信愛公園","resolved_county":"臺北市","resolved_district":"中正區","service_type":"回收","item":"舊衣類","taipei_oldcloth_approval_no":"135","taipei_oldcloth_remark":"","data_source":"臺北市舊衣回收核准名冊(CSV)","geocode_ok":true,"geocode_provider":"google","geocode_tier":"cache","geocode_query":"臺北市中正區臨沂街75巷8號對面的信愛公園"}},{"type":"Feature","geometry":{"type":"Point","coordinates":[121.4950686,25.0338015]},"properties":{"site_name":"台北市康復之友協會","tel":"(02)27652810","address":"大理街156巷口","full_address":"臺北市萬華區大理街156巷口","resolved_county":"臺北市","resolved_district":"萬華區","service_type":"回收","item":"舊衣類","taipei_oldcloth_approval_no":"136","taipei_oldcloth_remark":"","data_source":"臺北市舊衣回收核准名冊(CSV)","geocode_ok":true,"geocode_provider":"google","geocode_tier":"cache","geocode_query":"臺北市萬華區大理街156巷口"}},{"type":"Feature","geometry":{"type":"Point","coordinates":[121.4994234,25.0326363]},"properties":{"site_name":"台北市康復之友協會","tel":"(02)27652810","address":"艋舺大道西園路2段140巷口","full_address":"臺北市萬華區艋舺大道西園路2段140巷口","resolved_county":"臺北市","resolved_district":"萬華區","service_type":"回收","item":"舊衣類","taipei_oldcloth_approval_no":"137","taipei_oldcloth_remark":"","data_source":"臺北市舊衣回收核准名冊(CSV)","geocode_ok":true,"geocode_provider":"google","geocode_tier":"cache","geocode_query":"臺北市萬華區艋舺大道西園路2段140巷口"}},{"type":"Feature","geometry":{"type":"Point","coordinates":[121.4999928,25.0392644]},"properties":{"site_name":"台北市盲人福利協進會","tel":"(02)27652810","address":"西園路2段320巷36弄14-1號前","full_address":"臺北市萬華區西園路2段320巷36弄14-1號前","resolved_county":"臺北市","resolved_district":"萬華區","service_type":"回收","item":"舊衣類","taipei_oldcloth_approval_no":"138","taipei_oldcloth_remark":"","data_source":"臺北市舊衣回收核准名冊(CSV)","geocode_ok":true,"geocode_provider":"google","geocode_tier":"cache","geocode_query":"臺北市萬華區西園路2段320巷36弄14-1號前"}},{"type":"Feature","geometry":{"type":"Point","coordinates":[121.5652838,25.0658207]},"properties":{"site_name":"台北市康復之友協會","tel":"(02)27652810","address":"撫遠街400巷96號對面","full_address":"臺北市松山區撫遠街400巷96號對面","resolved_county":"臺北市","resolved_district":"松山區","service_type":"回收","item":"舊衣類","taipei_oldcloth_approval_no":"139","taipei_oldcloth_remark":"","data_source":"臺北市舊衣回收核准名冊(CSV)","geocode_ok":true,"geocode_provider":"google","geocode_tier":"cache","geocode_query":"臺北市松山區撫遠街400巷96號對面"}},{"type":"Feature","geometry":{"type":"Point","coordinates":[121.4932891,25.0358843]},"properties":{"site_name":"台北市康復之友協會","tel":"(02)27652810","address":"和平西路3段309巷9號對面","full_address":"臺北市萬華區和平西路3段309巷9號對面","resolved_county":"臺北市","resolved_district":"萬華區","service_type":"回收","item":"舊衣類","taipei_oldcloth_approval_no":"140","taipei_oldcloth_remark":"","data_source":"臺北市舊衣回收核准名冊(CSV)","geocode_ok":true,"geocode_provider":"google","geocode_tier":"cache","geocode_query":"臺北市萬華區和平西路3段309巷9號對面"}},{"type":"Feature","geometry":{"type":"Point","coordinates":[121.5113453,25.0606564]},"properties":{"site_name":"台北市康復之友協會","tel":"(02)27652810","address":"涼州街與延平北路2段路口(平樂天橋下)","full_address":"臺北市大同區涼州街與延平北路2段路口(平樂天橋下)","resolved_county":"臺北市","resolved_district":"大同區","service_type":"回收","item":"舊衣類","taipei_oldcloth_approval_no":"142","taipei_oldcloth_remark":"","data_source":"臺北市舊衣回收核准名冊(CSV)","geocode_ok":true,"geocode_provider":"google","geocode_tier":"cache","geocode_query":"臺北市大同區涼州街與延平北路2段路口(平樂天橋下)"}},{"type":"Feature","geometry":{"type":"Point","coordinates":[121.5192961,25.0566269]},"properties":{"site_name":"台北市康復之友協會","tel":"(02)27652810","address":"承德路2段109巷36號旁","full_address":"臺北市大同區承德路2段109巷36號旁","resolved_county":"臺北市","resolved_district":"大同區","service_type":"回收","item":"舊衣類","taipei_oldcloth_approval_no":"143","taipei_oldcloth_remark":"","data_source":"臺北市舊衣回收核准名冊(CSV)","geocode_ok":true,"geocode_provider":"google","geocode_tier":"cache","geocode_query":"臺北市大同區承德路2段109巷36號旁"}},{"type":"Feature","geometry":{"type":"Point","coordinates":[121.5190142,25.0530042]},"properties":{"site_name":"台北市康復之友協會","tel":"(02)27652810","address":"赤峰街與南京西路口","full_address":"臺北市大同區赤峰街與南京西路口","resolved_county":"臺北市","resolved_district":"大同區","service_type":"回收","item":"舊衣類","taipei_oldcloth_approval_no":"144","taipei_oldcloth_remark":"","data_source":"臺北市舊衣回收核准名冊(CSV)","geocode_ok":true,"geocode_provider":"google","geocode_tier":"cache","geocode_query":"臺北市大同區赤峰街與南京西路口"}},{"type":"Feature","geometry":{"type":"Point","coordinates":[121.5807715,25.0424804]},"properties":{"site_name":"台北市康復之友協會","tel":"(02)27652810","address":"林口街210號對面春光公園人行道","full_address":"臺北市信義區林口街210號對面春光公園人行道","resolved_county":"臺北市","resolved_district":"信義區","service_type":"回收","item":"舊衣類","taipei_oldcloth_approval_no":"145","taipei_oldcloth_remark":"","data_source":"臺北市舊衣回收核准名冊(CSV)","geocode_ok":true,"geocode_provider":"google","geocode_tier":"cache","geocode_query":"臺北市信義區林口街210號對面春光公園人行道"}},{"type":"Feature","geometry":{"type":"Point","coordinates":[121.567675,25.052158]},"properties":{"site_name":"台北市康復之友協會","tel":"(02)27652810","address":"寶清街77號對面寶清公園旁的人行道","full_address":"臺北市松山區寶清街77號對面寶清公園旁的人行道","resolved_county":"臺北市","resolved_district":"松山區","service_type":"回收","item":"舊衣類","taipei_oldcloth_approval_no":"146","taipei_oldcloth_remark":"","data_source":"臺北市舊衣回收核准名冊(CSV)","geocode_ok":true,"geocode_provider":"google","geocode_tier":"cache","geocode_query":"臺北市松山區寶清街77號對面寶清公園旁的人行道"}},{"type":"Feature","geometry":{"type":"Point","coordinates":[121.5647872,25.0642969]},"properties":{"site_name":"台北市康復之友協會","tel":"(02)27652810","address":"撫遠街380巷16號對面公佈欄旁","full_address":"臺北市松山區撫遠街380巷16號對面公佈欄旁","resolved_county":"臺北市","resolved_district":"松山區","service_type":"回收","item":"舊衣類","taipei_oldcloth_approval_no":"148","taipei_oldcloth_remark":"","data_source":"臺北市舊衣回收核准名冊(CSV)","geocode_ok":true,"geocode_provider":"google","geocode_tier":"cache","geocode_query":"臺北市松山區撫遠街380巷16號對面公佈欄旁"}},{"type":"Feature","geometry":{"type":"Point","coordinates":[121.567139,25.064755]},"properties":{"site_name":"台北市康復之友協會","tel":"(02)27652810","address":"撫遠街389巷27號對面的撫遠公園","full_address":"臺北市松山區撫遠街389巷27號對面的撫遠公園","resolved_county":"臺北市","resolved_district":"松山區","service_type":"回收","item":"舊衣類","taipei_oldcloth_approval_no":"149","taipei_oldcloth_remark":"","data_source":"臺北市舊衣回收核准名冊(CSV)","geocode_ok":true,"geocode_provider":"google","geocode_tier":"cache","geocode_query":"臺北市松山區撫遠街389巷27號對面的撫遠公園"}},{"type":"Feature","geometry":{"type":"Point","coordinates":[121.568362,25.0500208]},"properties":{"site_name":"台北市康復之友協會","tel":"(02)27652810","address":"八德路4段389巷口","full_address":"臺北市松山區八德路4段389巷口","resolved_county":"臺北市","resolved_district":"松山區","service_type":"回收","item":"舊衣類","taipei_oldcloth_approval_no":"150","taipei_oldcloth_remark":"","data_source":"臺北市舊衣回收核准名冊(CSV)","geocode_ok":true,"geocode_provider":"google","geocode_tier":"cache","geocode_query":"臺北市松山區八德路4段389巷口"}},{"type":"Feature","geometry":{"type":"Point","coordinates":[121.550682,25.0311955]},"properties":{"site_name":"台北市康復之友協會","tel":"(02)27652810","address":"敦化南路2段63巷33號變電箱旁","full_address":"臺北市大安區敦化南路2段63巷33號變電箱旁","resolved_county":"臺北市","resolved_district":"大安區","service_type":"回收","item":"舊衣類","taipei_oldcloth_approval_no":"151","taipei_oldcloth_remark":"","data_source":"臺北市舊衣回收核准名冊(CSV)","geocode_ok":true,"geocode_provider":"google","geocode_tier":"cache","geocode_query":"臺北市大安區敦化南路2段63巷33號變電箱旁"}},{"type":"Feature","geometry":{"type":"Point","coordinates":[121.533964,25.026482]},"properties":{"site_name":"台北市康復之友協會","tel":"(02)27652810","address":"和平東路3段1巷25號對面的群賢公園","full_address":"臺北市大安區和平東路3段1巷25號對面的群賢公園","resolved_county":"臺北市","resolved_district":"大安區","service_type":"回收","item":"舊衣類","taipei_oldcloth_approval_no":"152","taipei_oldcloth_remark":"","data_source":"臺北市舊衣回收核准名冊(CSV)","geocode_ok":true,"geocode_provider":"google","geocode_tier":"cache","geocode_query":"臺北市大安區和平東路3段1巷25號對面的群賢公園"}},{"type":"Feature","geometry":{"type":"Point","coordinates":[121.5453257,25.0280201]},"properties":{"site_name":"台北市康復之友協會","tel":"(02)27652810","address":"復興南路2段151巷30弄口","full_address":"臺北市大安區復興南路2段151巷30弄口","resolved_county":"臺北市","resolved_district":"大安區","service_type":"回收","item":"舊衣類","taipei_oldcloth_approval_no":"153","taipei_oldcloth_remark":"","data_source":"臺北市舊衣回收核准名冊(CSV)","geocode_ok":true,"geocode_provider":"google","geocode_tier":"cache","geocode_query":"臺北市大安區復興南路2段151巷30弄口"}},{"type":"Feature","geometry":{"type":"Point","coordinates":[121.592461,25.0812403]},"properties":{"site_name":"台北市康復之友協會","tel":"(02)27652810","address":"成功路4段61巷9弄口","full_address":"臺北市內湖區成功路4段61巷9弄口","resolved_county":"臺北市","resolved_district":"內湖區","service_type":"回收","item":"舊衣類","taipei_oldcloth_approval_no":"154","taipei_oldcloth_remark":"","data_source":"臺北市舊衣回收核准名冊(CSV)","geocode_ok":true,"geocode_provider":"google","geocode_tier":"cache","geocode_query":"臺北市內湖區成功路4段61巷9弄口"}},{"type":"Feature","geometry":{"type":"Point","coordinates":[121.5820211,25.0759854]},"properties":{"site_name":"台北市康復之友協會","tel":"(02)27652810","address":"文德路66巷36弄1號旁","full_address":"臺北市內湖區文德路66巷36弄1號旁","resolved_county":"臺北市","resolved_district":"內湖區","service_type":"回收","item":"舊衣類","taipei_oldcloth_approval_no":"155","taipei_oldcloth_remark":"","data_source":"臺北市舊衣回收核准名冊(CSV)","geocode_ok":true,"geocode_provider":"google","geocode_tier":"cache","geocode_query":"臺北市內湖區文德路66巷36弄1號旁"}},{"type":"Feature","geometry":{"type":"Point","coordinates":[121.5618619,24.982055]},"properties":{"site_name":"台北市視障生活品質福利促進會","tel":"(02)27652810","address":"木柵路3段郵局對面48巷郵局對面","full_address":"臺北市文山區木柵路3段郵局對面48巷郵局對面","resolved_county":"臺北市","resolved_district":"文山區","service_type":"回收","item":"舊衣類","taipei_oldcloth_approval_no":"1249","taipei_oldcloth_remark":"","data_source":"臺北市舊衣回收核准名冊(CSV)","geocode_ok":true,"geocode_provider":"google","geocode_tier":"cache","geocode_query":"臺北市文山區木柵路3段郵局對面48巷郵局對面"}},{"type":"Feature","geometry":{"type":"Point","coordinates":[121.5473099,24.9876708]},"properties":{"site_name":"台北市康復之友協會","tel":"(02)27652810","address":"木柵路1段89巷底試院公園旁","full_address":"臺北市文山區木柵路1段89巷底試院公園旁","resolved_county":"臺北市","resolved_district":"文山區","service_type":"回收","item":"舊衣類","taipei_oldcloth_approval_no":"157","taipei_oldcloth_remark":"","data_source":"臺北市舊衣回收核准名冊(CSV)","geocode_ok":true,"geocode_provider":"google","geocode_tier":"cache","geocode_query":"臺北市文山區木柵路1段89巷底試院公園旁"}},{"type":"Feature","geometry":{"type":"Point","coordinates":[121.5396668,24.9937421]},"properties":{"site_name":"台北市康復之友協會","tel":"(02)27652810","address":"景福街251巷2號對面","full_address":"臺北市文山區景福街251巷2號對面","resolved_county":"臺北市","resolved_district":"文山區","service_type":"回收","item":"舊衣類","taipei_oldcloth_approval_no":"158","taipei_oldcloth_remark":"","data_source":"臺北市舊衣回收核准名冊(CSV)","geocode_ok":true,"geocode_provider":"google","geocode_tier":"cache","geocode_query":"臺北市文山區景福街251巷2號對面"}},{"type":"Feature","geometry":{"type":"Point","coordinates":[121.548962,25.0019019]},"properties":{"site_name":"台北市康復之友協會","tel":"(02)27652810","address":"興隆路2段203巷14號對面","full_address":"臺北市文山區興隆路2段203巷14號對面","resolved_county":"臺北市","resolved_district":"文山區","service_type":"回收","item":"舊衣類","taipei_oldcloth_approval_no":"159","taipei_oldcloth_remark":"","data_source":"臺北市舊衣回收核准名冊(CSV)","geocode_ok":true,"geocode_provider":"google","geocode_tier":"cache","geocode_query":"臺北市文山區興隆路2段203巷14號對面"}},{"type":"Feature","geometry":{"type":"Point","coordinates":[121.5488038,24.9987476]},"properties":{"site_name":"台北市康復之友協會","tel":"(02)27652810","address":"仙岩路22巷2號對面","full_address":"臺北市文山區仙岩路22巷2號對面","resolved_county":"臺北市","resolved_district":"文山區","service_type":"回收","item":"舊衣類","taipei_oldcloth_approval_no":"160","taipei_oldcloth_remark":"","data_source":"臺北市舊衣回收核准名冊(CSV)","geocode_ok":true,"geocode_provider":"google","geocode_tier":"cache","geocode_query":"臺北市文山區仙岩路22巷2號對面"}},{"type":"Feature","geometry":{"type":"Point","coordinates":[121.5275506,25.1120265]},"properties":{"site_name":"台北市盲人福利協進會","tel":"(02)25585000","address":"士東路47號旁(忠義幼稚園)","full_address":"臺北市士林區士東路47號旁(忠義幼稚園)","resolved_county":"臺北市","resolved_district":"士林區","service_type":"回收","item":"舊衣類","taipei_oldcloth_approval_no":"161","taipei_oldcloth_remark":"","data_source":"臺北市舊衣回收核准名冊(CSV)","geocode_ok":true,"geocode_provider":"google","geocode_tier":"cache","geocode_query":"臺北市士林區士東路47號旁(忠義幼稚園)"}},{"type":"Feature","geometry":{"type":"Point","coordinates":[121.5455439,25.0471774]},"properties":{"site_name":"台北市盲人福利協進會","tel":"(02)25585000","address":"八德路2段346巷5弄25號正面對公園花圃內","full_address":"臺北市松山區八德路2段346巷5弄25號正面對公園花圃內","resolved_county":"臺北市","resolved_district":"松山區","service_type":"回收","item":"舊衣類","taipei_oldcloth_approval_no":"164","taipei_oldcloth_remark":"","data_source":"臺北市舊衣回收核准名冊(CSV)","geocode_ok":true,"geocode_provider":"google","geocode_tier":"cache","geocode_query":"臺北市松山區八德路2段346巷5弄25號正面對公園花圃內"}},{"type":"Feature","geometry":{"type":"Point","coordinates":[121.5101774,25.0347619]},"properties":{"site_name":"台北市盲人福利協進會","tel":"(02)25585000","address":"博愛路216號旁(廣州街2號街前)","full_address":"臺北市中正區博愛路216號旁(廣州街2號街前)","resolved_county":"臺北市","resolved_district":"中正區","service_type":"回收","item":"舊衣類","taipei_oldcloth_approval_no":"165","taipei_oldcloth_remark":"","data_source":"臺北市舊衣回收核准名冊(CSV)","geocode_ok":true,"geocode_provider":"google","geocode_tier":"cache","geocode_query":"臺北市中正區博愛路216號旁(廣州街2號街前)"}},{"type":"Feature","geometry":{"type":"Point","coordinates":[121.5683655,25.0823089]},"properties":{"site_name":"財團法人伊甸社會福利基金會附設臺北市私立八德服務中心","tel":"(02)25585000","address":"內湖路1段629巷40弄2號對面","full_address":"臺北市內湖區內湖路1段629巷40弄2號對面","resolved_county":"臺北市","resolved_district":"內湖區","service_type":"回收","item":"舊衣類","taipei_oldcloth_approval_no":"166","taipei_oldcloth_remark":"","data_source":"臺北市舊衣回收核准名冊(CSV)","geocode_ok":true,"geocode_provider":"google","geocode_tier":"cache","geocode_query":"臺北市內湖區內湖路1段629巷40弄2號對面"}},{"type":"Feature","geometry":{"type":"Point","coordinates":[121.5764623,25.0827081]},"properties":{"site_name":"台北市盲人福利協進會","tel":"(02)25585000","address":"港華街31號對面","full_address":"臺北市內湖區港華街31號對面","resolved_county":"臺北市","resolved_district":"內湖區","service_type":"回收","item":"舊衣類","taipei_oldcloth_approval_no":"167","taipei_oldcloth_remark":"","data_source":"臺北市舊衣回收核准名冊(CSV)","geocode_ok":true,"geocode_provider":"google","geocode_tier":"cache","geocode_query":"臺北市內湖區港華街31號對面"}},{"type":"Feature","geometry":{"type":"Point","coordinates":[121.5825861,25.079873]},"properties":{"site_name":"台北市盲人福利協進會","tel":"(02)25585000","address":"內湖路2段81號對面空地","full_address":"臺北市內湖區內湖路2段81號對面空地","resolved_county":"臺北市","resolved_district":"內湖區","service_type":"回收","item":"舊衣類","taipei_oldcloth_approval_no":"168","taipei_oldcloth_remark":"","data_source":"臺北市舊衣回收核准名冊(CSV)","geocode_ok":true,"geocode_provider":"google","geocode_tier":"cache","geocode_query":"臺北市內湖區內湖路2段81號對面空地"}},{"type":"Feature","geometry":{"type":"Point","coordinates":[121.5594542,25.085742]},"properties":{"site_name":"台北市盲人福利協進會","tel":"(02)25585000","address":"內湖路1段47巷口臨文湖街11巷","full_address":"臺北市內湖區內湖路1段47巷口臨文湖街11巷","resolved_county":"臺北市","resolved_district":"內湖區","service_type":"回收","item":"舊衣類","taipei_oldcloth_approval_no":"169","taipei_oldcloth_remark":"","data_source":"臺北市舊衣回收核准名冊(CSV)","geocode_ok":true,"geocode_provider":"google","geocode_tier":"cache","geocode_query":"臺北市內湖區內湖路1段47巷口臨文湖街11巷"}},{"type":"Feature","geometry":{"type":"Point","coordinates":[121.5600421,25.088941]},"properties":{"site_name":"台北市盲人福利協進會","tel":"(02)25585000","address":"文湖街21巷口停車場對面","full_address":"臺北市內湖區文湖街21巷口停車場對面","resolved_county":"臺北市","resolved_district":"內湖區","service_type":"回收","item":"舊衣類","taipei_oldcloth_approval_no":"170","taipei_oldcloth_remark":"","data_source":"臺北市舊衣回收核准名冊(CSV)","geocode_ok":true,"geocode_provider":"google","geocode_tier":"cache","geocode_query":"臺北市內湖區文湖街21巷口停車場對面"}},{"type":"Feature","geometry":{"type":"Point","coordinates":[121.5840142,25.0770655]},"properties":{"site_name":"台北市盲人福利協進會","tel":"(02)25585000","address":"文德路210巷30弄1號附近","full_address":"臺北市內湖區文德路210巷30弄1號附近","resolved_county":"臺北市","resolved_district":"內湖區","service_type":"回收","item":"舊衣類","taipei_oldcloth_approval_no":"171","taipei_oldcloth_remark":"","data_source":"臺北市舊衣回收核准名冊(CSV)","geocode_ok":true,"geocode_provider":"google","geocode_tier":"cache","geocode_query":"臺北市內湖區文德路210巷30弄1號附近"}},{"type":"Feature","geometry":{"type":"Point","coordinates":[121.5356399,25.0049228]},"properties":{"site_name":"台北市盲人福利協進會","tel":"(02)25585000","address":"汀州路4段146號對面公園邊","full_address":"臺北市文山區汀州路4段146號對面公園邊","resolved_county":"臺北市","resolved_district":"文山區","service_type":"回收","item":"舊衣類","taipei_oldcloth_approval_no":"172","taipei_oldcloth_remark":"","data_source":"臺北市舊衣回收核准名冊(CSV)","geocode_ok":true,"geocode_provider":"google","geocode_tier":"cache","geocode_query":"臺北市文山區汀州路4段146號對面公園邊"}},{"type":"Feature","geometry":{"type":"Point","coordinates":[121.4899128,25.0335484]},"properties":{"site_name":"台北市盲人福利協進會","tel":"(02)25585000","address":"環河南路2段250巷25弄22號旁","full_address":"臺北市萬華區環河南路2段250巷25弄22號旁","resolved_county":"臺北市","resolved_district":"萬華區","service_type":"回收","item":"舊衣類","taipei_oldcloth_approval_no":"173","taipei_oldcloth_remark":"","data_source":"臺北市舊衣回收核准名冊(CSV)","geocode_ok":true,"geocode_provider":"google","geocode_tier":"cache","geocode_query":"臺北市萬華區環河南路2段250巷25弄22號旁"}},{"type":"Feature","geometry":{"type":"Point","coordinates":[121.5371801,25.0020936]},"properties":{"site_name":"台北市盲人福利協進會","tel":"(02)25585000","address":"羅斯福路5段218巷口內電線桿後","full_address":"臺北市文山區羅斯福路5段218巷口內電線桿後","resolved_county":"臺北市","resolved_district":"文山區","service_type":"回收","item":"舊衣類","taipei_oldcloth_approval_no":"174","taipei_oldcloth_remark":"","data_source":"臺北市舊衣回收核准名冊(CSV)","geocode_ok":true,"geocode_provider":"google","geocode_tier":"cache","geocode_query":"臺北市文山區羅斯福路5段218巷口內電線桿後"}},{"type":"Feature","geometry":{"type":"Point","coordinates":[121.536741,25.004396]},"properties":{"site_name":"台北市盲人福利協進會","tel":"(02)25585000","address":"羅斯福路5段176巷40號","full_address":"臺北市文山區羅斯福路5段176巷40號","resolved_county":"臺北市","resolved_district":"文山區","service_type":"回收","item":"舊衣類","taipei_oldcloth_approval_no":"175","taipei_oldcloth_remark":"","data_source":"臺北市舊衣回收核准名冊(CSV)","geocode_ok":true,"geocode_provider":"google","geocode_tier":"cache","geocode_query":"臺北市文山區羅斯福路5段176巷40號"}},{"type":"Feature","geometry":{"type":"Point","coordinates":[121.5556082,25.0584343]},"properties":{"site_name":"財團法人台北市樹仁社會福利基金會","tel":"(02)25585000","address":"民生東路5段163之1號銀行前方(行道樹旁)","full_address":"臺北市松山區民生東路5段163之1號銀行前方(行道樹旁)","resolved_county":"臺北市","resolved_district":"松山區","service_type":"回收","item":"舊衣類","taipei_oldcloth_approval_no":"176","taipei_oldcloth_remark":"","data_source":"臺北市舊衣回收核准名冊(CSV)","geocode_ok":true,"geocode_provider":"google","geocode_tier":"cache","geocode_query":"臺北市松山區民生東路5段163之1號銀行前方(行道樹旁)"}},{"type":"Feature","geometry":{"type":"Point","coordinates":[121.5556741,25.0563773]},"properties":{"site_name":"台北市盲人福利協進會","tel":"(02)25585000","address":"光復北路165巷口(85度C對面)","full_address":"臺北市松山區光復北路165巷口(85度C對面)","resolved_county":"臺北市","resolved_district":"松山區","service_type":"回收","item":"舊衣類","taipei_oldcloth_approval_no":"177","taipei_oldcloth_remark":"","data_source":"臺北市舊衣回收核准名冊(CSV)","geocode_ok":true,"geocode_provider":"google","geocode_tier":"cache","geocode_query":"臺北市松山區光復北路165巷口(85度C對面)"}},{"type":"Feature","geometry":{"type":"Point","coordinates":[121.5667673,25.0277791]},"properties":{"site_name":"台北市盲人福利協進會","tel":"(02)25585000","address":"莊敬路423巷底空地人行道","full_address":"臺北市信義區莊敬路423巷底空地人行道","resolved_county":"臺北市","resolved_district":"信義區","service_type":"回收","item":"舊衣類","taipei_oldcloth_approval_no":"178","taipei_oldcloth_remark":"","data_source":"臺北市舊衣回收核准名冊(CSV)","geocode_ok":true,"geocode_provider":"google","geocode_tier":"cache","geocode_query":"臺北市信義區莊敬路423巷底空地人行道"}},{"type":"Feature","geometry":{"type":"Point","coordinates":[121.6139766,25.056099]},"properties":{"site_name":"台北市盲人福利協進會","tel":"(02)25585000","address":"三重路32巷口","full_address":"臺北市南港區三重路32巷口","resolved_county":"臺北市","resolved_district":"南港區","service_type":"回收","item":"舊衣類","taipei_oldcloth_approval_no":"179","taipei_oldcloth_remark":"","data_source":"臺北市舊衣回收核准名冊(CSV)","geocode_ok":true,"geocode_provider":"google","geocode_tier":"cache","geocode_query":"臺北市南港區三重路32巷口"}},{"type":"Feature","geometry":{"type":"Point","coordinates":[121.592621,25.048946]},"properties":{"site_name":"台北市盲人福利協進會","tel":"(02)25585000","address":"昆陽街140巷42弄18號對面","full_address":"臺北市南港區昆陽街140巷42弄18號對面","resolved_county":"臺北市","resolved_district":"南港區","service_type":"回收","item":"舊衣類","taipei_oldcloth_approval_no":"180","taipei_oldcloth_remark":"","data_source":"臺北市舊衣回收核准名冊(CSV)","geocode_ok":true,"geocode_provider":"google","geocode_tier":"cache","geocode_query":"臺北市南港區昆陽街140巷42弄18號對面"}},{"type":"Feature","geometry":{"type":"Point","coordinates":[121.587768,25.0458218]},"properties":{"site_name":"台北市盲人福利協進會","tel":"(02)25585000","address":"東新街108巷10號對面","full_address":"臺北市南港區東新街108巷10號對面","resolved_county":"臺北市","resolved_district":"南港區","service_type":"回收","item":"舊衣類","taipei_oldcloth_approval_no":"181","taipei_oldcloth_remark":"","data_source":"臺北市舊衣回收核准名冊(CSV)","geocode_ok":true,"geocode_provider":"google","geocode_tier":"cache","geocode_query":"臺北市南港區東新街108巷10號對面"}},{"type":"Feature","geometry":{"type":"Point","coordinates":[121.5009847,25.0196827]},"properties":{"site_name":"台北市盲人福利協進會","tel":"(02)25585000","address":"青年路152巷57號旁","full_address":"臺北市萬華區青年路152巷57號旁","resolved_county":"臺北市","resolved_district":"萬華區","service_type":"回收","item":"舊衣類","taipei_oldcloth_approval_no":"182","taipei_oldcloth_remark":"","data_source":"臺北市舊衣回收核准名冊(CSV)","geocode_ok":true,"geocode_provider":"google","geocode_tier":"cache","geocode_query":"臺北市萬華區青年路152巷57號旁"}},{"type":"Feature","geometry":{"type":"Point","coordinates":[121.4954397,25.0372684]},"properties":{"site_name":"台北市盲人福利協進會","tel":"(02)25585000","address":"環河南路2段100巷柳鄉公園","full_address":"臺北市萬華區環河南路2段100巷柳鄉公園","resolved_county":"臺北市","resolved_district":"萬華區","service_type":"回收","item":"舊衣類","taipei_oldcloth_approval_no":"183","taipei_oldcloth_remark":"","data_source":"臺北市舊衣回收核准名冊(CSV)","geocode_ok":true,"geocode_provider":"google","geocode_tier":"cache","geocode_query":"臺北市萬華區環河南路2段100巷柳鄉公園"}},{"type":"Feature","geometry":{"type":"Point","coordinates":[121.4996921,25.0263094]},"properties":{"site_name":"台北市盲人福利協進會","tel":"(02)25585000","address":"民和街18號對面","full_address":"臺北市萬華區民和街18號對面","resolved_county":"臺北市","resolved_district":"萬華區","service_type":"回收","item":"舊衣類","taipei_oldcloth_approval_no":"184","taipei_oldcloth_remark":"","data_source":"臺北市舊衣回收核准名冊(CSV)","geocode_ok":true,"geocode_provider":"google","geocode_tier":"cache","geocode_query":"臺北市萬華區民和街18號對面"}},{"type":"Feature","geometry":{"type":"Point","coordinates":[121.5021305,25.023592]},"properties":{"site_name":"台北市盲人福利協進會","tel":"(02)25585000","address":"青年路68巷口","full_address":"臺北市萬華區青年路68巷口","resolved_county":"臺北市","resolved_district":"萬華區","service_type":"回收","item":"舊衣類","taipei_oldcloth_approval_no":"185","taipei_oldcloth_remark":"","data_source":"臺北市舊衣回收核准名冊(CSV)","geocode_ok":true,"geocode_provider":"google","geocode_tier":"cache","geocode_query":"臺北市萬華區青年路68巷口"}},{"type":"Feature","geometry":{"type":"Point","coordinates":[121.5516852,25.0196079]},"properties":{"site_name":"台北市盲人福利協進會","tel":"(02)25585000","address":"臥龍街131巷13弄1號","full_address":"臺北市大安區臥龍街131巷13弄1號","resolved_county":"臺北市","resolved_district":"大安區","service_type":"回收","item":"舊衣類","taipei_oldcloth_approval_no":"186","taipei_oldcloth_remark":"","data_source":"臺北市舊衣回收核准名冊(CSV)","geocode_ok":true,"geocode_provider":"google","geocode_tier":"cache","geocode_query":"臺北市大安區臥龍街131巷13弄1號"}},{"type":"Feature","geometry":{"type":"Point","coordinates":[121.5429872,25.0390748]},"properties":{"site_name":"台北市盲人福利協進會","tel":"(02)25585000","address":"仁愛路3段123巷9弄口公告欄旁","full_address":"臺北市大安區仁愛路3段123巷9弄口公告欄旁","resolved_county":"臺北市","resolved_district":"大安區","service_type":"回收","item":"舊衣類","taipei_oldcloth_approval_no":"187","taipei_oldcloth_remark":"","data_source":"臺北市舊衣回收核准名冊(CSV)","geocode_ok":true,"geocode_provider":"google","geocode_tier":"cache","geocode_query":"臺北市大安區仁愛路3段123巷9弄口公告欄旁"}},{"type":"Feature","geometry":{"type":"Point","coordinates":[121.5241445,25.0971496]},"properties":{"site_name":"台北市盲人福利協進會","tel":"(02)25585000","address":"中正路213巷口（鄰近永和豆漿店）側邊牆面","full_address":"臺北市士林區中正路213巷口（鄰近永和豆漿店）側邊牆面","resolved_county":"臺北市","resolved_district":"士林區","service_type":"回收","item":"舊衣類","taipei_oldcloth_approval_no":"188","taipei_oldcloth_remark":"","data_source":"臺北市舊衣回收核准名冊(CSV)","geocode_ok":true,"geocode_provider":"google","geocode_tier":"cache","geocode_query":"臺北市士林區中正路213巷口（鄰近永和豆漿店）側邊牆面"}},{"type":"Feature","geometry":{"type":"Point","coordinates":[121.5412737,25.0416091]},"properties":{"site_name":"台北市盲人福利協進會","tel":"(02)25585000","address":"忠孝東路3段248巷13弄頭","full_address":"臺北市大安區忠孝東路3段248巷13弄頭","resolved_county":"臺北市","resolved_district":"大安區","service_type":"回收","item":"舊衣類","taipei_oldcloth_approval_no":"189","taipei_oldcloth_remark":"","data_source":"臺北市舊衣回收核准名冊(CSV)","geocode_ok":true,"geocode_provider":"google","geocode_tier":"cache","geocode_query":"臺北市大安區忠孝東路3段248巷13弄頭"}},{"type":"Feature","geometry":{"type":"Point","coordinates":[121.4910472,25.0334846]},"properties":{"site_name":"台北市盲人福利協進會","tel":"(02)25585000","address":"環河南路2段250巷15號邊","full_address":"臺北市萬華區環河南路2段250巷15號邊","resolved_county":"臺北市","resolved_district":"萬華區","service_type":"回收","item":"舊衣類","taipei_oldcloth_approval_no":"190","taipei_oldcloth_remark":"","data_source":"臺北市舊衣回收核准名冊(CSV)","geocode_ok":true,"geocode_provider":"google","geocode_tier":"cache","geocode_query":"臺北市萬華區環河南路2段250巷15號邊"}},{"type":"Feature","geometry":{"type":"Point","coordinates":[121.4912141,25.0324215]},"properties":{"site_name":"台北市盲人福利協進會","tel":"(02)25585000","address":"環河南路2段278號對面","full_address":"臺北市萬華區環河南路2段278號對面","resolved_county":"臺北市","resolved_district":"萬華區","service_type":"回收","item":"舊衣類","taipei_oldcloth_approval_no":"191","taipei_oldcloth_remark":"","data_source":"臺北市舊衣回收核准名冊(CSV)","geocode_ok":true,"geocode_provider":"google","geocode_tier":"cache","geocode_query":"臺北市萬華區環河南路2段278號對面"}},{"type":"Feature","geometry":{"type":"Point","coordinates":[121.568743,24.983128]},"properties":{"site_name":"台北市盲人福利協進會","tel":"(02)25585000","address":"木新路2段161巷12弄10號對面電桿旁","full_address":"臺北市文山區木新路2段161巷12弄10號對面電桿旁","resolved_county":"臺北市","resolved_district":"文山區","service_type":"回收","item":"舊衣類","taipei_oldcloth_approval_no":"192","taipei_oldcloth_remark":"","data_source":"臺北市舊衣回收核准名冊(CSV)","geocode_ok":true,"geocode_provider":"google","geocode_tier":"cache","geocode_query":"臺北市文山區木新路2段161巷12弄10號對面電桿旁"}},{"type":"Feature","geometry":{"type":"Point","coordinates":[121.4985075,25.0244311]},"properties":{"site_name":"台北市盲人福利協進會","tel":"(02)25585000","address":"萬大路322巷55弄1號對面","full_address":"臺北市萬華區萬大路322巷55弄1號對面","resolved_county":"臺北市","resolved_district":"萬華區","service_type":"回收","item":"舊衣類","taipei_oldcloth_approval_no":"193","taipei_oldcloth_remark":"","data_source":"臺北市舊衣回收核准名冊(CSV)","geocode_ok":true,"geocode_provider":"google","geocode_tier":"cache","geocode_query":"臺北市萬華區萬大路322巷55弄1號對面"}},{"type":"Feature","geometry":{"type":"Point","coordinates":[121.5184962,25.0694739]},"properties":{"site_name":"台北市盲人福利協進會","tel":"(02)25585000","address":"承德路3段191巷口","full_address":"臺北市大同區承德路3段191巷口","resolved_county":"臺北市","resolved_district":"大同區","service_type":"回收","item":"舊衣類","taipei_oldcloth_approval_no":"195","taipei_oldcloth_remark":"","data_source":"臺北市舊衣回收核准名冊(CSV)","geocode_ok":true,"geocode_provider":"google","geocode_tier":"cache","geocode_query":"臺北市大同區承德路3段191巷口"}},{"type":"Feature","geometry":{"type":"Point","coordinates":[121.5194989,25.0742508]},"properties":{"site_name":"台北市盲人福利協進會","tel":"(02)25585000","address":"承德路3段292號旁邊","full_address":"臺北市大同區承德路3段292號旁邊","resolved_county":"臺北市","resolved_district":"大同區","service_type":"回收","item":"舊衣類","taipei_oldcloth_approval_no":"196","taipei_oldcloth_remark":"","data_source":"臺北市舊衣回收核准名冊(CSV)","geocode_ok":true,"geocode_provider":"google","geocode_tier":"cache","geocode_query":"臺北市大同區承德路3段292號旁邊"}},{"type":"Feature","geometry":{"type":"Point","coordinates":[121.5264796,25.0937249]},"properties":{"site_name":"台北市盲人福利協進會","tel":"(02)25585000","address":"中正路235巷57號對面","full_address":"臺北市士林區中正路235巷57號對面","resolved_county":"臺北市","resolved_district":"士林區","service_type":"回收","item":"舊衣類","taipei_oldcloth_approval_no":"197","taipei_oldcloth_remark":"","data_source":"臺北市舊衣回收核准名冊(CSV)","geocode_ok":true,"geocode_provider":"google","geocode_tier":"cache","geocode_query":"臺北市士林區中正路235巷57號對面"}},{"type":"Feature","geometry":{"type":"Point","coordinates":[121.5272149,25.0931721]},"properties":{"site_name":"台北市盲人福利協進會","tel":"(02)25585000","address":"中山北路5段505巷口","full_address":"臺北市士林區中山北路5段505巷口","resolved_county":"臺北市","resolved_district":"士林區","service_type":"回收","item":"舊衣類","taipei_oldcloth_approval_no":"198","taipei_oldcloth_remark":"","data_source":"臺北市舊衣回收核准名冊(CSV)","geocode_ok":true,"geocode_provider":"google","geocode_tier":"cache","geocode_query":"臺北市士林區中山北路5段505巷口"}},{"type":"Feature","geometry":{"type":"Point","coordinates":[121.5143128,25.0711541]},"properties":{"site_name":"台北市盲人福利協進會","tel":"(02)25585000","address":"重慶北路3段243巷8號","full_address":"臺北市大同區重慶北路3段243巷8號","resolved_county":"臺北市","resolved_district":"大同區","service_type":"回收","item":"舊衣類","taipei_oldcloth_approval_no":"199","taipei_oldcloth_remark":"","data_source":"臺北市舊衣回收核准名冊(CSV)","geocode_ok":true,"geocode_provider":"google","geocode_tier":"cache","geocode_query":"臺北市大同區重慶北路3段243巷8號"}},{"type":"Feature","geometry":{"type":"Point","coordinates":[121.5213,25.0753655]},"properties":{"site_name":"台北市盲人福利協進會","tel":"(02)25585000","address":"承德路3段301巷對面","full_address":"臺北市大同區承德路3段301巷對面","resolved_county":"臺北市","resolved_district":"大同區","service_type":"回收","item":"舊衣類","taipei_oldcloth_approval_no":"200","taipei_oldcloth_remark":"","data_source":"臺北市舊衣回收核准名冊(CSV)","geocode_ok":true,"geocode_provider":"google","geocode_tier":"cache","geocode_query":"臺北市大同區承德路3段301巷對面"}},{"type":"Feature","geometry":{"type":"Point","coordinates":[121.5613288,24.9843258]},"properties":{"site_name":"台北市視障生活品質福利促進會","tel":"(02)25587370","address":"忠順街1段48巷5弄2號前","full_address":"臺北市文山區忠順街1段48巷5弄2號前","resolved_county":"臺北市","resolved_district":"文山區","service_type":"回收","item":"舊衣類","taipei_oldcloth_approval_no":"1215","taipei_oldcloth_remark":"","data_source":"臺北市舊衣回收核准名冊(CSV)","geocode_ok":true,"geocode_provider":"google","geocode_tier":"cache","geocode_query":"臺北市文山區忠順街1段48巷5弄2號前"}},{"type":"Feature","geometry":{"type":"Point","coordinates":[121.5869634,25.0431003]},"properties":{"site_name":"台北市視障生活品質福利促進會","tel":"(02)25587370","address":"成福路83號對面","full_address":"臺北市南港區成福路83號對面","resolved_county":"臺北市","resolved_district":"南港區","service_type":"回收","item":"舊衣類","taipei_oldcloth_approval_no":"202","taipei_oldcloth_remark":"","data_source":"臺北市舊衣回收核准名冊(CSV)","geocode_ok":true,"geocode_provider":"google","geocode_tier":"cache","geocode_query":"臺北市南港區成福路83號對面"}},{"type":"Feature","geometry":{"type":"Point","coordinates":[121.5212947,25.0846828]},"properties":{"site_name":"台北市視障生活品質福利促進會","tel":"(02)25587370","address":"前港街38號對面公園內","full_address":"臺北市士林區前港街38號對面公園內","resolved_county":"臺北市","resolved_district":"士林區","service_type":"回收","item":"舊衣類","taipei_oldcloth_approval_no":"203","taipei_oldcloth_remark":"","data_source":"臺北市舊衣回收核准名冊(CSV)","geocode_ok":true,"geocode_provider":"google","geocode_tier":"cache","geocode_query":"臺北市士林區前港街38號對面公園內"}},{"type":"Feature","geometry":{"type":"Point","coordinates":[121.5797427,24.9838074]},"properties":{"site_name":"台北市視障生活品質福利促進會","tel":"(02)25587370","address":"指南路3段53號對面電箱旁","full_address":"臺北市文山區指南路3段53號對面電箱旁","resolved_county":"臺北市","resolved_district":"文山區","service_type":"回收","item":"舊衣類","taipei_oldcloth_approval_no":"204","taipei_oldcloth_remark":"","data_source":"臺北市舊衣回收核准名冊(CSV)","geocode_ok":true,"geocode_provider":"google","geocode_tier":"cache","geocode_query":"臺北市文山區指南路3段53號對面電箱旁"}},{"type":"Feature","geometry":{"type":"Point","coordinates":[121.4684141,25.1193034]},"properties":{"site_name":"台北市視障生活品質福利促進會","tel":"(02)25587370","address":"知行路210巷40號對面大樹旁","full_address":"臺北市北投區知行路210巷40號對面大樹旁","resolved_county":"臺北市","resolved_district":"北投區","service_type":"回收","item":"舊衣類","taipei_oldcloth_approval_no":"206","taipei_oldcloth_remark":"","data_source":"臺北市舊衣回收核准名冊(CSV)","geocode_ok":true,"geocode_provider":"google","geocode_tier":"cache","geocode_query":"臺北市北投區知行路210巷40號對面大樹旁"}},{"type":"Feature","geometry":{"type":"Point","coordinates":[121.5031076,25.0895523]},"properties":{"site_name":"台北市視障生活品質福利促進會","tel":"(02)25587370","address":"社子街尾與延平北路6段口","full_address":"臺北市士林區社子街尾與延平北路6段口","resolved_county":"臺北市","resolved_district":"士林區","service_type":"回收","item":"舊衣類","taipei_oldcloth_approval_no":"207","taipei_oldcloth_remark":"","data_source":"臺北市舊衣回收核准名冊(CSV)","geocode_ok":true,"geocode_provider":"google","geocode_tier":"cache","geocode_query":"臺北市士林區社子街尾與延平北路6段口"}},{"type":"Feature","geometry":{"type":"Point","coordinates":[121.5126399,25.0726963]},"properties":{"site_name":"台北市視障生活品質福利促進會","tel":"(02)25587370","address":"迪化街2段348號旁","full_address":"臺北市士林區迪化街2段348號旁","resolved_county":"臺北市","resolved_district":"士林區","service_type":"回收","item":"舊衣類","taipei_oldcloth_approval_no":"208","taipei_oldcloth_remark":"","data_source":"臺北市舊衣回收核准名冊(CSV)","geocode_ok":true,"geocode_provider":"google","geocode_tier":"cache","geocode_query":"臺北市士林區迪化街2段348號旁"}},{"type":"Feature","geometry":{"type":"Point","coordinates":[121.5194883,25.0850156]},"properties":{"site_name":"台北市視障生活品質福利促進會","tel":"(02)25587370","address":"前港街88號對面公園旁","full_address":"臺北市士林區前港街88號對面公園旁","resolved_county":"臺北市","resolved_district":"士林區","service_type":"回收","item":"舊衣類","taipei_oldcloth_approval_no":"209","taipei_oldcloth_remark":"","data_source":"臺北市舊衣回收核准名冊(CSV)","geocode_ok":true,"geocode_provider":"google","geocode_tier":"cache","geocode_query":"臺北市士林區前港街88號對面公園旁"}},{"type":"Feature","geometry":{"type":"Point","coordinates":[121.5273797,25.1063544]},"properties":{"site_name":"台北市視障生活品質福利促進會","tel":"(02)25587370","address":"德行東路74巷口電信箱旁","full_address":"臺北市士林區德行東路74巷口電信箱旁","resolved_county":"臺北市","resolved_district":"士林區","service_type":"回收","item":"舊衣類","taipei_oldcloth_approval_no":"210","taipei_oldcloth_remark":"","data_source":"臺北市舊衣回收核准名冊(CSV)","geocode_ok":true,"geocode_provider":"google","geocode_tier":"cache","geocode_query":"臺北市士林區德行東路74巷口電信箱旁"}},{"type":"Feature","geometry":{"type":"Point","coordinates":[121.5106275,25.0688344]},"properties":{"site_name":"台北市視障生活品質福利促進會","tel":"(02)25587370","address":"民族西路277號對面","full_address":"臺北市大同區民族西路277號對面","resolved_county":"臺北市","resolved_district":"大同區","service_type":"回收","item":"舊衣類","taipei_oldcloth_approval_no":"211","taipei_oldcloth_remark":"","data_source":"臺北市舊衣回收核准名冊(CSV)","geocode_ok":true,"geocode_provider":"google","geocode_tier":"cache","geocode_query":"臺北市大同區民族西路277號對面"}},{"type":"Feature","geometry":{"type":"Point","coordinates":[121.5196308,25.0520605]},"properties":{"site_name":"台北市視障生活品質福利促進會","tel":"(02)25587370","address":"南京西路18巷6弄口","full_address":"臺北市大同區南京西路18巷6弄口","resolved_county":"臺北市","resolved_district":"大同區","service_type":"回收","item":"舊衣類","taipei_oldcloth_approval_no":"212","taipei_oldcloth_remark":"","data_source":"臺北市舊衣回收核准名冊(CSV)","geocode_ok":true,"geocode_provider":"google","geocode_tier":"cache","geocode_query":"臺北市大同區南京西路18巷6弄口"}},{"type":"Feature","geometry":{"type":"Point","coordinates":[121.508035,25.0826825]},"properties":{"site_name":"台北市視障生活品質福利促進會","tel":"(02)25587370","address":"葫蘆街110號對面電箱旁","full_address":"臺北市士林區葫蘆街110號對面電箱旁","resolved_county":"臺北市","resolved_district":"士林區","service_type":"回收","item":"舊衣類","taipei_oldcloth_approval_no":"213","taipei_oldcloth_remark":"","data_source":"臺北市舊衣回收核准名冊(CSV)","geocode_ok":true,"geocode_provider":"google","geocode_tier":"cache","geocode_query":"臺北市士林區葫蘆街110號對面電箱旁"}},{"type":"Feature","geometry":{"type":"Point","coordinates":[121.5085425,25.0835417]},"properties":{"site_name":"台北市視障生活品質福利促進會","tel":"(02)25587370","address":"葫蘆街140對面電杆旁","full_address":"臺北市士林區葫蘆街140對面電杆旁","resolved_county":"臺北市","resolved_district":"士林區","service_type":"回收","item":"舊衣類","taipei_oldcloth_approval_no":"214","taipei_oldcloth_remark":"","data_source":"臺北市舊衣回收核准名冊(CSV)","geocode_ok":true,"geocode_provider":"google","geocode_tier":"cache","geocode_query":"臺北市士林區葫蘆街140對面電杆旁"}},{"type":"Feature","geometry":{"type":"Point","coordinates":[121.5111368,25.0658177]},"properties":{"site_name":"台北市視障生活品質福利促進會","tel":"(02)25587370","address":"延平北路3段61-5號旁(7-11)","full_address":"臺北市大同區延平北路3段61-5號旁(7-11)","resolved_county":"臺北市","resolved_district":"大同區","service_type":"回收","item":"舊衣類","taipei_oldcloth_approval_no":"215","taipei_oldcloth_remark":"","data_source":"臺北市舊衣回收核准名冊(CSV)","geocode_ok":true,"geocode_provider":"google","geocode_tier":"cache","geocode_query":"臺北市大同區延平北路3段61-5號旁(7-11)"}},{"type":"Feature","geometry":{"type":"Point","coordinates":[121.6151605,25.0454307]},"properties":{"site_name":"台北市視障生活品質福利促進會","tel":"(02)25587370","address":"研究院路2段78號業面公車站牌旁","full_address":"臺北市南港區研究院路2段78號業面公車站牌旁","resolved_county":"臺北市","resolved_district":"南港區","service_type":"回收","item":"舊衣類","taipei_oldcloth_approval_no":"216","taipei_oldcloth_remark":"","data_source":"臺北市舊衣回收核准名冊(CSV)","geocode_ok":true,"geocode_provider":"google","geocode_tier":"cache","geocode_query":"臺北市南港區研究院路2段78號業面公車站牌旁"}},{"type":"Feature","geometry":{"type":"Point","coordinates":[121.5051672,25.0879834]},"properties":{"site_name":"台北市視障生活品質福利促進會","tel":"(02)25587370","address":"社子街124號對面","full_address":"臺北市士林區社子街124號對面","resolved_county":"臺北市","resolved_district":"士林區","service_type":"回收","item":"舊衣類","taipei_oldcloth_approval_no":"217","taipei_oldcloth_remark":"","data_source":"臺北市舊衣回收核准名冊(CSV)","geocode_ok":true,"geocode_provider":"google","geocode_tier":"cache","geocode_query":"臺北市士林區社子街124號對面"}},{"type":"Feature","geometry":{"type":"Point","coordinates":[121.5185829,25.0521528]},"properties":{"site_name":"台北市視障生活品質福利促進會","tel":"(02)25587370","address":"南京西路64巷14-4號","full_address":"臺北市大同區南京西路64巷14-4號","resolved_county":"臺北市","resolved_district":"大同區","service_type":"回收","item":"舊衣類","taipei_oldcloth_approval_no":"218","taipei_oldcloth_remark":"","data_source":"臺北市舊衣回收核准名冊(CSV)","geocode_ok":true,"geocode_provider":"google","geocode_tier":"cache","geocode_query":"臺北市大同區南京西路64巷14-4號"}},{"type":"Feature","geometry":{"type":"Point","coordinates":[121.5277862,25.1029397]},"properties":{"site_name":"台北市視障生活品質福利促進會","tel":"(02)25587370","address":"雨聲街65巷口對面活動中心前","full_address":"臺北市士林區雨聲街65巷口對面活動中心前","resolved_county":"臺北市","resolved_district":"士林區","service_type":"回收","item":"舊衣類","taipei_oldcloth_approval_no":"219","taipei_oldcloth_remark":"","data_source":"臺北市舊衣回收核准名冊(CSV)","geocode_ok":true,"geocode_provider":"google","geocode_tier":"cache","geocode_query":"臺北市士林區雨聲街65巷口對面活動中心前"}},{"type":"Feature","geometry":{"type":"Point","coordinates":[121.5959054,25.0685241]},"properties":{"site_name":"台北市視障生活品質福利促進會","tel":"(02)25587370","address":"民權東路6段163巷電信箱旁","full_address":"臺北市內湖區民權東路6段163巷電信箱旁","resolved_county":"臺北市","resolved_district":"內湖區","service_type":"回收","item":"舊衣類","taipei_oldcloth_approval_no":"220","taipei_oldcloth_remark":"","data_source":"臺北市舊衣回收核准名冊(CSV)","geocode_ok":true,"geocode_provider":"google","geocode_tier":"cache","geocode_query":"臺北市內湖區民權東路6段163巷電信箱旁"}},{"type":"Feature","geometry":{"type":"Point","coordinates":[121.523513,25.1087263]},"properties":{"site_name":"台北市視障生活品質福利促進會","tel":"(02)25587370","address":"磺溪街94巷右邊電線桿旁","full_address":"臺北市士林區磺溪街94巷右邊電線桿旁","resolved_county":"臺北市","resolved_district":"士林區","service_type":"回收","item":"舊衣類","taipei_oldcloth_approval_no":"221","taipei_oldcloth_remark":"","data_source":"臺北市舊衣回收核准名冊(CSV)","geocode_ok":true,"geocode_provider":"google","geocode_tier":"cache","geocode_query":"臺北市士林區磺溪街94巷右邊電線桿旁"}},{"type":"Feature","geometry":{"type":"Point","coordinates":[121.5109793,25.0645608]},"properties":{"site_name":"台北市視障生活品質福利促進會","tel":"(02)25587370","address":"延平北路3段40號(萊爾富)旁","full_address":"臺北市大同區延平北路3段40號(萊爾富)旁","resolved_county":"臺北市","resolved_district":"大同區","service_type":"回收","item":"舊衣類","taipei_oldcloth_approval_no":"222","taipei_oldcloth_remark":"","data_source":"臺北市舊衣回收核准名冊(CSV)","geocode_ok":true,"geocode_provider":"google","geocode_tier":"cache","geocode_query":"臺北市大同區延平北路3段40號(萊爾富)旁"}},{"type":"Feature","geometry":{"type":"Point","coordinates":[121.5121781,25.0647331]},"properties":{"site_name":"台北市視障生活品質福利促進會","tel":"(02)25587370","address":"伊寧街39號對面電箱旁","full_address":"臺北市大同區伊寧街39號對面電箱旁","resolved_county":"臺北市","resolved_district":"大同區","service_type":"回收","item":"舊衣類","taipei_oldcloth_approval_no":"223","taipei_oldcloth_remark":"","data_source":"臺北市舊衣回收核准名冊(CSV)","geocode_ok":true,"geocode_provider":"google","geocode_tier":"cache","geocode_query":"臺北市大同區伊寧街39號對面電箱旁"}},{"type":"Feature","geometry":{"type":"Point","coordinates":[121.5124477,25.0558894]},"properties":{"site_name":"台北市視障生活品質福利促進會","tel":"(02)25587370","address":"南京西路167巷24號旁","full_address":"臺北市大同區南京西路167巷24號旁","resolved_county":"臺北市","resolved_district":"大同區","service_type":"回收","item":"舊衣類","taipei_oldcloth_approval_no":"224","taipei_oldcloth_remark":"","data_source":"臺北市舊衣回收核准名冊(CSV)","geocode_ok":true,"geocode_provider":"google","geocode_tier":"cache","geocode_query":"臺北市大同區南京西路167巷24號旁"}},{"type":"Feature","geometry":{"type":"Point","coordinates":[121.5191156,25.0740096]},"properties":{"site_name":"台北市視障生活品質福利促進會","tel":"(02)25587370","address":"承街路1段41巷口","full_address":"臺北市大同區承街路1段41巷口","resolved_county":"臺北市","resolved_district":"大同區","service_type":"回收","item":"舊衣類","taipei_oldcloth_approval_no":"225","taipei_oldcloth_remark":"","data_source":"臺北市舊衣回收核准名冊(CSV)","geocode_ok":true,"geocode_provider":"google","geocode_tier":"cache","geocode_query":"臺北市大同區承街路1段41巷口"}},{"type":"Feature","geometry":{"type":"Point","coordinates":[121.5120766,25.0531827]},"properties":{"site_name":"台北市視障生活品質福利促進會","tel":"(02)25587370","address":"南京西路344巷8-9號旁","full_address":"臺北市大同區南京西路344巷8-9號旁","resolved_county":"臺北市","resolved_district":"大同區","service_type":"回收","item":"舊衣類","taipei_oldcloth_approval_no":"226","taipei_oldcloth_remark":"","data_source":"臺北市舊衣回收核准名冊(CSV)","geocode_ok":true,"geocode_provider":"google","geocode_tier":"cache","geocode_query":"臺北市大同區南京西路344巷8-9號旁"}},{"type":"Feature","geometry":{"type":"Point","coordinates":[121.5223685,25.0251905]},"properties":{"site_name":"台北市視障生活品質福利促進會","tel":"(02)25587370","address":"同安街18號對面","full_address":"臺北市中正區同安街18號對面","resolved_county":"臺北市","resolved_district":"中正區","service_type":"回收","item":"舊衣類","taipei_oldcloth_approval_no":"227","taipei_oldcloth_remark":"","data_source":"臺北市舊衣回收核准名冊(CSV)","geocode_ok":true,"geocode_provider":"google","geocode_tier":"cache","geocode_query":"臺北市中正區同安街18號對面"}},{"type":"Feature","geometry":{"type":"Point","coordinates":[121.5285969,25.0236597]},"properties":{"site_name":"台北市視障生活品質福利促進會","tel":"(02)25587370","address":"師大路71號前","full_address":"臺北市大安區師大路71號前","resolved_county":"臺北市","resolved_district":"大安區","service_type":"回收","item":"舊衣類","taipei_oldcloth_approval_no":"228","taipei_oldcloth_remark":"","data_source":"臺北市舊衣回收核准名冊(CSV)","geocode_ok":true,"geocode_provider":"google","geocode_tier":"cache","geocode_query":"臺北市大安區師大路71號前"}},{"type":"Feature","geometry":{"type":"Point","coordinates":[121.5310856,25.0241518]},"properties":{"site_name":"台北市視障生活品質福利促進會","tel":"(02)25587370","address":"泰順街40巷8號斜對面反光鏡右方","full_address":"臺北市大安區泰順街40巷8號斜對面反光鏡右方","resolved_county":"臺北市","resolved_district":"大安區","service_type":"回收","item":"舊衣類","taipei_oldcloth_approval_no":"229","taipei_oldcloth_remark":"","data_source":"臺北市舊衣回收核准名冊(CSV)","geocode_ok":true,"geocode_provider":"google","geocode_tier":"cache","geocode_query":"臺北市大安區泰順街40巷8號斜對面反光鏡右方"}},{"type":"Feature","geometry":{"type":"Point","coordinates":[121.5321226,25.1178053]},"properties":{"site_name":"台北市視障生活品質福利促進會","tel":"(02)25587370","address":"福華街164巷16號旁","full_address":"臺北市士林區福華街164巷16號旁","resolved_county":"臺北市","resolved_district":"士林區","service_type":"回收","item":"舊衣類","taipei_oldcloth_approval_no":"230","taipei_oldcloth_remark":"","data_source":"臺北市舊衣回收核准名冊(CSV)","geocode_ok":true,"geocode_provider":"google","geocode_tier":"cache","geocode_query":"臺北市士林區福華街164巷16號旁"}},{"type":"Feature","geometry":{"type":"Point","coordinates":[121.5246381,25.1014961]},"properties":{"site_name":"台北市視障生活品質福利促進會","tel":"(02)25587370","address":"福國路15巷口","full_address":"臺北市士林區福國路15巷口","resolved_county":"臺北市","resolved_district":"士林區","service_type":"回收","item":"舊衣類","taipei_oldcloth_approval_no":"231","taipei_oldcloth_remark":"","data_source":"臺北市舊衣回收核准名冊(CSV)","geocode_ok":true,"geocode_provider":"google","geocode_tier":"cache","geocode_query":"臺北市士林區福國路15巷口"}},{"type":"Feature","geometry":{"type":"Point","coordinates":[121.5234267,25.1029683]},"properties":{"site_name":"台北市視障生活品質福利促進會","tel":"(02)25587370","address":"福國路56巷12-2號旁","full_address":"臺北市士林區福國路56巷12-2號旁","resolved_county":"臺北市","resolved_district":"士林區","service_type":"回收","item":"舊衣類","taipei_oldcloth_approval_no":"232","taipei_oldcloth_remark":"","data_source":"臺北市舊衣回收核准名冊(CSV)","geocode_ok":true,"geocode_provider":"google","geocode_tier":"cache","geocode_query":"臺北市士林區福國路56巷12-2號旁"}},{"type":"Feature","geometry":{"type":"Point","coordinates":[121.5266389,25.0550595]},"properties":{"site_name":"台北市視障生活品質福利促進會","tel":"(02)25587370","address":"長春路71巷口右側","full_address":"臺北市中山區長春路71巷口右側","resolved_county":"臺北市","resolved_district":"中山區","service_type":"回收","item":"舊衣類","taipei_oldcloth_approval_no":"233","taipei_oldcloth_remark":"","data_source":"臺北市舊衣回收核准名冊(CSV)","geocode_ok":true,"geocode_provider":"google","geocode_tier":"cache","geocode_query":"臺北市中山區長春路71巷口右側"}},{"type":"Feature","geometry":{"type":"Point","coordinates":[121.524027,25.057142]},"properties":{"site_name":"台北市視障生活品質福利促進會","tel":"(02)25587370","address":"中山北路2段65巷13號旁","full_address":"臺北市中山區中山北路2段65巷13號旁","resolved_county":"臺北市","resolved_district":"中山區","service_type":"回收","item":"舊衣類","taipei_oldcloth_approval_no":"234","taipei_oldcloth_remark":"","data_source":"臺北市舊衣回收核准名冊(CSV)","geocode_ok":true,"geocode_provider":"google","geocode_tier":"cache","geocode_query":"臺北市中山區中山北路2段65巷13號旁"}},{"type":"Feature","geometry":{"type":"Point","coordinates":[121.5264185,25.0566148]},"properties":{"site_name":"台北市視障生活品質福利促進會","tel":"(02)25587370","address":"新生北路2段68巷口","full_address":"臺北市中山區新生北路2段68巷口","resolved_county":"臺北市","resolved_district":"中山區","service_type":"回收","item":"舊衣類","taipei_oldcloth_approval_no":"235","taipei_oldcloth_remark":"","data_source":"臺北市舊衣回收核准名冊(CSV)","geocode_ok":true,"geocode_provider":"google","geocode_tier":"cache","geocode_query":"臺北市中山區新生北路2段68巷口"}},{"type":"Feature","geometry":{"type":"Point","coordinates":[121.5313645,25.0561497]},"properties":{"site_name":"台北市心理復健家屬聯合協會","tel":"(02)23660399","address":"松江路170巷9號與長春路137巷12號對面公園（電氣設備旁）","full_address":"臺北市中山區松江路170巷9號與長春路137巷12號對面公園（電氣設備旁）","resolved_county":"臺北市","resolved_district":"中山區","service_type":"回收","item":"舊衣類","taipei_oldcloth_approval_no":"236","taipei_oldcloth_remark":"","data_source":"臺北市舊衣回收核准名冊(CSV)","geocode_ok":true,"geocode_provider":"google","geocode_tier":"cache","geocode_query":"臺北市中山區松江路170巷9號與長春路137巷12號對面公園（電氣設備旁）"}},{"type":"Feature","geometry":{"type":"Point","coordinates":[121.5286778,25.0511413]},"properties":{"site_name":"台北市心理復健家屬聯合協會","tel":"(02)23660399","address":"吉林路22巷23號轉角處","full_address":"臺北市中山區吉林路22巷23號轉角處","resolved_county":"臺北市","resolved_district":"中山區","service_type":"回收","item":"舊衣類","taipei_oldcloth_approval_no":"237","taipei_oldcloth_remark":"","data_source":"臺北市舊衣回收核准名冊(CSV)","geocode_ok":true,"geocode_provider":"google","geocode_tier":"cache","geocode_query":"臺北市中山區吉林路22巷23號轉角處"}},{"type":"Feature","geometry":{"type":"Point","coordinates":[121.5255248,25.0489386]},"properties":{"site_name":"台北市心理復健家屬聯合協會","tel":"(02)23660399","address":"松江路38巷(長安東路2段36巷15號右側巷口)","full_address":"臺北市中山區松江路38巷(長安東路2段36巷15號右側巷口)","resolved_county":"臺北市","resolved_district":"中山區","service_type":"回收","item":"舊衣類","taipei_oldcloth_approval_no":"239","taipei_oldcloth_remark":"","data_source":"臺北市舊衣回收核准名冊(CSV)","geocode_ok":true,"geocode_provider":"google","geocode_tier":"cache","geocode_query":"臺北市中山區松江路38巷(長安東路2段36巷15號右側巷口)"}},{"type":"Feature","geometry":{"type":"Point","coordinates":[121.5328497,25.0506923]},"properties":{"site_name":"台北市心理復健家屬聯合協會","tel":"(02)23660399","address":"吉林路與松江路90號交叉口人行道(靠近行道樹旁)","full_address":"臺北市中山區吉林路與松江路90號交叉口人行道(靠近行道樹旁)","resolved_county":"臺北市","resolved_district":"中山區","service_type":"回收","item":"舊衣類","taipei_oldcloth_approval_no":"240","taipei_oldcloth_remark":"","data_source":"臺北市舊衣回收核准名冊(CSV)","geocode_ok":true,"geocode_provider":"google","geocode_tier":"cache","geocode_query":"臺北市中山區吉林路與松江路90號交叉口人行道(靠近行道樹旁)"}},{"type":"Feature","geometry":{"type":"Point","coordinates":[121.5106375,25.0702321]},"properties":{"site_name":"台北市心理復健家屬聯合協會","tel":"(02)23660399","address":"民族西路303巷55號對面","full_address":"臺北市大同區民族西路303巷55號對面","resolved_county":"臺北市","resolved_district":"大同區","service_type":"回收","item":"舊衣類","taipei_oldcloth_approval_no":"241","taipei_oldcloth_remark":"","data_source":"臺北市舊衣回收核准名冊(CSV)","geocode_ok":true,"geocode_provider":"google","geocode_tier":"cache","geocode_query":"臺北市大同區民族西路303巷55號對面"}},{"type":"Feature","geometry":{"type":"Point","coordinates":[121.5507505,25.0809249]},"properties":{"site_name":"台北市心理復健家屬聯合協會","tel":"(02)23660399","address":"北安路588巷34號對面","full_address":"臺北市中山區北安路588巷34號對面","resolved_county":"臺北市","resolved_district":"中山區","service_type":"回收","item":"舊衣類","taipei_oldcloth_approval_no":"242","taipei_oldcloth_remark":"","data_source":"臺北市舊衣回收核准名冊(CSV)","geocode_ok":true,"geocode_provider":"google","geocode_tier":"cache","geocode_query":"臺北市中山區北安路588巷34號對面"}},{"type":"Feature","geometry":{"type":"Point","coordinates":[121.5272376,25.0653955]},"properties":{"site_name":"台北市心理復健家屬聯合協會","tel":"(02)23660399","address":"新生北路3段56巷1號（里公布欄旁）","full_address":"臺北市中山區新生北路3段56巷1號（里公布欄旁）","resolved_county":"臺北市","resolved_district":"中山區","service_type":"回收","item":"舊衣類","taipei_oldcloth_approval_no":"243","taipei_oldcloth_remark":"","data_source":"臺北市舊衣回收核准名冊(CSV)","geocode_ok":true,"geocode_provider":"google","geocode_tier":"cache","geocode_query":"臺北市中山區新生北路3段56巷1號（里公布欄旁）"}},{"type":"Feature","geometry":{"type":"Point","coordinates":[121.5590367,25.0606207]},"properties":{"site_name":"台北市心理復健家屬聯合協會","tel":"(02)23660399","address":"富錦街與光復北路口（行道樹旁）","full_address":"臺北市松山區富錦街與光復北路口（行道樹旁）","resolved_county":"臺北市","resolved_district":"松山區","service_type":"回收","item":"舊衣類","taipei_oldcloth_approval_no":"244","taipei_oldcloth_remark":"","data_source":"臺北市舊衣回收核准名冊(CSV)","geocode_ok":true,"geocode_provider":"google","geocode_tier":"cache","geocode_query":"臺北市松山區富錦街與光復北路口（行道樹旁）"}},{"type":"Feature","geometry":{"type":"Point","coordinates":[121.5500156,25.0827578]},"properties":{"site_name":"台北市心理復健家屬聯合協會","tel":"(02)23660399","address":"北安路630巷口(麥當勞後第二根電線桿旁)","full_address":"臺北市中山區北安路630巷口(麥當勞後第二根電線桿旁)","resolved_county":"臺北市","resolved_district":"中山區","service_type":"回收","item":"舊衣類","taipei_oldcloth_approval_no":"245","taipei_oldcloth_remark":"","data_source":"臺北市舊衣回收核准名冊(CSV)","geocode_ok":true,"geocode_provider":"google","geocode_tier":"cache","geocode_query":"臺北市中山區北安路630巷口(麥當勞後第二根電線桿旁)"}},{"type":"Feature","geometry":{"type":"Point","coordinates":[121.5318135,25.024885]},"properties":{"site_name":"台北市心理復健家屬聯合協會","tel":"(02)23660399","address":"泰順街與溫州街18巷15-1號對面（公布欄旁）","full_address":"臺北市大安區泰順街與溫州街18巷15-1號對面（公布欄旁）","resolved_county":"臺北市","resolved_district":"大安區","service_type":"回收","item":"舊衣類","taipei_oldcloth_approval_no":"247","taipei_oldcloth_remark":"","data_source":"臺北市舊衣回收核准名冊(CSV)","geocode_ok":true,"geocode_provider":"google","geocode_tier":"cache","geocode_query":"臺北市大安區泰順街與溫州街18巷15-1號對面（公布欄旁）"}},{"type":"Feature","geometry":{"type":"Point","coordinates":[121.5305091,25.0571434]},"properties":{"site_name":"台北市心理復健家屬聯合協會","tel":"(02)23660399","address":"吉林路123巷口","full_address":"臺北市中山區吉林路123巷口","resolved_county":"臺北市","resolved_district":"中山區","service_type":"回收","item":"舊衣類","taipei_oldcloth_approval_no":"248","taipei_oldcloth_remark":"","data_source":"臺北市舊衣回收核准名冊(CSV)","geocode_ok":true,"geocode_provider":"google","geocode_tier":"cache","geocode_query":"臺北市中山區吉林路123巷口"}},{"type":"Feature","geometry":{"type":"Point","coordinates":[121.5303249,25.0526437]},"properties":{"site_name":"台北市心理復健家屬聯合協會","tel":"(02)23660399","address":"松江路124巷與吉林路47號巷口","full_address":"臺北市中山區松江路124巷與吉林路47號巷口","resolved_county":"臺北市","resolved_district":"中山區","service_type":"回收","item":"舊衣類","taipei_oldcloth_approval_no":"250","taipei_oldcloth_remark":"","data_source":"臺北市舊衣回收核准名冊(CSV)","geocode_ok":true,"geocode_provider":"google","geocode_tier":"cache","geocode_query":"臺北市中山區松江路124巷與吉林路47號巷口"}},{"type":"Feature","geometry":{"type":"Point","coordinates":[121.5675772,25.0541612]},"properties":{"site_name":"台北市心理復健家屬聯合協會","tel":"(02)23660399","address":"寶清街123號旁(電氣設備旁)","full_address":"臺北市松山區寶清街123號旁(電氣設備旁)","resolved_county":"臺北市","resolved_district":"松山區","service_type":"回收","item":"舊衣類","taipei_oldcloth_approval_no":"251","taipei_oldcloth_remark":"","data_source":"臺北市舊衣回收核准名冊(CSV)","geocode_ok":true,"geocode_provider":"google","geocode_tier":"cache","geocode_query":"臺北市松山區寶清街123號旁(電氣設備旁)"}},{"type":"Feature","geometry":{"type":"Point","coordinates":[121.565603,25.0608878]},"properties":{"site_name":"台北市心理復健家屬聯合協會","tel":"(02)23660399","address":"新東街38號旁公園（行道樹與電氣設備中間）","full_address":"臺北市松山區新東街38號旁公園（行道樹與電氣設備中間）","resolved_county":"臺北市","resolved_district":"松山區","service_type":"回收","item":"舊衣類","taipei_oldcloth_approval_no":"252","taipei_oldcloth_remark":"","data_source":"臺北市舊衣回收核准名冊(CSV)","geocode_ok":true,"geocode_provider":"google","geocode_tier":"cache","geocode_query":"臺北市松山區新東街38號旁公園（行道樹與電氣設備中間）"}},{"type":"Feature","geometry":{"type":"Point","coordinates":[121.540896,25.0501726]},"properties":{"site_name":"台北市心理復健家屬聯合協會","tel":"(02)23660399","address":"龍江路61號對面（號誌控制器旁）","full_address":"臺北市中山區龍江路61號對面（號誌控制器旁）","resolved_county":"臺北市","resolved_district":"中山區","service_type":"回收","item":"舊衣類","taipei_oldcloth_approval_no":"253","taipei_oldcloth_remark":"","data_source":"臺北市舊衣回收核准名冊(CSV)","geocode_ok":true,"geocode_provider":"google","geocode_tier":"cache","geocode_query":"臺北市中山區龍江路61號對面（號誌控制器旁）"}},{"type":"Feature","geometry":{"type":"Point","coordinates":[121.5427093,25.0792018]},"properties":{"site_name":"台北市心理復健家屬聯合協會","tel":"(02)23660399","address":"民權東路3段60巷11號對面(圍牆邊)","full_address":"臺北市中山區民權東路3段60巷11號對面(圍牆邊)","resolved_county":"臺北市","resolved_district":"中山區","service_type":"回收","item":"舊衣類","taipei_oldcloth_approval_no":"254","taipei_oldcloth_remark":"","data_source":"臺北市舊衣回收核准名冊(CSV)","geocode_ok":true,"geocode_provider":"google","geocode_tier":"cache","geocode_query":"臺北市中山區民權東路3段60巷11號對面(圍牆邊)"}},{"type":"Feature","geometry":{"type":"Point","coordinates":[121.5336552,25.0560058]},"properties":{"site_name":"台北市心理復健家屬聯合協會","tel":"(02)23660399","address":"長春路163巷口（圍牆邊）","full_address":"臺北市中山區長春路163巷口（圍牆邊）","resolved_county":"臺北市","resolved_district":"中山區","service_type":"回收","item":"舊衣類","taipei_oldcloth_approval_no":"255","taipei_oldcloth_remark":"","data_source":"臺北市舊衣回收核准名冊(CSV)","geocode_ok":true,"geocode_provider":"google","geocode_tier":"cache","geocode_query":"臺北市中山區長春路163巷口（圍牆邊）"}},{"type":"Feature","geometry":{"type":"Point","coordinates":[121.560535,25.0549421]},"properties":{"site_name":"台北市心理復健家屬聯合協會","tel":"(02)23660399","address":"延壽街330巷13號對面","full_address":"臺北市松山區延壽街330巷13號對面","resolved_county":"臺北市","resolved_district":"松山區","service_type":"回收","item":"舊衣類","taipei_oldcloth_approval_no":"256","taipei_oldcloth_remark":"","data_source":"臺北市舊衣回收核准名冊(CSV)","geocode_ok":true,"geocode_provider":"google","geocode_tier":"cache","geocode_query":"臺北市松山區延壽街330巷13號對面"}},{"type":"Feature","geometry":{"type":"Point","coordinates":[121.5656858,25.0501042]},"properties":{"site_name":"台北市心理復健家屬聯合協會","tel":"(02)23660399","address":"東興路15巷口(便利商店旁)","full_address":"臺北市松山區東興路15巷口(便利商店旁)","resolved_county":"臺北市","resolved_district":"松山區","service_type":"回收","item":"舊衣類","taipei_oldcloth_approval_no":"257","taipei_oldcloth_remark":"","data_source":"臺北市舊衣回收核准名冊(CSV)","geocode_ok":true,"geocode_provider":"google","geocode_tier":"cache","geocode_query":"臺北市松山區東興路15巷口(便利商店旁)"}},{"type":"Feature","geometry":{"type":"Point","coordinates":[121.5421426,25.0505608]},"properties":{"site_name":"台北市心理復健家屬聯合協會","tel":"(02)23660399","address":"遼寧街62巷口","full_address":"臺北市中山區遼寧街62巷口","resolved_county":"臺北市","resolved_district":"中山區","service_type":"回收","item":"舊衣類","taipei_oldcloth_approval_no":"258","taipei_oldcloth_remark":"","data_source":"臺北市舊衣回收核准名冊(CSV)","geocode_ok":true,"geocode_provider":"google","geocode_tier":"cache","geocode_query":"臺北市中山區遼寧街62巷口"}},{"type":"Feature","geometry":{"type":"Point","coordinates":[121.5632374,25.0613871]},"properties":{"site_name":"台北市心理復健家屬聯合協會","tel":"(02)23660399","address":"新東街51巷與三民路交叉口(行道樹旁)","full_address":"臺北市松山區新東街51巷與三民路交叉口(行道樹旁)","resolved_county":"臺北市","resolved_district":"松山區","service_type":"回收","item":"舊衣類","taipei_oldcloth_approval_no":"259","taipei_oldcloth_remark":"","data_source":"臺北市舊衣回收核准名冊(CSV)","geocode_ok":true,"geocode_provider":"google","geocode_tier":"cache","geocode_query":"臺北市松山區新東街51巷與三民路交叉口(行道樹旁)"}},{"type":"Feature","geometry":{"type":"Point","coordinates":[121.5288419,25.0607811]},"properties":{"site_name":"台北市心理復健家屬聯合協會","tel":"(02)23660399","address":"中原街110號對面","full_address":"臺北市中山區中原街110號對面","resolved_county":"臺北市","resolved_district":"中山區","service_type":"回收","item":"舊衣類","taipei_oldcloth_approval_no":"260","taipei_oldcloth_remark":"","data_source":"臺北市舊衣回收核准名冊(CSV)","geocode_ok":true,"geocode_provider":"google","geocode_tier":"cache","geocode_query":"臺北市中山區中原街110號對面"}},{"type":"Feature","geometry":{"type":"Point","coordinates":[121.5514709,25.0819435]},"properties":{"site_name":"台北市心理復健家屬聯合協會","tel":"(02)23660399","address":"明水路606巷口（行道樹旁）","full_address":"臺北市中山區明水路606巷口（行道樹旁）","resolved_county":"臺北市","resolved_district":"中山區","service_type":"回收","item":"舊衣類","taipei_oldcloth_approval_no":"261","taipei_oldcloth_remark":"","data_source":"臺北市舊衣回收核准名冊(CSV)","geocode_ok":true,"geocode_provider":"google","geocode_tier":"cache","geocode_query":"臺北市中山區明水路606巷口（行道樹旁）"}},{"type":"Feature","geometry":{"type":"Point","coordinates":[121.5558919,25.0552548]},"properties":{"site_name":"台北市心理復健家屬聯合協會","tel":"(02)23660399","address":"光復北路155巷口","full_address":"臺北市松山區光復北路155巷口","resolved_county":"臺北市","resolved_district":"松山區","service_type":"回收","item":"舊衣類","taipei_oldcloth_approval_no":"262","taipei_oldcloth_remark":"","data_source":"臺北市舊衣回收核准名冊(CSV)","geocode_ok":true,"geocode_provider":"google","geocode_tier":"cache","geocode_query":"臺北市松山區光復北路155巷口"}},{"type":"Feature","geometry":{"type":"Point","coordinates":[121.5294197,25.0530746]},"properties":{"site_name":"台北市心理復健家屬聯合協會","tel":"(02)23660399","address":"吉林路108巷6號對面(圍牆邊)","full_address":"臺北市中山區吉林路108巷6號對面(圍牆邊)","resolved_county":"臺北市","resolved_district":"中山區","service_type":"回收","item":"舊衣類","taipei_oldcloth_approval_no":"263","taipei_oldcloth_remark":"","data_source":"臺北市舊衣回收核准名冊(CSV)","geocode_ok":true,"geocode_provider":"google","geocode_tier":"cache","geocode_query":"臺北市中山區吉林路108巷6號對面(圍牆邊)"}},{"type":"Feature","geometry":{"type":"Point","coordinates":[121.5300207,25.0552573]},"properties":{"site_name":"台北市心理復健家屬聯合協會","tel":"(02)23660399","address":"吉林路132號對面（電器設備旁）","full_address":"臺北市中山區吉林路132號對面（電器設備旁）","resolved_county":"臺北市","resolved_district":"中山區","service_type":"回收","item":"舊衣類","taipei_oldcloth_approval_no":"264","taipei_oldcloth_remark":"","data_source":"臺北市舊衣回收核准名冊(CSV)","geocode_ok":true,"geocode_provider":"google","geocode_tier":"cache","geocode_query":"臺北市中山區吉林路132號對面（電器設備旁）"}},{"type":"Feature","geometry":{"type":"Point","coordinates":[121.5825242,25.0368446]},"properties":{"site_name":"台北市心理復健家屬聯合協會","tel":"(02)23660399","address":"福德街137巷8弄(龍門社區圍牆邊)","full_address":"臺北市信義區福德街137巷8弄(龍門社區圍牆邊)","resolved_county":"臺北市","resolved_district":"信義區","service_type":"回收","item":"舊衣類","taipei_oldcloth_approval_no":"265","taipei_oldcloth_remark":"","data_source":"臺北市舊衣回收核准名冊(CSV)","geocode_ok":true,"geocode_provider":"google","geocode_tier":"cache","geocode_query":"臺北市信義區福德街137巷8弄(龍門社區圍牆邊)"}},{"type":"Feature","geometry":{"type":"Point","coordinates":[121.5002222,25.1372208]},"properties":{"site_name":"台北市心理復健家屬聯合協會","tel":"(02)23660399","address":"大業路695號","full_address":"臺北市北投區大業路695號","resolved_county":"臺北市","resolved_district":"北投區","service_type":"回收","item":"舊衣類","taipei_oldcloth_approval_no":"266","taipei_oldcloth_remark":"","data_source":"臺北市舊衣回收核准名冊(CSV)","geocode_ok":true,"geocode_provider":"google","geocode_tier":"cache","geocode_query":"臺北市北投區大業路695號"}},{"type":"Feature","geometry":{"type":"Point","coordinates":[121.5057137,25.1357945]},"properties":{"site_name":"台北市心理復健家屬聯合協會","tel":"(02)23660399","address":"溫泉路73巷5號斜對面燈桿旁","full_address":"臺北市北投區溫泉路73巷5號斜對面燈桿旁","resolved_county":"臺北市","resolved_district":"北投區","service_type":"回收","item":"舊衣類","taipei_oldcloth_approval_no":"267","taipei_oldcloth_remark":"","data_source":"臺北市舊衣回收核准名冊(CSV)","geocode_ok":true,"geocode_provider":"google","geocode_tier":"cache","geocode_query":"臺北市北投區溫泉路73巷5號斜對面燈桿旁"}},{"type":"Feature","geometry":{"type":"Point","coordinates":[121.531536,25.054838]},"properties":{"site_name":"台北市心理復健家屬聯合協會","tel":"(02)23660399","address":"長春路與一江街交叉口(電信設備旁)","full_address":"臺北市中山區長春路與一江街交叉口(電信設備旁)","resolved_county":"臺北市","resolved_district":"中山區","service_type":"回收","item":"舊衣類","taipei_oldcloth_approval_no":"268","taipei_oldcloth_remark":"","data_source":"臺北市舊衣回收核准名冊(CSV)","geocode_ok":true,"geocode_provider":"google","geocode_tier":"cache","geocode_query":"臺北市中山區長春路與一江街交叉口(電信設備旁)"}},{"type":"Feature","geometry":{"type":"Point","coordinates":[121.5521473,25.0800246]},"properties":{"site_name":"台北市心理復健家屬聯合協會","tel":"(02)23660399","address":"明水路與樂群二路交叉口(公車站牌旁)","full_address":"臺北市中山區明水路與樂群二路交叉口(公車站牌旁)","resolved_county":"臺北市","resolved_district":"中山區","service_type":"回收","item":"舊衣類","taipei_oldcloth_approval_no":"269","taipei_oldcloth_remark":"","data_source":"臺北市舊衣回收核准名冊(CSV)","geocode_ok":true,"geocode_provider":"google","geocode_tier":"cache","geocode_query":"臺北市中山區明水路與樂群二路交叉口(公車站牌旁)"}},{"type":"Feature","geometry":{"type":"Point","coordinates":[121.56887,25.061016]},"properties":{"site_name":"台北市心理復健家屬聯合協會","tel":"(02)23660399","address":"撫遠街261巷底與塔悠路交叉口","full_address":"臺北市松山區撫遠街261巷底與塔悠路交叉口","resolved_county":"臺北市","resolved_district":"松山區","service_type":"回收","item":"舊衣類","taipei_oldcloth_approval_no":"270","taipei_oldcloth_remark":"","data_source":"臺北市舊衣回收核准名冊(CSV)","geocode_ok":true,"geocode_provider":"google","geocode_tier":"cache","geocode_query":"臺北市松山區撫遠街261巷底與塔悠路交叉口"}},{"type":"Feature","geometry":{"type":"Point","coordinates":[121.5296879,25.1070135]},"properties":{"site_name":"台北市私立彩虹村家園","tel":"(02)28914110","address":"德行東路132巷7弄3號底與忠誠路1段交叉口","full_address":"臺北市士林區德行東路132巷7弄3號底與忠誠路1段交叉口","resolved_county":"臺北市","resolved_district":"士林區","service_type":"回收","item":"舊衣類","taipei_oldcloth_approval_no":"271","taipei_oldcloth_remark":"","data_source":"臺北市舊衣回收核准名冊(CSV)","geocode_ok":true,"geocode_provider":"google","geocode_tier":"cache","geocode_query":"臺北市士林區德行東路132巷7弄3號底與忠誠路1段交叉口"}},{"type":"Feature","geometry":{"type":"Point","coordinates":[121.5541936,25.0497295]},"properties":{"site_name":"台北市私立彩虹村家園","tel":"(02)28914110","address":"寧安街12號對面停車場旁","full_address":"臺北市松山區寧安街12號對面停車場旁","resolved_county":"臺北市","resolved_district":"松山區","service_type":"回收","item":"舊衣類","taipei_oldcloth_approval_no":"272","taipei_oldcloth_remark":"","data_source":"臺北市舊衣回收核准名冊(CSV)","geocode_ok":true,"geocode_provider":"google","geocode_tier":"cache","geocode_query":"臺北市松山區寧安街12號對面停車場旁"}},{"type":"Feature","geometry":{"type":"Point","coordinates":[121.5554368,25.0460715]},"properties":{"site_name":"台北市私立彩虹村家園","tel":"(02)28914110","address":"八德路3段158巷49號轉角","full_address":"臺北市松山區八德路3段158巷49號轉角","resolved_county":"臺北市","resolved_district":"松山區","service_type":"回收","item":"舊衣類","taipei_oldcloth_approval_no":"273","taipei_oldcloth_remark":"","data_source":"臺北市舊衣回收核准名冊(CSV)","geocode_ok":true,"geocode_provider":"google","geocode_tier":"cache","geocode_query":"臺北市松山區八德路3段158巷49號轉角"}},{"type":"Feature","geometry":{"type":"Point","coordinates":[121.5337998,25.1091245]},"properties":{"site_name":"台北市私立彩虹村家園","tel":"(02)28914110","address":"德行東路240巷7號對面電線桿中間","full_address":"臺北市士林區德行東路240巷7號對面電線桿中間","resolved_county":"臺北市","resolved_district":"士林區","service_type":"回收","item":"舊衣類","taipei_oldcloth_approval_no":"274","taipei_oldcloth_remark":"","data_source":"臺北市舊衣回收核准名冊(CSV)","geocode_ok":true,"geocode_provider":"google","geocode_tier":"cache","geocode_query":"臺北市士林區德行東路240巷7號對面電線桿中間"}},{"type":"Feature","geometry":{"type":"Point","coordinates":[121.5003593,25.0213525]},"properties":{"site_name":"台北市私立彩虹村家園","tel":"(02)28914110","address":"萬大路423巷43號旁","full_address":"臺北市萬華區萬大路423巷43號旁","resolved_county":"臺北市","resolved_district":"萬華區","service_type":"回收","item":"舊衣類","taipei_oldcloth_approval_no":"276","taipei_oldcloth_remark":"","data_source":"臺北市舊衣回收核准名冊(CSV)","geocode_ok":true,"geocode_provider":"google","geocode_tier":"cache","geocode_query":"臺北市萬華區萬大路423巷43號旁"}},{"type":"Feature","geometry":{"type":"Point","coordinates":[121.5343694,25.1095065]},"properties":{"site_name":"臺北市身障福利發展協會","tel":"(02)28914110","address":"士東路266巷15弄口(士林芝山郵局對面)","full_address":"臺北市士林區士東路266巷15弄口(士林芝山郵局對面)","resolved_county":"臺北市","resolved_district":"士林區","service_type":"回收","item":"舊衣類","taipei_oldcloth_approval_no":"1198","taipei_oldcloth_remark":"","data_source":"臺北市舊衣回收核准名冊(CSV)","geocode_ok":true,"geocode_provider":"google","geocode_tier":"cache","geocode_query":"臺北市士林區士東路266巷15弄口(士林芝山郵局對面)"}},{"type":"Feature","geometry":{"type":"Point","coordinates":[121.5295913,25.1188083]},"properties":{"site_name":"台北市私立彩虹村家園","tel":"(02)28914110","address":"天母西路3之65號前","full_address":"臺北市士林區天母西路3之65號前","resolved_county":"臺北市","resolved_district":"士林區","service_type":"回收","item":"舊衣類","taipei_oldcloth_approval_no":"278","taipei_oldcloth_remark":"","data_source":"臺北市舊衣回收核准名冊(CSV)","geocode_ok":true,"geocode_provider":"google","geocode_tier":"cache","geocode_query":"臺北市士林區天母西路3之65號前"}},{"type":"Feature","geometry":{"type":"Point","coordinates":[121.5001976,25.1422089]},"properties":{"site_name":"台北市私立彩虹村家園","tel":"(02)28914110","address":"復興四路與開明街口","full_address":"臺北市北投區復興四路與開明街口","resolved_county":"臺北市","resolved_district":"北投區","service_type":"回收","item":"舊衣類","taipei_oldcloth_approval_no":"279","taipei_oldcloth_remark":"","data_source":"臺北市舊衣回收核准名冊(CSV)","geocode_ok":true,"geocode_provider":"google","geocode_tier":"cache","geocode_query":"臺北市北投區復興四路與開明街口"}},{"type":"Feature","geometry":{"type":"Point","coordinates":[121.515018,25.1151759]},"properties":{"site_name":"台北市私立彩虹村家園","tel":"(02)28914110","address":"長壽路與珠海路口","full_address":"臺北市北投區長壽路與珠海路口","resolved_county":"臺北市","resolved_district":"北投區","service_type":"回收","item":"舊衣類","taipei_oldcloth_approval_no":"280","taipei_oldcloth_remark":"","data_source":"臺北市舊衣回收核准名冊(CSV)","geocode_ok":true,"geocode_provider":"google","geocode_tier":"cache","geocode_query":"臺北市北投區長壽路與珠海路口"}},{"type":"Feature","geometry":{"type":"Point","coordinates":[121.4961398,25.024097]},"properties":{"site_name":"台北市私立彩虹村家園","tel":"(02)28914110","address":"德昌街154巷口","full_address":"臺北市萬華區德昌街154巷口","resolved_county":"臺北市","resolved_district":"萬華區","service_type":"回收","item":"舊衣類","taipei_oldcloth_approval_no":"281","taipei_oldcloth_remark":"","data_source":"臺北市舊衣回收核准名冊(CSV)","geocode_ok":true,"geocode_provider":"google","geocode_tier":"cache","geocode_query":"臺北市萬華區德昌街154巷口"}},{"type":"Feature","geometry":{"type":"Point","coordinates":[121.4948445,25.0248074]},"properties":{"site_name":"台北市私立彩虹村家園","tel":"(02)28914110","address":"東園街66巷與寶興街口","full_address":"臺北市萬華區東園街66巷與寶興街口","resolved_county":"臺北市","resolved_district":"萬華區","service_type":"回收","item":"舊衣類","taipei_oldcloth_approval_no":"282","taipei_oldcloth_remark":"","data_source":"臺北市舊衣回收核准名冊(CSV)","geocode_ok":true,"geocode_provider":"google","geocode_tier":"cache","geocode_query":"臺北市萬華區東園街66巷與寶興街口"}},{"type":"Feature","geometry":{"type":"Point","coordinates":[121.4956944,25.0274257]},"properties":{"site_name":"台北市私立彩虹村家園","tel":"(02)28914110","address":"東園街22號旁","full_address":"臺北市萬華區東園街22號旁","resolved_county":"臺北市","resolved_district":"萬華區","service_type":"回收","item":"舊衣類","taipei_oldcloth_approval_no":"283","taipei_oldcloth_remark":"","data_source":"臺北市舊衣回收核准名冊(CSV)","geocode_ok":true,"geocode_provider":"google","geocode_tier":"cache","geocode_query":"臺北市萬華區東園街22號旁"}},{"type":"Feature","geometry":{"type":"Point","coordinates":[121.532826,25.1102827]},"properties":{"site_name":"台北市私立彩虹村家園","tel":"(02)28914110","address":"忠誠路2段21巷45弄7號對面","full_address":"臺北市士林區忠誠路2段21巷45弄7號對面","resolved_county":"臺北市","resolved_district":"士林區","service_type":"回收","item":"舊衣類","taipei_oldcloth_approval_no":"284","taipei_oldcloth_remark":"","data_source":"臺北市舊衣回收核准名冊(CSV)","geocode_ok":true,"geocode_provider":"google","geocode_tier":"cache","geocode_query":"臺北市士林區忠誠路2段21巷45弄7號對面"}},{"type":"Feature","geometry":{"type":"Point","coordinates":[121.5075963,25.0849544]},"properties":{"site_name":"台北市私立彩虹村家園","tel":"(02)28914110","address":"延平北路5段285巷53號對面","full_address":"臺北市士林區延平北路5段285巷53號對面","resolved_county":"臺北市","resolved_district":"士林區","service_type":"回收","item":"舊衣類","taipei_oldcloth_approval_no":"285","taipei_oldcloth_remark":"","data_source":"臺北市舊衣回收核准名冊(CSV)","geocode_ok":true,"geocode_provider":"google","geocode_tier":"cache","geocode_query":"臺北市士林區延平北路5段285巷53號對面"}},{"type":"Feature","geometry":{"type":"Point","coordinates":[121.5300949,25.1092418]},"properties":{"site_name":"台北市私立彩虹村家園","tel":"(02)28914110","address":"忠誠路2段24號旁人行道上","full_address":"臺北市士林區忠誠路2段24號旁人行道上","resolved_county":"臺北市","resolved_district":"士林區","service_type":"回收","item":"舊衣類","taipei_oldcloth_approval_no":"286","taipei_oldcloth_remark":"","data_source":"臺北市舊衣回收核准名冊(CSV)","geocode_ok":true,"geocode_provider":"google","geocode_tier":"cache","geocode_query":"臺北市士林區忠誠路2段24號旁人行道上"}},{"type":"Feature","geometry":{"type":"Point","coordinates":[121.5336777,25.0144781]},"properties":{"site_name":"台北市私立彩虹村家園","tel":"(02)28914110","address":"羅斯福路4段52巷16弄口","full_address":"臺北市中正區羅斯福路4段52巷16弄口","resolved_county":"臺北市","resolved_district":"中正區","service_type":"回收","item":"舊衣類","taipei_oldcloth_approval_no":"287","taipei_oldcloth_remark":"","data_source":"臺北市舊衣回收核准名冊(CSV)","geocode_ok":true,"geocode_provider":"google","geocode_tier":"cache","geocode_query":"臺北市中正區羅斯福路4段52巷16弄口"}},{"type":"Feature","geometry":{"type":"Point","coordinates":[121.534466,25.0133798]},"properties":{"site_name":"台北市私立彩虹村家園","tel":"(02)28914110","address":"汀州路3段164號對面","full_address":"臺北市中正區汀州路3段164號對面","resolved_county":"臺北市","resolved_district":"中正區","service_type":"回收","item":"舊衣類","taipei_oldcloth_approval_no":"288","taipei_oldcloth_remark":"","data_source":"臺北市舊衣回收核准名冊(CSV)","geocode_ok":true,"geocode_provider":"google","geocode_tier":"cache","geocode_query":"臺北市中正區汀州路3段164號對面"}},{"type":"Feature","geometry":{"type":"Point","coordinates":[121.5732149,25.0355551]},"properties":{"site_name":"台北市私立彩虹村家園","tel":"(02)28914110","address":"松德路200巷松德公園與停車場旁","full_address":"臺北市信義區松德路200巷松德公園與停車場旁","resolved_county":"臺北市","resolved_district":"信義區","service_type":"回收","item":"舊衣類","taipei_oldcloth_approval_no":"289","taipei_oldcloth_remark":"","data_source":"臺北市舊衣回收核准名冊(CSV)","geocode_ok":true,"geocode_provider":"google","geocode_tier":"cache","geocode_query":"臺北市信義區松德路200巷松德公園與停車場旁"}},{"type":"Feature","geometry":{"type":"Point","coordinates":[121.5753705,25.0366894]},"properties":{"site_name":"台北市私立彩虹村家園","tel":"(02)28914110","address":"信義路6段15巷與松德路133巷口(安強公園內凸透鏡旁)","full_address":"臺北市信義區信義路6段15巷與松德路133巷口(安強公園內凸透鏡旁)","resolved_county":"臺北市","resolved_district":"信義區","service_type":"回收","item":"舊衣類","taipei_oldcloth_approval_no":"290","taipei_oldcloth_remark":"","data_source":"臺北市舊衣回收核准名冊(CSV)","geocode_ok":true,"geocode_provider":"google","geocode_tier":"cache","geocode_query":"臺北市信義區信義路6段15巷與松德路133巷口(安強公園內凸透鏡旁)"}},{"type":"Feature","geometry":{"type":"Point","coordinates":[121.5283944,25.1208173]},"properties":{"site_name":"台北市私立彩虹村家園","tel":"(02)28914110","address":"天玉街16巷1號旁","full_address":"臺北市士林區天玉街16巷1號旁","resolved_county":"臺北市","resolved_district":"士林區","service_type":"回收","item":"舊衣類","taipei_oldcloth_approval_no":"291","taipei_oldcloth_remark":"","data_source":"臺北市舊衣回收核准名冊(CSV)","geocode_ok":true,"geocode_provider":"google","geocode_tier":"cache","geocode_query":"臺北市士林區天玉街16巷1號旁"}},{"type":"Feature","geometry":{"type":"Point","coordinates":[121.5171234,25.0632874]},"properties":{"site_name":"台北市私立彩虹村家園","tel":"(02)28914110","address":"民權西路133巷口","full_address":"臺北市大同區民權西路133巷口","resolved_county":"臺北市","resolved_district":"大同區","service_type":"回收","item":"舊衣類","taipei_oldcloth_approval_no":"292","taipei_oldcloth_remark":"","data_source":"臺北市舊衣回收核准名冊(CSV)","geocode_ok":true,"geocode_provider":"google","geocode_tier":"cache","geocode_query":"臺北市大同區民權西路133巷口"}},{"type":"Feature","geometry":{"type":"Point","coordinates":[121.5581602,25.056262]},"properties":{"site_name":"台北市私立彩虹村家園","tel":"(02)28914110","address":"延壽街376號對面","full_address":"臺北市松山區延壽街376號對面","resolved_county":"臺北市","resolved_district":"松山區","service_type":"回收","item":"舊衣類","taipei_oldcloth_approval_no":"294","taipei_oldcloth_remark":"","data_source":"臺北市舊衣回收核准名冊(CSV)","geocode_ok":true,"geocode_provider":"google","geocode_tier":"cache","geocode_query":"臺北市松山區延壽街376號對面"}},{"type":"Feature","geometry":{"type":"Point","coordinates":[121.5615414,25.0578597]},"properties":{"site_name":"台北市私立彩虹村家園","tel":"(02)28914110","address":"新中街4巷21號旁","full_address":"臺北市松山區新中街4巷21號旁","resolved_county":"臺北市","resolved_district":"松山區","service_type":"回收","item":"舊衣類","taipei_oldcloth_approval_no":"295","taipei_oldcloth_remark":"","data_source":"臺北市舊衣回收核准名冊(CSV)","geocode_ok":true,"geocode_provider":"google","geocode_tier":"cache","geocode_query":"臺北市松山區新中街4巷21號旁"}},{"type":"Feature","geometry":{"type":"Point","coordinates":[121.5394623,25.0067602]},"properties":{"site_name":"台北市私立彩虹村家園","tel":"(02)28914110","address":"羅斯福路5段53巷5號","full_address":"臺北市文山區羅斯福路5段53巷5號","resolved_county":"臺北市","resolved_district":"文山區","service_type":"回收","item":"舊衣類","taipei_oldcloth_approval_no":"296","taipei_oldcloth_remark":"","data_source":"臺北市舊衣回收核准名冊(CSV)","geocode_ok":true,"geocode_provider":"google","geocode_tier":"cache","geocode_query":"臺北市文山區羅斯福路5段53巷5號"}},{"type":"Feature","geometry":{"type":"Point","coordinates":[121.5474252,25.000625]},"properties":{"site_name":"台北市私立彩虹村家園","tel":"(02)28914110","address":"興隆路2段123巷14號對面公園","full_address":"臺北市文山區興隆路2段123巷14號對面公園","resolved_county":"臺北市","resolved_district":"文山區","service_type":"回收","item":"舊衣類","taipei_oldcloth_approval_no":"297","taipei_oldcloth_remark":"","data_source":"臺北市舊衣回收核准名冊(CSV)","geocode_ok":true,"geocode_provider":"google","geocode_tier":"cache","geocode_query":"臺北市文山區興隆路2段123巷14號對面公園"}},{"type":"Feature","geometry":{"type":"Point","coordinates":[121.5497508,25.0056359]},"properties":{"site_name":"台北市私立彩虹村家園","tel":"(02)28914110","address":"福興路82巷90號斜對面","full_address":"臺北市文山區福興路82巷90號斜對面","resolved_county":"臺北市","resolved_district":"文山區","service_type":"回收","item":"舊衣類","taipei_oldcloth_approval_no":"298","taipei_oldcloth_remark":"","data_source":"臺北市舊衣回收核准名冊(CSV)","geocode_ok":true,"geocode_provider":"google","geocode_tier":"cache","geocode_query":"臺北市文山區福興路82巷90號斜對面"}},{"type":"Feature","geometry":{"type":"Point","coordinates":[121.5364864,25.1123506]},"properties":{"site_name":"台北市私立彩虹村家園","tel":"(02)28914110","address":"士東路266巷6弄1-1號旁","full_address":"臺北市士林區士東路266巷6弄1-1號旁","resolved_county":"臺北市","resolved_district":"士林區","service_type":"回收","item":"舊衣類","taipei_oldcloth_approval_no":"299","taipei_oldcloth_remark":"","data_source":"臺北市舊衣回收核准名冊(CSV)","geocode_ok":true,"geocode_provider":"google","geocode_tier":"cache","geocode_query":"臺北市士林區士東路266巷6弄1-1號旁"}},{"type":"Feature","geometry":{"type":"Point","coordinates":[121.527777,25.1097258]},"properties":{"site_name":"台北市私立彩虹村家園","tel":"(02)28914110","address":"德行東路109巷63弄10號旁","full_address":"臺北市士林區德行東路109巷63弄10號旁","resolved_county":"臺北市","resolved_district":"士林區","service_type":"回收","item":"舊衣類","taipei_oldcloth_approval_no":"300","taipei_oldcloth_remark":"","data_source":"臺北市舊衣回收核准名冊(CSV)","geocode_ok":true,"geocode_provider":"google","geocode_tier":"cache","geocode_query":"臺北市士林區德行東路109巷63弄10號旁"}},{"type":"Feature","geometry":{"type":"Point","coordinates":[121.511569,25.1205213]},"properties":{"site_name":"台北市私立彩虹村家園","tel":"(02)28914110","address":"致遠三路47號","full_address":"臺北市北投區致遠三路47號","resolved_county":"臺北市","resolved_district":"北投區","service_type":"回收","item":"舊衣類","taipei_oldcloth_approval_no":"301","taipei_oldcloth_remark":"","data_source":"臺北市舊衣回收核准名冊(CSV)","geocode_ok":true,"geocode_provider":"google","geocode_tier":"cache","geocode_query":"臺北市北投區致遠三路47號"}},{"type":"Feature","geometry":{"type":"Point","coordinates":[121.5688681,24.9841911]},"properties":{"site_name":"台北市私立彩虹村家園","tel":"(02)28914110","address":"木新路2段156號前","full_address":"臺北市文山區木新路2段156號前","resolved_county":"臺北市","resolved_district":"文山區","service_type":"回收","item":"舊衣類","taipei_oldcloth_approval_no":"302","taipei_oldcloth_remark":"","data_source":"臺北市舊衣回收核准名冊(CSV)","geocode_ok":true,"geocode_provider":"google","geocode_tier":"cache","geocode_query":"臺北市文山區木新路2段156號前"}},{"type":"Feature","geometry":{"type":"Point","coordinates":[121.5873793,25.0879793]},"properties":{"site_name":"台北市私立彩虹村家園","tel":"(02)28914110","address":"金龍路211號對面","full_address":"臺北市內湖區金龍路211號對面","resolved_county":"臺北市","resolved_district":"內湖區","service_type":"回收","item":"舊衣類","taipei_oldcloth_approval_no":"303","taipei_oldcloth_remark":"","data_source":"臺北市舊衣回收核准名冊(CSV)","geocode_ok":true,"geocode_provider":"google","geocode_tier":"cache","geocode_query":"臺北市內湖區金龍路211號對面"}},{"type":"Feature","geometry":{"type":"Point","coordinates":[121.5597092,24.9841045]},"properties":{"site_name":"台北市私立彩虹村家園","tel":"(02)28914110","address":"光輝?40號","full_address":"臺北市文山區光輝?40號","resolved_county":"臺北市","resolved_district":"文山區","service_type":"回收","item":"舊衣類","taipei_oldcloth_approval_no":"304","taipei_oldcloth_remark":"","data_source":"臺北市舊衣回收核准名冊(CSV)","geocode_ok":true,"geocode_provider":"google","geocode_tier":"cache","geocode_query":"臺北市文山區光輝?40號"}},{"type":"Feature","geometry":{"type":"Point","coordinates":[121.4977658,25.0210827]},"properties":{"site_name":"台北市私立彩虹村家園","tel":"(02)28914110","address":"萬大路424巷3弄1號旁","full_address":"臺北市萬華區萬大路424巷3弄1號旁","resolved_county":"臺北市","resolved_district":"萬華區","service_type":"回收","item":"舊衣類","taipei_oldcloth_approval_no":"305","taipei_oldcloth_remark":"","data_source":"臺北市舊衣回收核准名冊(CSV)","geocode_ok":true,"geocode_provider":"google","geocode_tier":"cache","geocode_query":"臺北市萬華區萬大路424巷3弄1號旁"}},{"type":"Feature","geometry":{"type":"Point","coordinates":[121.5260819,25.0903999]},"properties":{"site_name":"臺北市唐氏症家長協會","tel":"(02)22782321","address":"小北街23號對面","full_address":"臺北市士林區小北街23號對面","resolved_county":"臺北市","resolved_district":"士林區","service_type":"回收","item":"舊衣類","taipei_oldcloth_approval_no":"306","taipei_oldcloth_remark":"","data_source":"臺北市舊衣回收核准名冊(CSV)","geocode_ok":true,"geocode_provider":"google","geocode_tier":"cache","geocode_query":"臺北市士林區小北街23號對面"}},{"type":"Feature","geometry":{"type":"Point","coordinates":[121.524958,25.0919212]},"properties":{"site_name":"臺北市唐氏症家長協會","tel":"(02)22782321","address":"大西路86號對面","full_address":"臺北市士林區大西路86號對面","resolved_county":"臺北市","resolved_district":"士林區","service_type":"回收","item":"舊衣類","taipei_oldcloth_approval_no":"307","taipei_oldcloth_remark":"","data_source":"臺北市舊衣回收核准名冊(CSV)","geocode_ok":true,"geocode_provider":"google","geocode_tier":"cache","geocode_query":"臺北市士林區大西路86號對面"}},{"type":"Feature","geometry":{"type":"Point","coordinates":[121.5190666,25.0884668]},"properties":{"site_name":"臺北市唐氏症家長協會","tel":"(02)22782321","address":"大南路285巷7號對面(公園旁)","full_address":"臺北市士林區大南路285巷7號對面(公園旁)","resolved_county":"臺北市","resolved_district":"士林區","service_type":"回收","item":"舊衣類","taipei_oldcloth_approval_no":"308","taipei_oldcloth_remark":"","data_source":"臺北市舊衣回收核准名冊(CSV)","geocode_ok":true,"geocode_provider":"google","geocode_tier":"cache","geocode_query":"臺北市士林區大南路285巷7號對面(公園旁)"}},{"type":"Feature","geometry":{"type":"Point","coordinates":[121.5319919,25.0985487]},"properties":{"site_name":"臺北市唐氏症家長協會","tel":"(02)22782321","address":"福志路2號電箱旁","full_address":"臺北市士林區福志路2號電箱旁","resolved_county":"臺北市","resolved_district":"士林區","service_type":"回收","item":"舊衣類","taipei_oldcloth_approval_no":"309","taipei_oldcloth_remark":"","data_source":"臺北市舊衣回收核准名冊(CSV)","geocode_ok":true,"geocode_provider":"google","geocode_tier":"cache","geocode_query":"臺北市士林區福志路2號電箱旁"}},{"type":"Feature","geometry":{"type":"Point","coordinates":[121.5290111,25.0973265]},"properties":{"site_name":"臺北市唐氏症家長協會","tel":"(02)22782321","address":"中山北路5段698巷37號旁","full_address":"臺北市士林區中山北路5段698巷37號旁","resolved_county":"臺北市","resolved_district":"士林區","service_type":"回收","item":"舊衣類","taipei_oldcloth_approval_no":"310","taipei_oldcloth_remark":"","data_source":"臺北市舊衣回收核准名冊(CSV)","geocode_ok":true,"geocode_provider":"google","geocode_tier":"cache","geocode_query":"臺北市士林區中山北路5段698巷37號旁"}},{"type":"Feature","geometry":{"type":"Point","coordinates":[121.5234851,25.1054699]},"properties":{"site_name":"臺北市唐氏症家長協會","tel":"(02)22782321","address":"德行西路30號前","full_address":"臺北市士林區德行西路30號前","resolved_county":"臺北市","resolved_district":"士林區","service_type":"回收","item":"舊衣類","taipei_oldcloth_approval_no":"311","taipei_oldcloth_remark":"","data_source":"臺北市舊衣回收核准名冊(CSV)","geocode_ok":true,"geocode_provider":"google","geocode_tier":"cache","geocode_query":"臺北市士林區德行西路30號前"}},{"type":"Feature","geometry":{"type":"Point","coordinates":[121.5203033,25.0536262]},"properties":{"site_name":"臺北市唐氏症家長協會","tel":"(02)22782321","address":"南京西路25巷與赤峰街17巷口","full_address":"臺北市大同區南京西路25巷與赤峰街17巷口","resolved_county":"臺北市","resolved_district":"大同區","service_type":"回收","item":"舊衣類","taipei_oldcloth_approval_no":"312","taipei_oldcloth_remark":"","data_source":"臺北市舊衣回收核准名冊(CSV)","geocode_ok":true,"geocode_provider":"google","geocode_tier":"cache","geocode_query":"臺北市大同區南京西路25巷與赤峰街17巷口"}},{"type":"Feature","geometry":{"type":"Point","coordinates":[121.5189847,25.0562333]},"properties":{"site_name":"臺北市唐氏症家長協會","tel":"(02)22782321","address":"承德路2段91巷口","full_address":"臺北市大同區承德路2段91巷口","resolved_county":"臺北市","resolved_district":"大同區","service_type":"回收","item":"舊衣類","taipei_oldcloth_approval_no":"313","taipei_oldcloth_remark":"","data_source":"臺北市舊衣回收核准名冊(CSV)","geocode_ok":true,"geocode_provider":"google","geocode_tier":"cache","geocode_query":"臺北市大同區承德路2段91巷口"}},{"type":"Feature","geometry":{"type":"Point","coordinates":[121.5127661,25.0627647]},"properties":{"site_name":"臺北市唐氏症家長協會","tel":"(02)22782321","address":"民權西路244號前方郵筒旁","full_address":"臺北市大同區民權西路244號前方郵筒旁","resolved_county":"臺北市","resolved_district":"大同區","service_type":"回收","item":"舊衣類","taipei_oldcloth_approval_no":"314","taipei_oldcloth_remark":"","data_source":"臺北市舊衣回收核准名冊(CSV)","geocode_ok":true,"geocode_provider":"google","geocode_tier":"cache","geocode_query":"臺北市大同區民權西路244號前方郵筒旁"}},{"type":"Feature","geometry":{"type":"Point","coordinates":[121.5130831,25.0660275]},"properties":{"site_name":"臺北市唐氏症家長協會","tel":"(02)22782321","address":"昌吉街95巷口（昌吉街端）","full_address":"臺北市大同區昌吉街95巷口（昌吉街端）","resolved_county":"臺北市","resolved_district":"大同區","service_type":"回收","item":"舊衣類","taipei_oldcloth_approval_no":"315","taipei_oldcloth_remark":"","data_source":"臺北市舊衣回收核准名冊(CSV)","geocode_ok":true,"geocode_provider":"google","geocode_tier":"cache","geocode_query":"臺北市大同區昌吉街95巷口（昌吉街端）"}},{"type":"Feature","geometry":{"type":"Point","coordinates":[121.5118401,25.0683276]},"properties":{"site_name":"臺北市唐氏症家長協會","tel":"(02)22782321","address":"延平北路3段113巷20號對面","full_address":"臺北市大同區延平北路3段113巷20號對面","resolved_county":"臺北市","resolved_district":"大同區","service_type":"回收","item":"舊衣類","taipei_oldcloth_approval_no":"316","taipei_oldcloth_remark":"","data_source":"臺北市舊衣回收核准名冊(CSV)","geocode_ok":true,"geocode_provider":"google","geocode_tier":"cache","geocode_query":"臺北市大同區延平北路3段113巷20號對面"}},{"type":"Feature","geometry":{"type":"Point","coordinates":[121.5131031,25.0704722]},"properties":{"site_name":"臺北市唐氏症家長協會","tel":"(02)22782321","address":"重慶北路3段236巷4號對面","full_address":"臺北市大同區重慶北路3段236巷4號對面","resolved_county":"臺北市","resolved_district":"大同區","service_type":"回收","item":"舊衣類","taipei_oldcloth_approval_no":"317","taipei_oldcloth_remark":"","data_source":"臺北市舊衣回收核准名冊(CSV)","geocode_ok":true,"geocode_provider":"google","geocode_tier":"cache","geocode_query":"臺北市大同區重慶北路3段236巷4號對面"}},{"type":"Feature","geometry":{"type":"Point","coordinates":[121.5150234,25.0671724]},"properties":{"site_name":"臺北市唐氏症家長協會","tel":"(02)22782321","address":"重慶北路3段113巷28號","full_address":"臺北市大同區重慶北路3段113巷28號","resolved_county":"臺北市","resolved_district":"大同區","service_type":"回收","item":"舊衣類","taipei_oldcloth_approval_no":"318","taipei_oldcloth_remark":"","data_source":"臺北市舊衣回收核准名冊(CSV)","geocode_ok":true,"geocode_provider":"google","geocode_tier":"cache","geocode_query":"臺北市大同區重慶北路3段113巷28號"}},{"type":"Feature","geometry":{"type":"Point","coordinates":[121.5180654,25.0681941]},"properties":{"site_name":"臺北市唐氏症家長協會","tel":"(02)22782321","address":"民族西路76巷1弄口","full_address":"臺北市大同區民族西路76巷1弄口","resolved_county":"臺北市","resolved_district":"大同區","service_type":"回收","item":"舊衣類","taipei_oldcloth_approval_no":"319","taipei_oldcloth_remark":"","data_source":"臺北市舊衣回收核准名冊(CSV)","geocode_ok":true,"geocode_provider":"google","geocode_tier":"cache","geocode_query":"臺北市大同區民族西路76巷1弄口"}},{"type":"Feature","geometry":{"type":"Point","coordinates":[121.5185068,25.0585977]},"properties":{"site_name":"臺北市唐氏症家長協會","tel":"(02)22782321","address":"承德路2段167號前","full_address":"臺北市大同區承德路2段167號前","resolved_county":"臺北市","resolved_district":"大同區","service_type":"回收","item":"舊衣類","taipei_oldcloth_approval_no":"320","taipei_oldcloth_remark":"","data_source":"臺北市舊衣回收核准名冊(CSV)","geocode_ok":true,"geocode_provider":"google","geocode_tier":"cache","geocode_query":"臺北市大同區承德路2段167號前"}},{"type":"Feature","geometry":{"type":"Point","coordinates":[121.522081,25.049818]},"properties":{"site_name":"臺北市身心障礙者創業輔導發展協會","tel":"(02)22782321","address":"長安東路1段77巷4弄4之1號對面","full_address":"臺北市中山區長安東路1段77巷4弄4之1號對面","resolved_county":"臺北市","resolved_district":"中山區","service_type":"回收","item":"舊衣類","taipei_oldcloth_approval_no":"321","taipei_oldcloth_remark":"","data_source":"臺北市舊衣回收核准名冊(CSV)","geocode_ok":true,"geocode_provider":"google","geocode_tier":"cache","geocode_query":"臺北市中山區長安東路1段77巷4弄4之1號對面"}},{"type":"Feature","geometry":{"type":"Point","coordinates":[121.5266779,25.0493346]},"properties":{"site_name":"臺北市唐氏症家長協會","tel":"(02)22782321","address":"林森北路85巷52號對面","full_address":"臺北市中山區林森北路85巷52號對面","resolved_county":"臺北市","resolved_district":"中山區","service_type":"回收","item":"舊衣類","taipei_oldcloth_approval_no":"322","taipei_oldcloth_remark":"","data_source":"臺北市舊衣回收核准名冊(CSV)","geocode_ok":true,"geocode_provider":"google","geocode_tier":"cache","geocode_query":"臺北市中山區林森北路85巷52號對面"}},{"type":"Feature","geometry":{"type":"Point","coordinates":[121.5352809,25.0657032]},"properties":{"site_name":"臺北市唐氏症家長協會","tel":"(02)22782321","address":"松江路469巷43號前","full_address":"臺北市中山區松江路469巷43號前","resolved_county":"臺北市","resolved_district":"中山區","service_type":"回收","item":"舊衣類","taipei_oldcloth_approval_no":"323","taipei_oldcloth_remark":"","data_source":"臺北市舊衣回收核准名冊(CSV)","geocode_ok":true,"geocode_provider":"google","geocode_tier":"cache","geocode_query":"臺北市中山區松江路469巷43號前"}},{"type":"Feature","geometry":{"type":"Point","coordinates":[121.5242957,25.0654144]},"properties":{"site_name":"臺北市唐氏症家長協會","tel":"(02)22782321","address":"雙城街18巷口","full_address":"臺北市中山區雙城街18巷口","resolved_county":"臺北市","resolved_district":"中山區","service_type":"回收","item":"舊衣類","taipei_oldcloth_approval_no":"324","taipei_oldcloth_remark":"","data_source":"臺北市舊衣回收核准名冊(CSV)","geocode_ok":true,"geocode_provider":"google","geocode_tier":"cache","geocode_query":"臺北市中山區雙城街18巷口"}},{"type":"Feature","geometry":{"type":"Point","coordinates":[121.5364734,25.0589149]},"properties":{"site_name":"臺北市唐氏症家長協會","tel":"(02)22782321","address":"民生東路2段147巷與建國北路2段116巷口","full_address":"臺北市中山區民生東路2段147巷與建國北路2段116巷口","resolved_county":"臺北市","resolved_district":"中山區","service_type":"回收","item":"舊衣類","taipei_oldcloth_approval_no":"325","taipei_oldcloth_remark":"","data_source":"臺北市舊衣回收核准名冊(CSV)","geocode_ok":true,"geocode_provider":"google","geocode_tier":"cache","geocode_query":"臺北市中山區民生東路2段147巷與建國北路2段116巷口"}},{"type":"Feature","geometry":{"type":"Point","coordinates":[121.5279769,25.0623355]},"properties":{"site_name":"臺北市唐氏症家長協會","tel":"(02)22782321","address":"民權東路2段152巷口","full_address":"臺北市中山區民權東路2段152巷口","resolved_county":"臺北市","resolved_district":"中山區","service_type":"回收","item":"舊衣類","taipei_oldcloth_approval_no":"326","taipei_oldcloth_remark":"","data_source":"臺北市舊衣回收核准名冊(CSV)","geocode_ok":true,"geocode_provider":"google","geocode_tier":"cache","geocode_query":"臺北市中山區民權東路2段152巷口"}},{"type":"Feature","geometry":{"type":"Point","coordinates":[121.5359095,25.060213]},"properties":{"site_name":"臺北市唐氏症家長協會","tel":"(02)22782321","address":"錦州街298號對面","full_address":"臺北市中山區錦州街298號對面","resolved_county":"臺北市","resolved_district":"中山區","service_type":"回收","item":"舊衣類","taipei_oldcloth_approval_no":"327","taipei_oldcloth_remark":"","data_source":"臺北市舊衣回收核准名冊(CSV)","geocode_ok":true,"geocode_provider":"google","geocode_tier":"cache","geocode_query":"臺北市中山區錦州街298號對面"}},{"type":"Feature","geometry":{"type":"Point","coordinates":[121.5333691,25.0607902]},"properties":{"site_name":"臺北市唐氏症家長協會","tel":"(02)22782321","address":"松江路235巷口","full_address":"臺北市中山區松江路235巷口","resolved_county":"臺北市","resolved_district":"中山區","service_type":"回收","item":"舊衣類","taipei_oldcloth_approval_no":"328","taipei_oldcloth_remark":"","data_source":"臺北市舊衣回收核准名冊(CSV)","geocode_ok":true,"geocode_provider":"google","geocode_tier":"cache","geocode_query":"臺北市中山區松江路235巷口"}},{"type":"Feature","geometry":{"type":"Point","coordinates":[121.5564425,25.0392799]},"properties":{"site_name":"臺北市唐氏症家長協會","tel":"(02)22782321","address":"光復南路290巷25號旁","full_address":"臺北市大安區光復南路290巷25號旁","resolved_county":"臺北市","resolved_district":"大安區","service_type":"回收","item":"舊衣類","taipei_oldcloth_approval_no":"329","taipei_oldcloth_remark":"","data_source":"臺北市舊衣回收核准名冊(CSV)","geocode_ok":true,"geocode_provider":"google","geocode_tier":"cache","geocode_query":"臺北市大安區光復南路290巷25號旁"}},{"type":"Feature","geometry":{"type":"Point","coordinates":[121.5357692,25.0377765]},"properties":{"site_name":"臺北市唐氏症家長協會","tel":"(02)22782321","address":"仁愛路3段24巷1弄口和仁愛路3段24巷口","full_address":"臺北市大安區仁愛路3段24巷1弄口和仁愛路3段24巷口","resolved_county":"臺北市","resolved_district":"大安區","service_type":"回收","item":"舊衣類","taipei_oldcloth_approval_no":"330","taipei_oldcloth_remark":"","data_source":"臺北市舊衣回收核准名冊(CSV)","geocode_ok":true,"geocode_provider":"google","geocode_tier":"cache","geocode_query":"臺北市大安區仁愛路3段24巷1弄口和仁愛路3段24巷口"}},{"type":"Feature","geometry":{"type":"Point","coordinates":[121.5474574,25.0492071]},"properties":{"site_name":"臺北市唐氏症家長協會","tel":"(02)22782321","address":"八德路2段451巷口","full_address":"臺北市松山區八德路2段451巷口","resolved_county":"臺北市","resolved_district":"松山區","service_type":"回收","item":"舊衣類","taipei_oldcloth_approval_no":"331","taipei_oldcloth_remark":"","data_source":"臺北市舊衣回收核准名冊(CSV)","geocode_ok":true,"geocode_provider":"google","geocode_tier":"cache","geocode_query":"臺北市松山區八德路2段451巷口"}},{"type":"Feature","geometry":{"type":"Point","coordinates":[121.5552952,25.0463965]},"properties":{"site_name":"臺北市唐氏症家長協會","tel":"(02)22782321","address":"光復南路32巷與八德路3段158巷口","full_address":"臺北市松山區光復南路32巷與八德路3段158巷口","resolved_county":"臺北市","resolved_district":"松山區","service_type":"回收","item":"舊衣類","taipei_oldcloth_approval_no":"332","taipei_oldcloth_remark":"","data_source":"臺北市舊衣回收核准名冊(CSV)","geocode_ok":true,"geocode_provider":"google","geocode_tier":"cache","geocode_query":"臺北市松山區光復南路32巷與八德路3段158巷口"}},{"type":"Feature","geometry":{"type":"Point","coordinates":[121.5608569,25.0365209]},"properties":{"site_name":"臺北市唐氏症家長協會","tel":"(02)22782321","address":"仁愛路4段512巷16號之1對面（廟後方）","full_address":"臺北市信義區仁愛路4段512巷16號之1對面（廟後方）","resolved_county":"臺北市","resolved_district":"信義區","service_type":"回收","item":"舊衣類","taipei_oldcloth_approval_no":"333","taipei_oldcloth_remark":"","data_source":"臺北市舊衣回收核准名冊(CSV)","geocode_ok":true,"geocode_provider":"google","geocode_tier":"cache","geocode_query":"臺北市信義區仁愛路4段512巷16號之1對面（廟後方）"}},{"type":"Feature","geometry":{"type":"Point","coordinates":[121.585017,25.0416839]},"properties":{"site_name":"臺北市唐氏症家長協會","tel":"(02)22782321","address":"中坡南路72號對面","full_address":"臺北市南港區中坡南路72號對面","resolved_county":"臺北市","resolved_district":"南港區","service_type":"回收","item":"舊衣類","taipei_oldcloth_approval_no":"334","taipei_oldcloth_remark":"","data_source":"臺北市舊衣回收核准名冊(CSV)","geocode_ok":true,"geocode_provider":"google","geocode_tier":"cache","geocode_query":"臺北市南港區中坡南路72號對面"}},{"type":"Feature","geometry":{"type":"Point","coordinates":[121.501731,25.0258953]},"properties":{"site_name":"臺北市唐氏症家長協會","tel":"(02)22782321","address":"萬大路277巷33弄口","full_address":"臺北市萬華區萬大路277巷33弄口","resolved_county":"臺北市","resolved_district":"萬華區","service_type":"回收","item":"舊衣類","taipei_oldcloth_approval_no":"335","taipei_oldcloth_remark":"","data_source":"臺北市舊衣回收核准名冊(CSV)","geocode_ok":true,"geocode_provider":"google","geocode_tier":"cache","geocode_query":"臺北市萬華區萬大路277巷33弄口"}},{"type":"Feature","geometry":{"type":"Point","coordinates":[121.5359843,25.1113204]},"properties":{"site_name":"財團法人台北市樹仁社會福利基金會","tel":"(02)28936122","address":"士東路266巷20弄12號對面","full_address":"臺北市士林區士東路266巷20弄12號對面","resolved_county":"臺北市","resolved_district":"士林區","service_type":"回收","item":"舊衣類","taipei_oldcloth_approval_no":"341","taipei_oldcloth_remark":"","data_source":"臺北市舊衣回收核准名冊(CSV)","geocode_ok":true,"geocode_provider":"google","geocode_tier":"cache","geocode_query":"臺北市士林區士東路266巷20弄12號對面"}},{"type":"Feature","geometry":{"type":"Point","coordinates":[121.5878287,25.0675686]},"properties":{"site_name":"財團法人台北市樹仁社會福利基金會","tel":"(02)28936122","address":"成功路2段320巷60號對面電箱旁","full_address":"臺北市內湖區成功路2段320巷60號對面電箱旁","resolved_county":"臺北市","resolved_district":"內湖區","service_type":"回收","item":"舊衣類","taipei_oldcloth_approval_no":"342","taipei_oldcloth_remark":"","data_source":"臺北市舊衣回收核准名冊(CSV)","geocode_ok":true,"geocode_provider":"google","geocode_tier":"cache","geocode_query":"臺北市內湖區成功路2段320巷60號對面電箱旁"}},{"type":"Feature","geometry":{"type":"Point","coordinates":[121.5058834,25.1252893]},"properties":{"site_name":"財團法人台北市樹仁社會福利基金會","tel":"(02)28936122","address":"公館路228巷口","full_address":"臺北市北投區公館路228巷口","resolved_county":"臺北市","resolved_district":"北投區","service_type":"回收","item":"舊衣類","taipei_oldcloth_approval_no":"343","taipei_oldcloth_remark":"","data_source":"臺北市舊衣回收核准名冊(CSV)","geocode_ok":true,"geocode_provider":"google","geocode_tier":"cache","geocode_query":"臺北市北投區公館路228巷口"}},{"type":"Feature","geometry":{"type":"Point","coordinates":[121.532525,25.1174756]},"properties":{"site_name":"財團法人台北市樹仁社會福利基金會","tel":"(02)28936122","address":"天母東路8巷19弄對面","full_address":"臺北市士林區天母東路8巷19弄對面","resolved_county":"臺北市","resolved_district":"士林區","service_type":"回收","item":"舊衣類","taipei_oldcloth_approval_no":"344","taipei_oldcloth_remark":"","data_source":"臺北市舊衣回收核准名冊(CSV)","geocode_ok":true,"geocode_provider":"google","geocode_tier":"cache","geocode_query":"臺北市士林區天母東路8巷19弄對面"}},{"type":"Feature","geometry":{"type":"Point","coordinates":[121.5381832,25.112248]},"properties":{"site_name":"財團法人台北市樹仁社會福利基金會","tel":"(02)28936122","address":"德行東路331巷對面角","full_address":"臺北市士林區德行東路331巷對面角","resolved_county":"臺北市","resolved_district":"士林區","service_type":"回收","item":"舊衣類","taipei_oldcloth_approval_no":"345","taipei_oldcloth_remark":"","data_source":"臺北市舊衣回收核准名冊(CSV)","geocode_ok":true,"geocode_provider":"google","geocode_tier":"cache","geocode_query":"臺北市士林區德行東路331巷對面角"}},{"type":"Feature","geometry":{"type":"Point","coordinates":[121.5400842,25.1099086]},"properties":{"site_name":"財團法人台北市樹仁社會福利基金會","tel":"(02)28936122","address":"德行東路378巷口","full_address":"臺北市士林區德行東路378巷口","resolved_county":"臺北市","resolved_district":"士林區","service_type":"回收","item":"舊衣類","taipei_oldcloth_approval_no":"346","taipei_oldcloth_remark":"","data_source":"臺北市舊衣回收核准名冊(CSV)","geocode_ok":true,"geocode_provider":"google","geocode_tier":"cache","geocode_query":"臺北市士林區德行東路378巷口"}},{"type":"Feature","geometry":{"type":"Point","coordinates":[121.5202996,25.1084077]},"properties":{"site_name":"財團法人台北市樹仁社會福利基金會","tel":"(02)28936122","address":"東華街2段266號旁","full_address":"臺北市北投區東華街2段266號旁","resolved_county":"臺北市","resolved_district":"北投區","service_type":"回收","item":"舊衣類","taipei_oldcloth_approval_no":"347","taipei_oldcloth_remark":"","data_source":"臺北市舊衣回收核准名冊(CSV)","geocode_ok":true,"geocode_provider":"google","geocode_tier":"cache","geocode_query":"臺北市北投區東華街2段266號旁"}},{"type":"Feature","geometry":{"type":"Point","coordinates":[121.5110513,25.1174743]},"properties":{"site_name":"財團法人台北市樹仁社會福利基金會","tel":"(02)28936122","address":"吉利街280巷27弄23號旁","full_address":"臺北市北投區吉利街280巷27弄23號旁","resolved_county":"臺北市","resolved_district":"北投區","service_type":"回收","item":"舊衣類","taipei_oldcloth_approval_no":"348","taipei_oldcloth_remark":"","data_source":"臺北市舊衣回收核准名冊(CSV)","geocode_ok":true,"geocode_provider":"google","geocode_tier":"cache","geocode_query":"臺北市北投區吉利街280巷27弄23號旁"}},{"type":"Feature","geometry":{"type":"Point","coordinates":[121.5094901,25.0904058]},"properties":{"site_name":"財團法人台北市樹仁社會福利基金會","tel":"(02)28936122","address":"社中街141號","full_address":"臺北市士林區社中街141號","resolved_county":"臺北市","resolved_district":"士林區","service_type":"回收","item":"舊衣類","taipei_oldcloth_approval_no":"349","taipei_oldcloth_remark":"","data_source":"臺北市舊衣回收核准名冊(CSV)","geocode_ok":true,"geocode_provider":"google","geocode_tier":"cache","geocode_query":"臺北市士林區社中街141號"}},{"type":"Feature","geometry":{"type":"Point","coordinates":[121.507668,25.1274529]},"properties":{"site_name":"財團法人台北市樹仁社會福利基金會","tel":"(02)28936122","address":"公館路211號旁","full_address":"臺北市北投區公館路211號旁","resolved_county":"臺北市","resolved_district":"北投區","service_type":"回收","item":"舊衣類","taipei_oldcloth_approval_no":"350","taipei_oldcloth_remark":"","data_source":"臺北市舊衣回收核准名冊(CSV)","geocode_ok":true,"geocode_provider":"google","geocode_tier":"cache","geocode_query":"臺北市北投區公館路211號旁"}},{"type":"Feature","geometry":{"type":"Point","coordinates":[121.510814,25.1133685]},"properties":{"site_name":"財團法人台北市樹仁社會福利基金會","tel":"(02)28936122","address":"石牌路1段166巷120號旁(燈桿旁)","full_address":"臺北市北投區石牌路1段166巷120號旁(燈桿旁)","resolved_county":"臺北市","resolved_district":"北投區","service_type":"回收","item":"舊衣類","taipei_oldcloth_approval_no":"351","taipei_oldcloth_remark":"","data_source":"臺北市舊衣回收核准名冊(CSV)","geocode_ok":true,"geocode_provider":"google","geocode_tier":"cache","geocode_query":"臺北市北投區石牌路1段166巷120號旁(燈桿旁)"}},{"type":"Feature","geometry":{"type":"Point","coordinates":[121.5246607,25.0980591]},"properties":{"site_name":"財團法人台北市樹仁社會福利基金會","tel":"(02)28936122","address":"後街12號旁","full_address":"臺北市士林區後街12號旁","resolved_county":"臺北市","resolved_district":"士林區","service_type":"回收","item":"舊衣類","taipei_oldcloth_approval_no":"352","taipei_oldcloth_remark":"","data_source":"臺北市舊衣回收核准名冊(CSV)","geocode_ok":true,"geocode_provider":"google","geocode_tier":"cache","geocode_query":"臺北市士林區後街12號旁"}},{"type":"Feature","geometry":{"type":"Point","coordinates":[121.6577316,25.0616102]},"properties":{"site_name":"財團法人台北市樹仁社會福利基金會","tel":"(02)28936122","address":"舊莊街1段199巷11弄2號對面","full_address":"臺北市南港區舊莊街1段199巷11弄2號對面","resolved_county":"臺北市","resolved_district":"南港區","service_type":"回收","item":"舊衣類","taipei_oldcloth_approval_no":"353","taipei_oldcloth_remark":"","data_source":"臺北市舊衣回收核准名冊(CSV)","geocode_ok":true,"geocode_provider":"google","geocode_tier":"cache","geocode_query":"臺北市南港區舊莊街1段199巷11弄2號對面"}},{"type":"Feature","geometry":{"type":"Point","coordinates":[121.5642806,25.0500607]},"properties":{"site_name":"財團法人台北市樹仁社會福利基金會","tel":"(02)28936122","address":"八德路4段245巷32弄2號","full_address":"臺北市松山區八德路4段245巷32弄2號","resolved_county":"臺北市","resolved_district":"松山區","service_type":"回收","item":"舊衣類","taipei_oldcloth_approval_no":"354","taipei_oldcloth_remark":"","data_source":"臺北市舊衣回收核准名冊(CSV)","geocode_ok":true,"geocode_provider":"google","geocode_tier":"cache","geocode_query":"臺北市松山區八德路4段245巷32弄2號"}},{"type":"Feature","geometry":{"type":"Point","coordinates":[121.5912641,25.0786206]},"properties":{"site_name":"財團法人台北市樹仁社會福利基金會","tel":"(02)28936122","address":"星雲街31號旁","full_address":"臺北市內湖區星雲街31號旁","resolved_county":"臺北市","resolved_district":"內湖區","service_type":"回收","item":"舊衣類","taipei_oldcloth_approval_no":"355","taipei_oldcloth_remark":"","data_source":"臺北市舊衣回收核准名冊(CSV)","geocode_ok":true,"geocode_provider":"google","geocode_tier":"cache","geocode_query":"臺北市內湖區星雲街31號旁"}},{"type":"Feature","geometry":{"type":"Point","coordinates":[121.5915413,25.0879851]},"properties":{"site_name":"財團法人台北市樹仁社會福利基金會","tel":"(02)28936122","address":"內湖路3段60巷8弄28號旁","full_address":"臺北市內湖區內湖路3段60巷8弄28號旁","resolved_county":"臺北市","resolved_district":"內湖區","service_type":"回收","item":"舊衣類","taipei_oldcloth_approval_no":"356","taipei_oldcloth_remark":"","data_source":"臺北市舊衣回收核准名冊(CSV)","geocode_ok":true,"geocode_provider":"google","geocode_tier":"cache","geocode_query":"臺北市內湖區內湖路3段60巷8弄28號旁"}},{"type":"Feature","geometry":{"type":"Point","coordinates":[121.5123056,25.1167754]},"properties":{"site_name":"財團法人台北市樹仁社會福利基金會","tel":"(02)28936122","address":"致遠二路86號旁（電箱旁）","full_address":"臺北市北投區致遠二路86號旁（電箱旁）","resolved_county":"臺北市","resolved_district":"北投區","service_type":"回收","item":"舊衣類","taipei_oldcloth_approval_no":"357","taipei_oldcloth_remark":"","data_source":"臺北市舊衣回收核准名冊(CSV)","geocode_ok":true,"geocode_provider":"google","geocode_tier":"cache","geocode_query":"臺北市北投區致遠二路86號旁（電箱旁）"}},{"type":"Feature","geometry":{"type":"Point","coordinates":[121.5305131,25.0990811]},"properties":{"site_name":"財團法人台北市樹仁社會福利基金會","tel":"(02)28936122","address":"福志路50號對面","full_address":"臺北市士林區福志路50號對面","resolved_county":"臺北市","resolved_district":"士林區","service_type":"回收","item":"舊衣類","taipei_oldcloth_approval_no":"358","taipei_oldcloth_remark":"","data_source":"臺北市舊衣回收核准名冊(CSV)","geocode_ok":true,"geocode_provider":"google","geocode_tier":"cache","geocode_query":"臺北市士林區福志路50號對面"}},{"type":"Feature","geometry":{"type":"Point","coordinates":[121.5285668,25.0984276]},"properties":{"site_name":"財團法人台北市樹仁社會福利基金會","tel":"(02)28936122","address":"福志路101號旁","full_address":"臺北市士林區福志路101號旁","resolved_county":"臺北市","resolved_district":"士林區","service_type":"回收","item":"舊衣類","taipei_oldcloth_approval_no":"359","taipei_oldcloth_remark":"","data_source":"臺北市舊衣回收核准名冊(CSV)","geocode_ok":true,"geocode_provider":"google","geocode_tier":"cache","geocode_query":"臺北市士林區福志路101號旁"}},{"type":"Feature","geometry":{"type":"Point","coordinates":[121.4992452,25.1413822]},"properties":{"site_name":"財團法人台北市樹仁社會福利基金會","tel":"(02)28936122","address":"中和街347號對面","full_address":"臺北市北投區中和街347號對面","resolved_county":"臺北市","resolved_district":"北投區","service_type":"回收","item":"舊衣類","taipei_oldcloth_approval_no":"360","taipei_oldcloth_remark":"","data_source":"臺北市舊衣回收核准名冊(CSV)","geocode_ok":true,"geocode_provider":"google","geocode_tier":"cache","geocode_query":"臺北市北投區中和街347號對面"}},{"type":"Feature","geometry":{"type":"Point","coordinates":[121.5215597,25.0240113]},"properties":{"site_name":"財團法人台北市樹仁社會福利基金會","tel":"(02)28936122","address":"同安街48號左前方","full_address":"臺北市中正區同安街48號左前方","resolved_county":"臺北市","resolved_district":"中正區","service_type":"回收","item":"舊衣類","taipei_oldcloth_approval_no":"361","taipei_oldcloth_remark":"","data_source":"臺北市舊衣回收核准名冊(CSV)","geocode_ok":true,"geocode_provider":"google","geocode_tier":"cache","geocode_query":"臺北市中正區同安街48號左前方"}},{"type":"Feature","geometry":{"type":"Point","coordinates":[121.53219,25.1092977]},"properties":{"site_name":"財團法人台北市樹仁社會福利基金會","tel":"(02)28936122","address":"德行東路203巷4號對面","full_address":"臺北市士林區德行東路203巷4號對面","resolved_county":"臺北市","resolved_district":"士林區","service_type":"回收","item":"舊衣類","taipei_oldcloth_approval_no":"364","taipei_oldcloth_remark":"","data_source":"臺北市舊衣回收核准名冊(CSV)","geocode_ok":true,"geocode_provider":"google","geocode_tier":"cache","geocode_query":"臺北市士林區德行東路203巷4號對面"}},{"type":"Feature","geometry":{"type":"Point","coordinates":[121.563402,24.983007]},"properties":{"site_name":"財團法人台北市樹仁社會福利基金會","tel":"(02)28936122","address":"木新路3段74巷8弄1號","full_address":"臺北市文山區木新路3段74巷8弄1號","resolved_county":"臺北市","resolved_district":"文山區","service_type":"回收","item":"舊衣類","taipei_oldcloth_approval_no":"365","taipei_oldcloth_remark":"","data_source":"臺北市舊衣回收核准名冊(CSV)","geocode_ok":true,"geocode_provider":"google","geocode_tier":"cache","geocode_query":"臺北市文山區木新路3段74巷8弄1號"}},{"type":"Feature","geometry":{"type":"Point","coordinates":[121.583484,25.0895209]},"properties":{"site_name":"財團法人台北市樹仁社會福利基金會","tel":"(02)28936122","address":"內湖路3段365號對面","full_address":"臺北市內湖區內湖路3段365號對面","resolved_county":"臺北市","resolved_district":"內湖區","service_type":"回收","item":"舊衣類","taipei_oldcloth_approval_no":"366","taipei_oldcloth_remark":"","data_source":"臺北市舊衣回收核准名冊(CSV)","geocode_ok":true,"geocode_provider":"google","geocode_tier":"cache","geocode_query":"臺北市內湖區內湖路3段365號對面"}},{"type":"Feature","geometry":{"type":"Point","coordinates":[121.5038812,25.0899117]},"properties":{"site_name":"財團法人台北市樹仁社會福利基金會","tel":"(02)28936122","address":"延平北路6段258巷16號對面","full_address":"臺北市士林區延平北路6段258巷16號對面","resolved_county":"臺北市","resolved_district":"士林區","service_type":"回收","item":"舊衣類","taipei_oldcloth_approval_no":"367","taipei_oldcloth_remark":"","data_source":"臺北市舊衣回收核准名冊(CSV)","geocode_ok":true,"geocode_provider":"google","geocode_tier":"cache","geocode_query":"臺北市士林區延平北路6段258巷16號對面"}},{"type":"Feature","geometry":{"type":"Point","coordinates":[121.5059264,25.0341642]},"properties":{"site_name":"財團法人台北市樹仁社會福利基金會","tel":"(02)28936122","address":"中華路2段77號前","full_address":"臺北市中正區中華路2段77號前","resolved_county":"臺北市","resolved_district":"中正區","service_type":"回收","item":"舊衣類","taipei_oldcloth_approval_no":"368","taipei_oldcloth_remark":"","data_source":"臺北市舊衣回收核准名冊(CSV)","geocode_ok":true,"geocode_provider":"google","geocode_tier":"cache","geocode_query":"臺北市中正區中華路2段77號前"}},{"type":"Feature","geometry":{"type":"Point","coordinates":[121.5065509,25.0338016]},"properties":{"site_name":"財團法人台北市樹仁社會福利基金會","tel":"(02)28936122","address":"中華路2段75巷9號對面杭園內","full_address":"臺北市中正區中華路2段75巷9號對面杭園內","resolved_county":"臺北市","resolved_district":"中正區","service_type":"回收","item":"舊衣類","taipei_oldcloth_approval_no":"369","taipei_oldcloth_remark":"","data_source":"臺北市舊衣回收核准名冊(CSV)","geocode_ok":true,"geocode_provider":"google","geocode_tier":"cache","geocode_query":"臺北市中正區中華路2段75巷9號對面杭園內"}},{"type":"Feature","geometry":{"type":"Point","coordinates":[121.5341457,25.1156965]},"properties":{"site_name":"財團法人台北市樹仁社會福利基金會","tel":"(02)28936122","address":"天母東?70號前","full_address":"臺北市士林區天母東?70號前","resolved_county":"臺北市","resolved_district":"士林區","service_type":"回收","item":"舊衣類","taipei_oldcloth_approval_no":"370","taipei_oldcloth_remark":"","data_source":"臺北市舊衣回收核准名冊(CSV)","geocode_ok":true,"geocode_provider":"google","geocode_tier":"cache","geocode_query":"臺北市士林區天母東?70號前"}},{"type":"Feature","geometry":{"type":"Point","coordinates":[121.5527028,25.0310986]},"properties":{"site_name":"財團法人台北市樹仁社會福利基金會","tel":"(02)28936122","address":"安和路2段57號","full_address":"臺北市大安區安和路2段57號","resolved_county":"臺北市","resolved_district":"大安區","service_type":"回收","item":"舊衣類","taipei_oldcloth_approval_no":"372","taipei_oldcloth_remark":"","data_source":"臺北市舊衣回收核准名冊(CSV)","geocode_ok":true,"geocode_provider":"google","geocode_tier":"cache","geocode_query":"臺北市大安區安和路2段57號"}},{"type":"Feature","geometry":{"type":"Point","coordinates":[121.5236815,25.0225756]},"properties":{"site_name":"財團法人台北市樹仁社會福利基金會","tel":"(02)28936122","address":"汀州路2段263號","full_address":"臺北市中正區汀州路2段263號","resolved_county":"臺北市","resolved_district":"中正區","service_type":"回收","item":"舊衣類","taipei_oldcloth_approval_no":"373","taipei_oldcloth_remark":"","data_source":"臺北市舊衣回收核准名冊(CSV)","geocode_ok":true,"geocode_provider":"google","geocode_tier":"cache","geocode_query":"臺北市中正區汀州路2段263號"}},{"type":"Feature","geometry":{"type":"Point","coordinates":[121.4948477,25.017589]},"properties":{"site_name":"財團法人台北市樹仁社會福利基金會","tel":"(02)28936122","address":"萬大路618巷35號旁","full_address":"臺北市萬華區萬大路618巷35號旁","resolved_county":"臺北市","resolved_district":"萬華區","service_type":"回收","item":"舊衣類","taipei_oldcloth_approval_no":"374","taipei_oldcloth_remark":"","data_source":"臺北市舊衣回收核准名冊(CSV)","geocode_ok":true,"geocode_provider":"google","geocode_tier":"cache","geocode_query":"臺北市萬華區萬大路618巷35號旁"}},{"type":"Feature","geometry":{"type":"Point","coordinates":[121.4964456,25.0201145]},"properties":{"site_name":"財團法人台北市樹仁社會福利基金會","tel":"(02)28936122","address":"萬大路486巷35號旁","full_address":"臺北市萬華區萬大路486巷35號旁","resolved_county":"臺北市","resolved_district":"萬華區","service_type":"回收","item":"舊衣類","taipei_oldcloth_approval_no":"375","taipei_oldcloth_remark":"","data_source":"臺北市舊衣回收核准名冊(CSV)","geocode_ok":true,"geocode_provider":"google","geocode_tier":"cache","geocode_query":"臺北市萬華區萬大路486巷35號旁"}},{"type":"Feature","geometry":{"type":"Point","coordinates":[121.560663,25.0569893]},"properties":{"site_name":"財團法人伊甸社會福利基金會附設臺北市私立八德服務中心","tel":"(02)25777636","address":"新中街2巷口","full_address":"臺北市松山區新中街2巷口","resolved_county":"臺北市","resolved_district":"松山區","service_type":"回收","item":"舊衣類","taipei_oldcloth_approval_no":"376","taipei_oldcloth_remark":"","data_source":"臺北市舊衣回收核准名冊(CSV)","geocode_ok":true,"geocode_provider":"google","geocode_tier":"cache","geocode_query":"臺北市松山區新中街2巷口"}},{"type":"Feature","geometry":{"type":"Point","coordinates":[121.5570716,25.0496327]},"properties":{"site_name":"財團法人伊甸社會福利基金會附設臺北市私立八德服務中心","tel":"(02)25777636","address":"光復北路60巷19號對面","full_address":"臺北市松山區光復北路60巷19號對面","resolved_county":"臺北市","resolved_district":"松山區","service_type":"回收","item":"舊衣類","taipei_oldcloth_approval_no":"377","taipei_oldcloth_remark":"","data_source":"臺北市舊衣回收核准名冊(CSV)","geocode_ok":true,"geocode_provider":"google","geocode_tier":"cache","geocode_query":"臺北市松山區光復北路60巷19號對面"}},{"type":"Feature","geometry":{"type":"Point","coordinates":[121.5548504,25.0447988]},"properties":{"site_name":"財團法人伊甸社會福利基金會附設臺北市私立八德服務中心","tel":"(02)25777636","address":"市民大道4段257號旁","full_address":"臺北市松山區市民大道4段257號旁","resolved_county":"臺北市","resolved_district":"松山區","service_type":"回收","item":"舊衣類","taipei_oldcloth_approval_no":"378","taipei_oldcloth_remark":"","data_source":"臺北市舊衣回收核准名冊(CSV)","geocode_ok":true,"geocode_provider":"google","geocode_tier":"cache","geocode_query":"臺北市松山區市民大道4段257號旁"}},{"type":"Feature","geometry":{"type":"Point","coordinates":[121.5537204,25.047558]},"properties":{"site_name":"財團法人伊甸社會福利基金會附設臺北市私立八德服務中心","tel":"(02)25777636","address":"八德路3段106巷與延吉街5巷口","full_address":"臺北市松山區八德路3段106巷與延吉街5巷口","resolved_county":"臺北市","resolved_district":"松山區","service_type":"回收","item":"舊衣類","taipei_oldcloth_approval_no":"379","taipei_oldcloth_remark":"","data_source":"臺北市舊衣回收核准名冊(CSV)","geocode_ok":true,"geocode_provider":"google","geocode_tier":"cache","geocode_query":"臺北市松山區八德路3段106巷與延吉街5巷口"}},{"type":"Feature","geometry":{"type":"Point","coordinates":[121.554064,25.0463702]},"properties":{"site_name":"財團法人伊甸社會福利基金會附設臺北市私立八德服務中心","tel":"(02)25777636","address":"八德路3段106巷60號正對面(公園旁)","full_address":"臺北市松山區八德路3段106巷60號正對面(公園旁)","resolved_county":"臺北市","resolved_district":"松山區","service_type":"回收","item":"舊衣類","taipei_oldcloth_approval_no":"380","taipei_oldcloth_remark":"","data_source":"臺北市舊衣回收核准名冊(CSV)","geocode_ok":true,"geocode_provider":"google","geocode_tier":"cache","geocode_query":"臺北市松山區八德路3段106巷60號正對面(公園旁)"}},{"type":"Feature","geometry":{"type":"Point","coordinates":[121.6136169,25.0675885]},"properties":{"site_name":"財團法人伊甸社會福利基金會附設臺北市私立八德服務中心","tel":"(02)25777636","address":"五分街41號對面","full_address":"臺北市內湖區五分街41號對面","resolved_county":"臺北市","resolved_district":"內湖區","service_type":"回收","item":"舊衣類","taipei_oldcloth_approval_no":"381","taipei_oldcloth_remark":"","data_source":"臺北市舊衣回收核准名冊(CSV)","geocode_ok":true,"geocode_provider":"google","geocode_tier":"cache","geocode_query":"臺北市內湖區五分街41號對面"}},{"type":"Feature","geometry":{"type":"Point","coordinates":[121.5220636,25.1074503]},"properties":{"site_name":"財團法人伊甸社會福利基金會附設臺北市私立八德服務中心","tel":"(02)25777636","address":"磺溪街55巷19號斜對面電線桿旁","full_address":"臺北市士林區磺溪街55巷19號斜對面電線桿旁","resolved_county":"臺北市","resolved_district":"士林區","service_type":"回收","item":"舊衣類","taipei_oldcloth_approval_no":"382","taipei_oldcloth_remark":"","data_source":"臺北市舊衣回收核准名冊(CSV)","geocode_ok":true,"geocode_provider":"google","geocode_tier":"cache","geocode_query":"臺北市士林區磺溪街55巷19號斜對面電線桿旁"}},{"type":"Feature","geometry":{"type":"Point","coordinates":[121.5128034,25.0865574]},"properties":{"site_name":"財團法人伊甸社會福利基金會附設臺北市私立八德服務中心","tel":"(02)25777636","address":"大南路通河東街1段交會處","full_address":"臺北市士林區大南路通河東街1段交會處","resolved_county":"臺北市","resolved_district":"士林區","service_type":"回收","item":"舊衣類","taipei_oldcloth_approval_no":"383","taipei_oldcloth_remark":"","data_source":"臺北市舊衣回收核准名冊(CSV)","geocode_ok":true,"geocode_provider":"google","geocode_tier":"cache","geocode_query":"臺北市士林區大南路通河東街1段交會處"}},{"type":"Feature","geometry":{"type":"Point","coordinates":[121.5185773,25.0859766]},"properties":{"site_name":"財團法人伊甸社會福利基金會附設臺北市私立八德服務中心","tel":"(02)25777636","address":"福港街205號百齡國小","full_address":"臺北市士林區福港街205號百齡國小","resolved_county":"臺北市","resolved_district":"士林區","service_type":"回收","item":"舊衣類","taipei_oldcloth_approval_no":"384","taipei_oldcloth_remark":"","data_source":"臺北市舊衣回收核准名冊(CSV)","geocode_ok":true,"geocode_provider":"google","geocode_tier":"cache","geocode_query":"臺北市士林區福港街205號百齡國小"}},{"type":"Feature","geometry":{"type":"Point","coordinates":[121.5307775,25.1136984]},"properties":{"site_name":"財團法人伊甸社會福利基金會附設臺北市私立八德服務中心","tel":"(02)25777636","address":"忠誠路2段118巷11弄口","full_address":"臺北市士林區忠誠路2段118巷11弄口","resolved_county":"臺北市","resolved_district":"士林區","service_type":"回收","item":"舊衣類","taipei_oldcloth_approval_no":"385","taipei_oldcloth_remark":"","data_source":"臺北市舊衣回收核准名冊(CSV)","geocode_ok":true,"geocode_provider":"google","geocode_tier":"cache","geocode_query":"臺北市士林區忠誠路2段118巷11弄口"}},{"type":"Feature","geometry":{"type":"Point","coordinates":[121.5102833,25.0882141]},"properties":{"site_name":"財團法人伊甸社會福利基金會附設臺北市私立八德服務中心","tel":"(02)25777636","address":"社中街39號對面","full_address":"臺北市士林區社中街39號對面","resolved_county":"臺北市","resolved_district":"士林區","service_type":"回收","item":"舊衣類","taipei_oldcloth_approval_no":"386","taipei_oldcloth_remark":"","data_source":"臺北市舊衣回收核准名冊(CSV)","geocode_ok":true,"geocode_provider":"google","geocode_tier":"cache","geocode_query":"臺北市士林區社中街39號對面"}},{"type":"Feature","geometry":{"type":"Point","coordinates":[121.5058189,25.1394902]},"properties":{"site_name":"財團法人伊甸社會福利基金會附設臺北市私立八德服務中心","tel":"(02)25777636","address":"泉源路25號旁","full_address":"臺北市北投區泉源路25號旁","resolved_county":"臺北市","resolved_district":"北投區","service_type":"回收","item":"舊衣類","taipei_oldcloth_approval_no":"387","taipei_oldcloth_remark":"","data_source":"臺北市舊衣回收核准名冊(CSV)","geocode_ok":true,"geocode_provider":"google","geocode_tier":"cache","geocode_query":"臺北市北投區泉源路25號旁"}},{"type":"Feature","geometry":{"type":"Point","coordinates":[121.596589,25.084717]},"properties":{"site_name":"財團法人伊甸社會福利基金會附設臺北市私立八德服務中心","tel":"(02)25777636","address":"成功路4段234號旁空地對面","full_address":"臺北市內湖區成功路4段234號旁空地對面","resolved_county":"臺北市","resolved_district":"內湖區","service_type":"回收","item":"舊衣類","taipei_oldcloth_approval_no":"388","taipei_oldcloth_remark":"","data_source":"臺北市舊衣回收核准名冊(CSV)","geocode_ok":true,"geocode_provider":"google","geocode_tier":"cache","geocode_query":"臺北市內湖區成功路4段234號旁空地對面"}},{"type":"Feature","geometry":{"type":"Point","coordinates":[121.6216116,25.0379788]},"properties":{"site_name":"財團法人伊甸社會福利基金會附設臺北市私立八德服務中心","tel":"(02)25777636","address":"南深路21巷口旁人行道底","full_address":"臺北市南港區南深路21巷口旁人行道底","resolved_county":"臺北市","resolved_district":"南港區","service_type":"回收","item":"舊衣類","taipei_oldcloth_approval_no":"390","taipei_oldcloth_remark":"","data_source":"臺北市舊衣回收核准名冊(CSV)","geocode_ok":true,"geocode_provider":"google","geocode_tier":"cache","geocode_query":"臺北市南港區南深路21巷口旁人行道底"}},{"type":"Feature","geometry":{"type":"Point","coordinates":[121.5330591,25.1185669]},"properties":{"site_name":"財團法人伊甸社會福利基金會附設臺北市私立八德服務中心","tel":"(02)25777636","address":"天母東路43巷4弄口","full_address":"臺北市士林區天母東路43巷4弄口","resolved_county":"臺北市","resolved_district":"士林區","service_type":"回收","item":"舊衣類","taipei_oldcloth_approval_no":"391","taipei_oldcloth_remark":"","data_source":"臺北市舊衣回收核准名冊(CSV)","geocode_ok":true,"geocode_provider":"google","geocode_tier":"cache","geocode_query":"臺北市士林區天母東路43巷4弄口"}},{"type":"Feature","geometry":{"type":"Point","coordinates":[121.5333661,25.1199089]},"properties":{"site_name":"財團法人伊甸社會福利基金會附設臺北市私立八德服務中心","tel":"(02)25777636","address":"中山北路7段14巷(抽水站面電話亭旁)","full_address":"臺北市士林區中山北路7段14巷(抽水站面電話亭旁)","resolved_county":"臺北市","resolved_district":"士林區","service_type":"回收","item":"舊衣類","taipei_oldcloth_approval_no":"392","taipei_oldcloth_remark":"","data_source":"臺北市舊衣回收核准名冊(CSV)","geocode_ok":true,"geocode_provider":"google","geocode_tier":"cache","geocode_query":"臺北市士林區中山北路7段14巷(抽水站面電話亭旁)"}},{"type":"Feature","geometry":{"type":"Point","coordinates":[121.5354053,25.1125346]},"properties":{"site_name":"財團法人伊甸社會福利基金會附設臺北市私立八德服務中心","tel":"(02)25777636","address":"芝玉路2段88巷2號斜對面","full_address":"臺北市士林區芝玉路2段88巷2號斜對面","resolved_county":"臺北市","resolved_district":"士林區","service_type":"回收","item":"舊衣類","taipei_oldcloth_approval_no":"393","taipei_oldcloth_remark":"","data_source":"臺北市舊衣回收核准名冊(CSV)","geocode_ok":true,"geocode_provider":"google","geocode_tier":"cache","geocode_query":"臺北市士林區芝玉路2段88巷2號斜對面"}},{"type":"Feature","geometry":{"type":"Point","coordinates":[121.5371619,25.1011448]},"properties":{"site_name":"財團法人伊甸社會福利基金會附設臺北市私立八德服務中心","tel":"(02)25777636","address":"至誠路1段62巷12號對面變電箱旁","full_address":"臺北市士林區至誠路1段62巷12號對面變電箱旁","resolved_county":"臺北市","resolved_district":"士林區","service_type":"回收","item":"舊衣類","taipei_oldcloth_approval_no":"394","taipei_oldcloth_remark":"","data_source":"臺北市舊衣回收核准名冊(CSV)","geocode_ok":true,"geocode_provider":"google","geocode_tier":"cache","geocode_query":"臺北市士林區至誠路1段62巷12號對面變電箱旁"}},{"type":"Feature","geometry":{"type":"Point","coordinates":[121.5985101,25.057629]},"properties":{"site_name":"財團法人伊甸社會福利基金會附設臺北市私立八德服務中心","tel":"(02)25777636","address":"重陽路187巷7號斜對面電箱旁","full_address":"臺北市南港區重陽路187巷7號斜對面電箱旁","resolved_county":"臺北市","resolved_district":"南港區","service_type":"回收","item":"舊衣類","taipei_oldcloth_approval_no":"396","taipei_oldcloth_remark":"","data_source":"臺北市舊衣回收核准名冊(CSV)","geocode_ok":true,"geocode_provider":"google","geocode_tier":"cache","geocode_query":"臺北市南港區重陽路187巷7號斜對面電箱旁"}},{"type":"Feature","geometry":{"type":"Point","coordinates":[121.5997107,25.0534431]},"properties":{"site_name":"財團法人伊甸社會福利基金會附設臺北市私立八德服務中心","tel":"(02)25777636","address":"南港路2段178巷電箱旁","full_address":"臺北市南港區南港路2段178巷電箱旁","resolved_county":"臺北市","resolved_district":"南港區","service_type":"回收","item":"舊衣類","taipei_oldcloth_approval_no":"397","taipei_oldcloth_remark":"","data_source":"臺北市舊衣回收核准名冊(CSV)","geocode_ok":true,"geocode_provider":"google","geocode_tier":"cache","geocode_query":"臺北市南港區南港路2段178巷電箱旁"}},{"type":"Feature","geometry":{"type":"Point","coordinates":[121.6086581,25.070484]},"properties":{"site_name":"財團法人伊甸社會福利基金會附設臺北市私立八德服務中心","tel":"(02)25777636","address":"民權東路6段296巷66-3號對面105號對面","full_address":"臺北市內湖區民權東路6段296巷66-3號對面105號對面","resolved_county":"臺北市","resolved_district":"內湖區","service_type":"回收","item":"舊衣類","taipei_oldcloth_approval_no":"399","taipei_oldcloth_remark":"","data_source":"臺北市舊衣回收核准名冊(CSV)","geocode_ok":true,"geocode_provider":"google","geocode_tier":"cache","geocode_query":"臺北市內湖區民權東路6段296巷66-3號對面105號對面"}},{"type":"Feature","geometry":{"type":"Point","coordinates":[121.5573235,25.0258058]},"properties":{"site_name":"財團法人伊甸社會福利基金會附設臺北市私立八德服務中心","tel":"(02)25777636","address":"信安街83號旁","full_address":"臺北市信義區信安街83號旁","resolved_county":"臺北市","resolved_district":"信義區","service_type":"回收","item":"舊衣類","taipei_oldcloth_approval_no":"401","taipei_oldcloth_remark":"","data_source":"臺北市舊衣回收核准名冊(CSV)","geocode_ok":true,"geocode_provider":"google","geocode_tier":"cache","geocode_query":"臺北市信義區信安街83號旁"}},{"type":"Feature","geometry":{"type":"Point","coordinates":[121.5401495,25.1131858]},"properties":{"site_name":"財團法人伊甸社會福利基金會附設臺北市私立八德服務中心","tel":"(02)25777636","address":"士東路352巷口","full_address":"臺北市士林區士東路352巷口","resolved_county":"臺北市","resolved_district":"士林區","service_type":"回收","item":"舊衣類","taipei_oldcloth_approval_no":"402","taipei_oldcloth_remark":"","data_source":"臺北市舊衣回收核准名冊(CSV)","geocode_ok":true,"geocode_provider":"google","geocode_tier":"cache","geocode_query":"臺北市士林區士東路352巷口"}},{"type":"Feature","geometry":{"type":"Point","coordinates":[121.5703582,25.0837864]},"properties":{"site_name":"財團法人伊甸社會福利基金會附設臺北市私立八德服務中心","tel":"(02)25777636","address":"內湖路1段387巷17號對面(西湖公園樓梯旁)","full_address":"臺北市內湖區內湖路1段387巷17號對面(西湖公園樓梯旁)","resolved_county":"臺北市","resolved_district":"內湖區","service_type":"回收","item":"舊衣類","taipei_oldcloth_approval_no":"403","taipei_oldcloth_remark":"","data_source":"臺北市舊衣回收核准名冊(CSV)","geocode_ok":true,"geocode_provider":"google","geocode_tier":"cache","geocode_query":"臺北市內湖區內湖路1段387巷17號對面(西湖公園樓梯旁)"}},{"type":"Feature","geometry":{"type":"Point","coordinates":[121.5204252,25.0809184]},"properties":{"site_name":"財團法人伊甸社會福利基金會附設臺北市私立八德服務中心","tel":"(02)25777636","address":"通河街76巷邊公佈欄","full_address":"臺北市士林區通河街76巷邊公佈欄","resolved_county":"臺北市","resolved_district":"士林區","service_type":"回收","item":"舊衣類","taipei_oldcloth_approval_no":"404","taipei_oldcloth_remark":"","data_source":"臺北市舊衣回收核准名冊(CSV)","geocode_ok":true,"geocode_provider":"google","geocode_tier":"cache","geocode_query":"臺北市士林區通河街76巷邊公佈欄"}},{"type":"Feature","geometry":{"type":"Point","coordinates":[121.5358684,25.1115355]},"properties":{"site_name":"財團法人伊甸社會福利基金會附設臺北市私立八德服務中心","tel":"(02)25777636","address":"德行東路283巷口","full_address":"臺北市士林區德行東路283巷口","resolved_county":"臺北市","resolved_district":"士林區","service_type":"回收","item":"舊衣類","taipei_oldcloth_approval_no":"405","taipei_oldcloth_remark":"","data_source":"臺北市舊衣回收核准名冊(CSV)","geocode_ok":true,"geocode_provider":"google","geocode_tier":"cache","geocode_query":"臺北市士林區德行東路283巷口"}},{"type":"Feature","geometry":{"type":"Point","coordinates":[121.5309752,25.0166991]},"properties":{"site_name":"台北市肌萎縮症病友協會","tel":"(02)27272321","address":"羅斯福路3段244巷10弄1-1號圍牆外變電箱邊","full_address":"臺北市中正區羅斯福路3段244巷10弄1-1號圍牆外變電箱邊","resolved_county":"臺北市","resolved_district":"中正區","service_type":"回收","item":"舊衣類","taipei_oldcloth_approval_no":"406","taipei_oldcloth_remark":"","data_source":"臺北市舊衣回收核准名冊(CSV)","geocode_ok":true,"geocode_provider":"google","geocode_tier":"cache","geocode_query":"臺北市中正區羅斯福路3段244巷10弄1-1號圍牆外變電箱邊"}},{"type":"Feature","geometry":{"type":"Point","coordinates":[121.5292219,25.0230236]},"properties":{"site_name":"台北市肌萎縮症病友協會","tel":"(02)27272321","address":"泰順街54巷與龍泉街84號對面變電箱邊","full_address":"臺北市大安區泰順街54巷與龍泉街84號對面變電箱邊","resolved_county":"臺北市","resolved_district":"大安區","service_type":"回收","item":"舊衣類","taipei_oldcloth_approval_no":"407","taipei_oldcloth_remark":"","data_source":"臺北市舊衣回收核准名冊(CSV)","geocode_ok":true,"geocode_provider":"google","geocode_tier":"cache","geocode_query":"臺北市大安區泰順街54巷與龍泉街84號對面變電箱邊"}},{"type":"Feature","geometry":{"type":"Point","coordinates":[121.6057771,25.0560537]},"properties":{"site_name":"台北市肌萎縮症病友協會","tel":"(02)27272321","address":"興華路與東明街口(立體停車場變電箱下)","full_address":"臺北市南港區興華路與東明街口(立體停車場變電箱下)","resolved_county":"臺北市","resolved_district":"南港區","service_type":"回收","item":"舊衣類","taipei_oldcloth_approval_no":"408","taipei_oldcloth_remark":"","data_source":"臺北市舊衣回收核准名冊(CSV)","geocode_ok":true,"geocode_provider":"google","geocode_tier":"cache","geocode_query":"臺北市南港區興華路與東明街口(立體停車場變電箱下)"}},{"type":"Feature","geometry":{"type":"Point","coordinates":[121.5597695,25.0293098]},"properties":{"site_name":"台北市肌萎縮症病友協會","tel":"(02)27272321","address":"基隆路2段79巷32號邊","full_address":"臺北市信義區基隆路2段79巷32號邊","resolved_county":"臺北市","resolved_district":"信義區","service_type":"回收","item":"舊衣類","taipei_oldcloth_approval_no":"409","taipei_oldcloth_remark":"","data_source":"臺北市舊衣回收核准名冊(CSV)","geocode_ok":true,"geocode_provider":"google","geocode_tier":"cache","geocode_query":"臺北市信義區基隆路2段79巷32號邊"}},{"type":"Feature","geometry":{"type":"Point","coordinates":[121.5772792,25.0451142]},"properties":{"site_name":"台北市肌萎縮症病友協會","tel":"(02)27272321","address":"虎林街75號旁邊路燈桿旁","full_address":"臺北市信義區虎林街75號旁邊路燈桿旁","resolved_county":"臺北市","resolved_district":"信義區","service_type":"回收","item":"舊衣類","taipei_oldcloth_approval_no":"410","taipei_oldcloth_remark":"","data_source":"臺北市舊衣回收核准名冊(CSV)","geocode_ok":true,"geocode_provider":"google","geocode_tier":"cache","geocode_query":"臺北市信義區虎林街75號旁邊路燈桿旁"}},{"type":"Feature","geometry":{"type":"Point","coordinates":[121.5714993,25.0433647]},"properties":{"site_name":"台北市肌萎縮症病友協會","tel":"(02)27272321","address":"永吉路180巷69號對面布告欄邊","full_address":"臺北市信義區永吉路180巷69號對面布告欄邊","resolved_county":"臺北市","resolved_district":"信義區","service_type":"回收","item":"舊衣類","taipei_oldcloth_approval_no":"411","taipei_oldcloth_remark":"","data_source":"臺北市舊衣回收核准名冊(CSV)","geocode_ok":true,"geocode_provider":"google","geocode_tier":"cache","geocode_query":"臺北市信義區永吉路180巷69號對面布告欄邊"}},{"type":"Feature","geometry":{"type":"Point","coordinates":[121.5720562,25.0479861]},"properties":{"site_name":"台北市肌萎縮症病友協會","tel":"(02)27272321","address":"松信路38號對面人行道","full_address":"臺北市信義區松信路38號對面人行道","resolved_county":"臺北市","resolved_district":"信義區","service_type":"回收","item":"舊衣類","taipei_oldcloth_approval_no":"412","taipei_oldcloth_remark":"","data_source":"臺北市舊衣回收核准名冊(CSV)","geocode_ok":true,"geocode_provider":"google","geocode_tier":"cache","geocode_query":"臺北市信義區松信路38號對面人行道"}},{"type":"Feature","geometry":{"type":"Point","coordinates":[121.5653136,25.0419415]},"properties":{"site_name":"台北市肌萎縮症病友協會","tel":"(02)27272321","address":"忠孝東路4段559巷與基隆路1段172巷交叉口人行道","full_address":"臺北市信義區忠孝東路4段559巷與基隆路1段172巷交叉口人行道","resolved_county":"臺北市","resolved_district":"信義區","service_type":"回收","item":"舊衣類","taipei_oldcloth_approval_no":"413","taipei_oldcloth_remark":"","data_source":"臺北市舊衣回收核准名冊(CSV)","geocode_ok":true,"geocode_provider":"google","geocode_tier":"cache","geocode_query":"臺北市信義區忠孝東路4段559巷與基隆路1段172巷交叉口人行道"}},{"type":"Feature","geometry":{"type":"Point","coordinates":[121.5703919,25.0261023]},"properties":{"site_name":"台北市肌萎縮症病友協會","tel":"(02)27272321","address":"信義路5段150巷38-6號反光鏡下","full_address":"臺北市信義區信義路5段150巷38-6號反光鏡下","resolved_county":"臺北市","resolved_district":"信義區","service_type":"回收","item":"舊衣類","taipei_oldcloth_approval_no":"414","taipei_oldcloth_remark":"","data_source":"臺北市舊衣回收核准名冊(CSV)","geocode_ok":true,"geocode_provider":"google","geocode_tier":"cache","geocode_query":"臺北市信義區信義路5段150巷38-6號反光鏡下"}},{"type":"Feature","geometry":{"type":"Point","coordinates":[121.5749941,25.0473912]},"properties":{"site_name":"台北市肌萎縮症病友協會","tel":"(02)27272321","address":"虎林街46巷32號對面反光鏡邊人行道","full_address":"臺北市信義區虎林街46巷32號對面反光鏡邊人行道","resolved_county":"臺北市","resolved_district":"信義區","service_type":"回收","item":"舊衣類","taipei_oldcloth_approval_no":"416","taipei_oldcloth_remark":"","data_source":"臺北市舊衣回收核准名冊(CSV)","geocode_ok":true,"geocode_provider":"google","geocode_tier":"cache","geocode_query":"臺北市信義區虎林街46巷32號對面反光鏡邊人行道"}},{"type":"Feature","geometry":{"type":"Point","coordinates":[121.5720055,25.0409201]},"properties":{"site_name":"台北市肌萎縮症病友協會","tel":"(02)27272321","address":"忠孝東路5段295巷14號對面圍牆邊","full_address":"臺北市信義區忠孝東路5段295巷14號對面圍牆邊","resolved_county":"臺北市","resolved_district":"信義區","service_type":"回收","item":"舊衣類","taipei_oldcloth_approval_no":"1181","taipei_oldcloth_remark":"","data_source":"臺北市舊衣回收核准名冊(CSV)","geocode_ok":true,"geocode_provider":"google","geocode_tier":"cache","geocode_query":"臺北市信義區忠孝東路5段295巷14號對面圍牆邊"}},{"type":"Feature","geometry":{"type":"Point","coordinates":[121.5679019,25.0284659]},"properties":{"site_name":"台北市肌萎縮症病友協會","tel":"(02)27272321","address":"松仁路202巷2弄36號邊(電信箱)人行道","full_address":"臺北市信義區松仁路202巷2弄36號邊(電信箱)人行道","resolved_county":"臺北市","resolved_district":"信義區","service_type":"回收","item":"舊衣類","taipei_oldcloth_approval_no":"419","taipei_oldcloth_remark":"","data_source":"臺北市舊衣回收核准名冊(CSV)","geocode_ok":true,"geocode_provider":"google","geocode_tier":"cache","geocode_query":"臺北市信義區松仁路202巷2弄36號邊(電信箱)人行道"}},{"type":"Feature","geometry":{"type":"Point","coordinates":[121.5839534,25.038835]},"properties":{"site_name":"台北市肌萎縮症病友協會","tel":"(02)27272321","address":"中坡南路182號對面電信箱旁人行道","full_address":"臺北市信義區中坡南路182號對面電信箱旁人行道","resolved_county":"臺北市","resolved_district":"信義區","service_type":"回收","item":"舊衣類","taipei_oldcloth_approval_no":"420","taipei_oldcloth_remark":"","data_source":"臺北市舊衣回收核准名冊(CSV)","geocode_ok":true,"geocode_provider":"google","geocode_tier":"cache","geocode_query":"臺北市信義區中坡南路182號對面電信箱旁人行道"}},{"type":"Feature","geometry":{"type":"Point","coordinates":[121.578315,25.042958]},"properties":{"site_name":"台北市肌萎縮症病友協會","tel":"(02)27272321","address":"松山路287巷1-1號對面圍牆邊人行道","full_address":"臺北市信義區松山路287巷1-1號對面圍牆邊人行道","resolved_county":"臺北市","resolved_district":"信義區","service_type":"回收","item":"舊衣類","taipei_oldcloth_approval_no":"421","taipei_oldcloth_remark":"","data_source":"臺北市舊衣回收核准名冊(CSV)","geocode_ok":true,"geocode_provider":"google","geocode_tier":"cache","geocode_query":"臺北市信義區松山路287巷1-1號對面圍牆邊人行道"}},{"type":"Feature","geometry":{"type":"Point","coordinates":[121.5791571,25.038549]},"properties":{"site_name":"台北市肌萎縮症病友協會","tel":"(02)27272321","address":"松山路515巷20號對面變電箱邊人行道","full_address":"臺北市信義區松山路515巷20號對面變電箱邊人行道","resolved_county":"臺北市","resolved_district":"信義區","service_type":"回收","item":"舊衣類","taipei_oldcloth_approval_no":"422","taipei_oldcloth_remark":"","data_source":"臺北市舊衣回收核准名冊(CSV)","geocode_ok":true,"geocode_provider":"google","geocode_tier":"cache","geocode_query":"臺北市信義區松山路515巷20號對面變電箱邊人行道"}},{"type":"Feature","geometry":{"type":"Point","coordinates":[121.5674428,25.0247428]},"properties":{"site_name":"台北市肌萎縮症病友協會","tel":"(02)27272321","address":"吳興街394巷口對面圍牆變電箱邊","full_address":"臺北市信義區吳興街394巷口對面圍牆變電箱邊","resolved_county":"臺北市","resolved_district":"信義區","service_type":"回收","item":"舊衣類","taipei_oldcloth_approval_no":"423","taipei_oldcloth_remark":"","data_source":"臺北市舊衣回收核准名冊(CSV)","geocode_ok":true,"geocode_provider":"google","geocode_tier":"cache","geocode_query":"臺北市信義區吳興街394巷口對面圍牆變電箱邊"}},{"type":"Feature","geometry":{"type":"Point","coordinates":[121.5543238,25.0254766]},"properties":{"site_name":"台北市肌萎縮症病友協會","tel":"(02)27272321","address":"基隆路2段159巷口右側人行道","full_address":"臺北市信義區基隆路2段159巷口右側人行道","resolved_county":"臺北市","resolved_district":"信義區","service_type":"回收","item":"舊衣類","taipei_oldcloth_approval_no":"424","taipei_oldcloth_remark":"","data_source":"臺北市舊衣回收核准名冊(CSV)","geocode_ok":true,"geocode_provider":"google","geocode_tier":"cache","geocode_query":"臺北市信義區基隆路2段159巷口右側人行道"}},{"type":"Feature","geometry":{"type":"Point","coordinates":[121.5620522,25.0233548]},"properties":{"site_name":"台北市肌萎縮症病友協會","tel":"(02)27272321","address":"吳興街284巷24弄口1-1號邊","full_address":"臺北市信義區吳興街284巷24弄口1-1號邊","resolved_county":"臺北市","resolved_district":"信義區","service_type":"回收","item":"舊衣類","taipei_oldcloth_approval_no":"425","taipei_oldcloth_remark":"","data_source":"臺北市舊衣回收核准名冊(CSV)","geocode_ok":true,"geocode_provider":"google","geocode_tier":"cache","geocode_query":"臺北市信義區吳興街284巷24弄口1-1號邊"}},{"type":"Feature","geometry":{"type":"Point","coordinates":[121.5600013,25.0311959]},"properties":{"site_name":"台北市肌萎縮症病友協會","tel":"(02)27272321","address":"吳興街44-1號對面路燈邊","full_address":"臺北市信義區吳興街44-1號對面路燈邊","resolved_county":"臺北市","resolved_district":"信義區","service_type":"回收","item":"舊衣類","taipei_oldcloth_approval_no":"426","taipei_oldcloth_remark":"","data_source":"臺北市舊衣回收核准名冊(CSV)","geocode_ok":true,"geocode_provider":"google","geocode_tier":"cache","geocode_query":"臺北市信義區吳興街44-1號對面路燈邊"}},{"type":"Feature","geometry":{"type":"Point","coordinates":[121.5315484,25.0159488]},"properties":{"site_name":"台北市肌萎縮症病友協會","tel":"(02)27272321","address":"羅斯福路3段284巷與羅斯福路3段316巷9弄口","full_address":"臺北市中正區羅斯福路3段284巷與羅斯福路3段316巷9弄口","resolved_county":"臺北市","resolved_district":"中正區","service_type":"回收","item":"舊衣類","taipei_oldcloth_approval_no":"427","taipei_oldcloth_remark":"","data_source":"臺北市舊衣回收核准名冊(CSV)","geocode_ok":true,"geocode_provider":"google","geocode_tier":"cache","geocode_query":"臺北市中正區羅斯福路3段284巷與羅斯福路3段316巷9弄口"}},{"type":"Feature","geometry":{"type":"Point","coordinates":[121.563242,25.023506]},"properties":{"site_name":"台北市肌萎縮症病友協會","tel":"(02)27272321","address":"吳興街284巷28弄2號對面路燈邊","full_address":"臺北市信義區吳興街284巷28弄2號對面路燈邊","resolved_county":"臺北市","resolved_district":"信義區","service_type":"回收","item":"舊衣類","taipei_oldcloth_approval_no":"428","taipei_oldcloth_remark":"","data_source":"臺北市舊衣回收核准名冊(CSV)","geocode_ok":true,"geocode_provider":"google","geocode_tier":"cache","geocode_query":"臺北市信義區吳興街284巷28弄2號對面路燈邊"}},{"type":"Feature","geometry":{"type":"Point","coordinates":[121.5585663,25.0301058]},"properties":{"site_name":"台北市肌萎縮症病友協會","tel":"(02)27272321","address":"基隆路2段79巷1號對面圍牆邊人行道","full_address":"臺北市信義區基隆路2段79巷1號對面圍牆邊人行道","resolved_county":"臺北市","resolved_district":"信義區","service_type":"回收","item":"舊衣類","taipei_oldcloth_approval_no":"429","taipei_oldcloth_remark":"","data_source":"臺北市舊衣回收核准名冊(CSV)","geocode_ok":true,"geocode_provider":"google","geocode_tier":"cache","geocode_query":"臺北市信義區基隆路2段79巷1號對面圍牆邊人行道"}},{"type":"Feature","geometry":{"type":"Point","coordinates":[121.5760685,25.0480615]},"properties":{"site_name":"台北市肌萎縮症病友協會","tel":"(02)27272321","address":"虎林街32號邊變電箱與郵筒中間","full_address":"臺北市信義區虎林街32號邊變電箱與郵筒中間","resolved_county":"臺北市","resolved_district":"信義區","service_type":"回收","item":"舊衣類","taipei_oldcloth_approval_no":"430","taipei_oldcloth_remark":"","data_source":"臺北市舊衣回收核准名冊(CSV)","geocode_ok":true,"geocode_provider":"google","geocode_tier":"cache","geocode_query":"臺北市信義區虎林街32號邊變電箱與郵筒中間"}},{"type":"Feature","geometry":{"type":"Point","coordinates":[121.5705395,25.046301]},"properties":{"site_name":"台北市肌萎縮症病友協會","tel":"(02)27272321","address":"永吉路127巷8號對面人行道","full_address":"臺北市信義區永吉路127巷8號對面人行道","resolved_county":"臺北市","resolved_district":"信義區","service_type":"回收","item":"舊衣類","taipei_oldcloth_approval_no":"432","taipei_oldcloth_remark":"","data_source":"臺北市舊衣回收核准名冊(CSV)","geocode_ok":true,"geocode_provider":"google","geocode_tier":"cache","geocode_query":"臺北市信義區永吉路127巷8號對面人行道"}},{"type":"Feature","geometry":{"type":"Point","coordinates":[121.5790081,25.0396038]},"properties":{"site_name":"台北市肌萎縮症病友協會","tel":"(02)27272321","address":"林口街77號對面電信箱邊人行道","full_address":"臺北市信義區林口街77號對面電信箱邊人行道","resolved_county":"臺北市","resolved_district":"信義區","service_type":"回收","item":"舊衣類","taipei_oldcloth_approval_no":"433","taipei_oldcloth_remark":"","data_source":"臺北市舊衣回收核准名冊(CSV)","geocode_ok":true,"geocode_provider":"google","geocode_tier":"cache","geocode_query":"臺北市信義區林口街77號對面電信箱邊人行道"}},{"type":"Feature","geometry":{"type":"Point","coordinates":[121.5287222,25.0205359]},"properties":{"site_name":"台北市肌萎縮症病友協會","tel":"(02)27272321","address":"龍泉街93巷與泰順街62巷口(古亭國小人行道週邊)","full_address":"臺北市大安區龍泉街93巷與泰順街62巷口(古亭國小人行道週邊)","resolved_county":"臺北市","resolved_district":"大安區","service_type":"回收","item":"舊衣類","taipei_oldcloth_approval_no":"434","taipei_oldcloth_remark":"","data_source":"臺北市舊衣回收核准名冊(CSV)","geocode_ok":true,"geocode_provider":"google","geocode_tier":"cache","geocode_query":"臺北市大安區龍泉街93巷與泰順街62巷口(古亭國小人行道週邊)"}},{"type":"Feature","geometry":{"type":"Point","coordinates":[121.5699792,25.041796]},"properties":{"site_name":"台北市肌萎縮症病友協會","tel":"(02)27272321","address":"永吉路30巷167弄34號路口人行道","full_address":"臺北市信義區永吉路30巷167弄34號路口人行道","resolved_county":"臺北市","resolved_district":"信義區","service_type":"回收","item":"舊衣類","taipei_oldcloth_approval_no":"435","taipei_oldcloth_remark":"","data_source":"臺北市舊衣回收核准名冊(CSV)","geocode_ok":true,"geocode_provider":"google","geocode_tier":"cache","geocode_query":"臺北市信義區永吉路30巷167弄34號路口人行道"}},{"type":"Feature","geometry":{"type":"Point","coordinates":[121.531476,25.1190381]},"properties":{"site_name":"台北市脊髓損傷者協會","tel":"(02)25986062","address":"中山北路7段14巷5弄2號對面","full_address":"臺北市士林區中山北路7段14巷5弄2號對面","resolved_county":"臺北市","resolved_district":"士林區","service_type":"回收","item":"舊衣類","taipei_oldcloth_approval_no":"436","taipei_oldcloth_remark":"","data_source":"臺北市舊衣回收核准名冊(CSV)","geocode_ok":true,"geocode_provider":"google","geocode_tier":"cache","geocode_query":"臺北市士林區中山北路7段14巷5弄2號對面"}},{"type":"Feature","geometry":{"type":"Point","coordinates":[121.504198,25.1301122]},"properties":{"site_name":"台北市脊髓損傷者協會","tel":"(02)25986062","address":"公館路92巷口","full_address":"臺北市北投區公館路92巷口","resolved_county":"臺北市","resolved_district":"北投區","service_type":"回收","item":"舊衣類","taipei_oldcloth_approval_no":"437","taipei_oldcloth_remark":"","data_source":"臺北市舊衣回收核准名冊(CSV)","geocode_ok":true,"geocode_provider":"google","geocode_tier":"cache","geocode_query":"臺北市北投區公館路92巷口"}},{"type":"Feature","geometry":{"type":"Point","coordinates":[121.514621,25.1197692]},"properties":{"site_name":"台北市視障者重建發展協會","tel":"(02)25986062","address":"立農街1段582號對面","full_address":"臺北市北投區立農街1段582號對面","resolved_county":"臺北市","resolved_district":"北投區","service_type":"回收","item":"舊衣類","taipei_oldcloth_approval_no":"1295","taipei_oldcloth_remark":"","data_source":"臺北市舊衣回收核准名冊(CSV)","geocode_ok":true,"geocode_provider":"google","geocode_tier":"cache","geocode_query":"臺北市北投區立農街1段582號對面"}},{"type":"Feature","geometry":{"type":"Point","coordinates":[121.5302559,25.1101209]},"properties":{"site_name":"台北市脊髓損傷者協會","tel":"(02)25986062","address":"忠誠路2段46號","full_address":"臺北市士林區忠誠路2段46號","resolved_county":"臺北市","resolved_district":"士林區","service_type":"回收","item":"舊衣類","taipei_oldcloth_approval_no":"439","taipei_oldcloth_remark":"","data_source":"臺北市舊衣回收核准名冊(CSV)","geocode_ok":true,"geocode_provider":"google","geocode_tier":"cache","geocode_query":"臺北市士林區忠誠路2段46號"}},{"type":"Feature","geometry":{"type":"Point","coordinates":[121.4985439,25.1339931]},"properties":{"site_name":"台北市脊髓損傷者協會","tel":"(02)25986062","address":"大同街88號前牆邊","full_address":"臺北市北投區大同街88號前牆邊","resolved_county":"臺北市","resolved_district":"北投區","service_type":"回收","item":"舊衣類","taipei_oldcloth_approval_no":"440","taipei_oldcloth_remark":"","data_source":"臺北市舊衣回收核准名冊(CSV)","geocode_ok":true,"geocode_provider":"google","geocode_tier":"cache","geocode_query":"臺北市北投區大同街88號前牆邊"}},{"type":"Feature","geometry":{"type":"Point","coordinates":[121.4980357,25.130689]},"properties":{"site_name":"台北市脊髓損傷者協會","tel":"(02)25986062","address":"大興街23巷25號前","full_address":"臺北市北投區大興街23巷25號前","resolved_county":"臺北市","resolved_district":"北投區","service_type":"回收","item":"舊衣類","taipei_oldcloth_approval_no":"441","taipei_oldcloth_remark":"","data_source":"臺北市舊衣回收核准名冊(CSV)","geocode_ok":true,"geocode_provider":"google","geocode_tier":"cache","geocode_query":"臺北市北投區大興街23巷25號前"}},{"type":"Feature","geometry":{"type":"Point","coordinates":[121.5015483,25.1258802]},"properties":{"site_name":"台北市視障者重建發展協會","tel":"(02)25986062","address":"崇仁路1段88號對面(電信設備旁)","full_address":"臺北市北投區崇仁路1段88號對面(電信設備旁)","resolved_county":"臺北市","resolved_district":"北投區","service_type":"回收","item":"舊衣類","taipei_oldcloth_approval_no":"442","taipei_oldcloth_remark":"","data_source":"臺北市舊衣回收核准名冊(CSV)","geocode_ok":true,"geocode_provider":"google","geocode_tier":"cache","geocode_query":"臺北市北投區崇仁路1段88號對面(電信設備旁)"}},{"type":"Feature","geometry":{"type":"Point","coordinates":[121.5161817,25.0602457]},"properties":{"site_name":"台北市脊髓損傷者協會","tel":"(02)25986062","address":"錦西街53巷口旁","full_address":"臺北市大同區錦西街53巷口旁","resolved_county":"臺北市","resolved_district":"大同區","service_type":"回收","item":"舊衣類","taipei_oldcloth_approval_no":"443","taipei_oldcloth_remark":"","data_source":"臺北市舊衣回收核准名冊(CSV)","geocode_ok":true,"geocode_provider":"google","geocode_tier":"cache","geocode_query":"臺北市大同區錦西街53巷口旁"}},{"type":"Feature","geometry":{"type":"Point","coordinates":[121.5159843,25.0690646]},"properties":{"site_name":"台北市脊髓損傷者協會","tel":"(02)25986062","address":"大龍街187巷口","full_address":"臺北市大同區大龍街187巷口","resolved_county":"臺北市","resolved_district":"大同區","service_type":"回收","item":"舊衣類","taipei_oldcloth_approval_no":"444","taipei_oldcloth_remark":"","data_source":"臺北市舊衣回收核准名冊(CSV)","geocode_ok":true,"geocode_provider":"google","geocode_tier":"cache","geocode_query":"臺北市大同區大龍街187巷口"}},{"type":"Feature","geometry":{"type":"Point","coordinates":[121.5154376,25.0578369]},"properties":{"site_name":"台北市脊髓損傷者協會","tel":"(02)25986062","address":"寧夏路57巷口","full_address":"臺北市大同區寧夏路57巷口","resolved_county":"臺北市","resolved_district":"大同區","service_type":"回收","item":"舊衣類","taipei_oldcloth_approval_no":"445","taipei_oldcloth_remark":"","data_source":"臺北市舊衣回收核准名冊(CSV)","geocode_ok":true,"geocode_provider":"google","geocode_tier":"cache","geocode_query":"臺北市大同區寧夏路57巷口"}},{"type":"Feature","geometry":{"type":"Point","coordinates":[121.605437,25.0741169]},"properties":{"site_name":"台北市脊髓損傷者協會","tel":"(02)25986062","address":"成功路5段79號前","full_address":"臺北市內湖區成功路5段79號前","resolved_county":"臺北市","resolved_district":"內湖區","service_type":"回收","item":"舊衣類","taipei_oldcloth_approval_no":"446","taipei_oldcloth_remark":"","data_source":"臺北市舊衣回收核准名冊(CSV)","geocode_ok":true,"geocode_provider":"google","geocode_tier":"cache","geocode_query":"臺北市內湖區成功路5段79號前"}},{"type":"Feature","geometry":{"type":"Point","coordinates":[121.5535021,25.0479014]},"properties":{"site_name":"台北市脊髓損傷者協會","tel":"(02)25986062","address":"八德路3段106巷1號對面公園邊","full_address":"臺北市松山區八德路3段106巷1號對面公園邊","resolved_county":"臺北市","resolved_district":"松山區","service_type":"回收","item":"舊衣類","taipei_oldcloth_approval_no":"447","taipei_oldcloth_remark":"","data_source":"臺北市舊衣回收核准名冊(CSV)","geocode_ok":true,"geocode_provider":"google","geocode_tier":"cache","geocode_query":"臺北市松山區八德路3段106巷1號對面公園邊"}},{"type":"Feature","geometry":{"type":"Point","coordinates":[121.506374,25.0405318]},"properties":{"site_name":"台北市脊髓損傷者協會","tel":"(02)25986062","address":"長沙街2段40巷口電信設備邊","full_address":"臺北市萬華區長沙街2段40巷口電信設備邊","resolved_county":"臺北市","resolved_district":"萬華區","service_type":"回收","item":"舊衣類","taipei_oldcloth_approval_no":"448","taipei_oldcloth_remark":"","data_source":"臺北市舊衣回收核准名冊(CSV)","geocode_ok":true,"geocode_provider":"google","geocode_tier":"cache","geocode_query":"臺北市萬華區長沙街2段40巷口電信設備邊"}},{"type":"Feature","geometry":{"type":"Point","coordinates":[121.545159,24.9984814]},"properties":{"site_name":"台北市脊髓損傷者協會","tel":"(02)25986062","address":"興隆路4段與下崙路口榕樹旁","full_address":"臺北市文山區興隆路4段與下崙路口榕樹旁","resolved_county":"臺北市","resolved_district":"文山區","service_type":"回收","item":"舊衣類","taipei_oldcloth_approval_no":"449","taipei_oldcloth_remark":"","data_source":"臺北市舊衣回收核准名冊(CSV)","geocode_ok":true,"geocode_provider":"google","geocode_tier":"cache","geocode_query":"臺北市文山區興隆路4段與下崙路口榕樹旁"}},{"type":"Feature","geometry":{"type":"Point","coordinates":[121.5413172,25.0017756]},"properties":{"site_name":"台北市脊髓損傷者協會","tel":"(02)25986062","address":"景明街14巷口","full_address":"臺北市文山區景明街14巷口","resolved_county":"臺北市","resolved_district":"文山區","service_type":"回收","item":"舊衣類","taipei_oldcloth_approval_no":"450","taipei_oldcloth_remark":"","data_source":"臺北市舊衣回收核准名冊(CSV)","geocode_ok":true,"geocode_provider":"google","geocode_tier":"cache","geocode_query":"臺北市文山區景明街14巷口"}},{"type":"Feature","geometry":{"type":"Point","coordinates":[121.544123,24.997903]},"properties":{"site_name":"台北市脊髓損傷者協會","tel":"(02)25986062","address":"景興路10巷7號旁對面","full_address":"臺北市文山區景興路10巷7號旁對面","resolved_county":"臺北市","resolved_district":"文山區","service_type":"回收","item":"舊衣類","taipei_oldcloth_approval_no":"451","taipei_oldcloth_remark":"","data_source":"臺北市舊衣回收核准名冊(CSV)","geocode_ok":true,"geocode_provider":"google","geocode_tier":"cache","geocode_query":"臺北市文山區景興路10巷7號旁對面"}},{"type":"Feature","geometry":{"type":"Point","coordinates":[121.5557883,25.0035779]},"properties":{"site_name":"台北市脊髓損傷者協會","tel":"(02)25986062","address":"辛亥路4段188巷口樹邊","full_address":"臺北市文山區辛亥路4段188巷口樹邊","resolved_county":"臺北市","resolved_district":"文山區","service_type":"回收","item":"舊衣類","taipei_oldcloth_approval_no":"453","taipei_oldcloth_remark":"","data_source":"臺北市舊衣回收核准名冊(CSV)","geocode_ok":true,"geocode_provider":"google","geocode_tier":"cache","geocode_query":"臺北市文山區辛亥路4段188巷口樹邊"}},{"type":"Feature","geometry":{"type":"Point","coordinates":[121.5637291,25.0504438]},"properties":{"site_name":"臺北市弱勢者發展協會","tel":"(02)25429529","address":"八德路4段245巷52弄5號旁","full_address":"臺北市松山區八德路4段245巷52弄5號旁","resolved_county":"臺北市","resolved_district":"松山區","service_type":"回收","item":"舊衣類","taipei_oldcloth_approval_no":"466","taipei_oldcloth_remark":"","data_source":"臺北市舊衣回收核准名冊(CSV)","geocode_ok":true,"geocode_provider":"google","geocode_tier":"cache","geocode_query":"臺北市松山區八德路4段245巷52弄5號旁"}},{"type":"Feature","geometry":{"type":"Point","coordinates":[121.5261672,25.1102597]},"properties":{"site_name":"臺北市弱勢者發展協會","tel":"(02)25429529","address":"中山北路6段290巷7弄1號對面","full_address":"臺北市士林區中山北路6段290巷7弄1號對面","resolved_county":"臺北市","resolved_district":"士林區","service_type":"回收","item":"舊衣類","taipei_oldcloth_approval_no":"467","taipei_oldcloth_remark":"","data_source":"臺北市舊衣回收核准名冊(CSV)","geocode_ok":true,"geocode_provider":"google","geocode_tier":"cache","geocode_query":"臺北市士林區中山北路6段290巷7弄1號對面"}},{"type":"Feature","geometry":{"type":"Point","coordinates":[121.501616,25.139295]},"properties":{"site_name":"臺北市弱勢者發展協會","tel":"(02)25429529","address":"中和街232號旁","full_address":"臺北市北投區中和街232號旁","resolved_county":"臺北市","resolved_district":"北投區","service_type":"回收","item":"舊衣類","taipei_oldcloth_approval_no":"468","taipei_oldcloth_remark":"","data_source":"臺北市舊衣回收核准名冊(CSV)","geocode_ok":true,"geocode_provider":"google","geocode_tier":"cache","geocode_query":"臺北市北投區中和街232號旁"}},{"type":"Feature","geometry":{"type":"Point","coordinates":[121.5051422,25.1411585]},"properties":{"site_name":"臺北市弱勢者發展協會","tel":"(02)25429529","address":"珠海路105號對面","full_address":"臺北市北投區珠海路105號對面","resolved_county":"臺北市","resolved_district":"北投區","service_type":"回收","item":"舊衣類","taipei_oldcloth_approval_no":"469","taipei_oldcloth_remark":"","data_source":"臺北市舊衣回收核准名冊(CSV)","geocode_ok":true,"geocode_provider":"google","geocode_tier":"cache","geocode_query":"臺北市北投區珠海路105號對面"}},{"type":"Feature","geometry":{"type":"Point","coordinates":[121.5671258,25.0620855]},"properties":{"site_name":"臺北市弱勢者發展協會","tel":"(02)25429529","address":"富錦街562巷1號對面","full_address":"臺北市松山區富錦街562巷1號對面","resolved_county":"臺北市","resolved_district":"松山區","service_type":"回收","item":"舊衣類","taipei_oldcloth_approval_no":"470","taipei_oldcloth_remark":"","data_source":"臺北市舊衣回收核准名冊(CSV)","geocode_ok":true,"geocode_provider":"google","geocode_tier":"cache","geocode_query":"臺北市松山區富錦街562巷1號對面"}},{"type":"Feature","geometry":{"type":"Point","coordinates":[121.544009,25.0520785]},"properties":{"site_name":"臺北市弱勢者發展協會","tel":"(02)25429529","address":"南京東路3段338巷與敦化北路4巷(交通管制箱旁)","full_address":"臺北市松山區南京東路3段338巷與敦化北路4巷(交通管制箱旁)","resolved_county":"臺北市","resolved_district":"松山區","service_type":"回收","item":"舊衣類","taipei_oldcloth_approval_no":"471","taipei_oldcloth_remark":"","data_source":"臺北市舊衣回收核准名冊(CSV)","geocode_ok":true,"geocode_provider":"google","geocode_tier":"cache","geocode_query":"臺北市松山區南京東路3段338巷與敦化北路4巷(交通管制箱旁)"}},{"type":"Feature","geometry":{"type":"Point","coordinates":[121.5527246,25.0520634]},"properties":{"site_name":"臺北市弱勢者發展協會","tel":"(02)25429529","address":"南京東路3段303巷7弄7號對面","full_address":"臺北市松山區南京東路3段303巷7弄7號對面","resolved_county":"臺北市","resolved_district":"松山區","service_type":"回收","item":"舊衣類","taipei_oldcloth_approval_no":"472","taipei_oldcloth_remark":"","data_source":"臺北市舊衣回收核准名冊(CSV)","geocode_ok":true,"geocode_provider":"google","geocode_tier":"cache","geocode_query":"臺北市松山區南京東路3段303巷7弄7號對面"}},{"type":"Feature","geometry":{"type":"Point","coordinates":[121.5440581,25.0492947]},"properties":{"site_name":"臺北市弱勢者發展協會","tel":"(02)25429529","address":"復興北路17巷交叉口","full_address":"臺北市松山區復興北路17巷交叉口","resolved_county":"臺北市","resolved_district":"松山區","service_type":"回收","item":"舊衣類","taipei_oldcloth_approval_no":"473","taipei_oldcloth_remark":"","data_source":"臺北市舊衣回收核准名冊(CSV)","geocode_ok":true,"geocode_provider":"google","geocode_tier":"cache","geocode_query":"臺北市松山區復興北路17巷交叉口"}},{"type":"Feature","geometry":{"type":"Point","coordinates":[121.5460097,25.0499974]},"properties":{"site_name":"臺北市弱勢者發展協會","tel":"(02)25429529","address":"敦化北路4巷31號對面","full_address":"臺北市松山區敦化北路4巷31號對面","resolved_county":"臺北市","resolved_district":"松山區","service_type":"回收","item":"舊衣類","taipei_oldcloth_approval_no":"474","taipei_oldcloth_remark":"","data_source":"臺北市舊衣回收核准名冊(CSV)","geocode_ok":true,"geocode_provider":"google","geocode_tier":"cache","geocode_query":"臺北市松山區敦化北路4巷31號對面"}},{"type":"Feature","geometry":{"type":"Point","coordinates":[121.550072,25.051152]},"properties":{"site_name":"台北市視障多元就業促進會","tel":"(02)25429529","address":"南京東路4段120巷19弄口","full_address":"臺北市松山區南京東路4段120巷19弄口","resolved_county":"臺北市","resolved_district":"松山區","service_type":"回收","item":"舊衣類","taipei_oldcloth_approval_no":"475","taipei_oldcloth_remark":"","data_source":"臺北市舊衣回收核准名冊(CSV)","geocode_ok":true,"geocode_provider":"google","geocode_tier":"cache","geocode_query":"臺北市松山區南京東路4段120巷19弄口"}},{"type":"Feature","geometry":{"type":"Point","coordinates":[121.5458536,25.054406]},"properties":{"site_name":"臺北市弱勢者發展協會","tel":"(02)25429529","address":"長春路454號旁","full_address":"臺北市松山區長春路454號旁","resolved_county":"臺北市","resolved_district":"松山區","service_type":"回收","item":"舊衣類","taipei_oldcloth_approval_no":"477","taipei_oldcloth_remark":"","data_source":"臺北市舊衣回收核准名冊(CSV)","geocode_ok":true,"geocode_provider":"google","geocode_tier":"cache","geocode_query":"臺北市松山區長春路454號旁"}},{"type":"Feature","geometry":{"type":"Point","coordinates":[121.5574266,25.0518277]},"properties":{"site_name":"臺北市弱勢者發展協會","tel":"(02)25429529","address":"南京東路5段123巷6弄24號對面","full_address":"臺北市松山區南京東路5段123巷6弄24號對面","resolved_county":"臺北市","resolved_district":"松山區","service_type":"回收","item":"舊衣類","taipei_oldcloth_approval_no":"478","taipei_oldcloth_remark":"","data_source":"臺北市舊衣回收核准名冊(CSV)","geocode_ok":true,"geocode_provider":"google","geocode_tier":"cache","geocode_query":"臺北市松山區南京東路5段123巷6弄24號對面"}},{"type":"Feature","geometry":{"type":"Point","coordinates":[121.5664342,25.055213]},"properties":{"site_name":"臺北市弱勢者發展協會","tel":"(02)25429529","address":"健康路325巷7號前","full_address":"臺北市松山區健康路325巷7號前","resolved_county":"臺北市","resolved_district":"松山區","service_type":"回收","item":"舊衣類","taipei_oldcloth_approval_no":"479","taipei_oldcloth_remark":"","data_source":"臺北市舊衣回收核准名冊(CSV)","geocode_ok":true,"geocode_provider":"google","geocode_tier":"cache","geocode_query":"臺北市松山區健康路325巷7號前"}},{"type":"Feature","geometry":{"type":"Point","coordinates":[121.5684874,25.0551043]},"properties":{"site_name":"臺北市弱勢者發展協會","tel":"(02)25429529","address":"健康路325巷6弄27號對面","full_address":"臺北市松山區健康路325巷6弄27號對面","resolved_county":"臺北市","resolved_district":"松山區","service_type":"回收","item":"舊衣類","taipei_oldcloth_approval_no":"480","taipei_oldcloth_remark":"","data_source":"臺北市舊衣回收核准名冊(CSV)","geocode_ok":true,"geocode_provider":"google","geocode_tier":"cache","geocode_query":"臺北市松山區健康路325巷6弄27號對面"}},{"type":"Feature","geometry":{"type":"Point","coordinates":[121.5659757,25.0506641]},"properties":{"site_name":"臺北市弱勢者發展協會","tel":"(02)25429529","address":"南京東路5段250巷3之2號旁","full_address":"臺北市松山區南京東路5段250巷3之2號旁","resolved_county":"臺北市","resolved_district":"松山區","service_type":"回收","item":"舊衣類","taipei_oldcloth_approval_no":"481","taipei_oldcloth_remark":"","data_source":"臺北市舊衣回收核准名冊(CSV)","geocode_ok":true,"geocode_provider":"google","geocode_tier":"cache","geocode_query":"臺北市松山區南京東路5段250巷3之2號旁"}},{"type":"Feature","geometry":{"type":"Point","coordinates":[121.5581099,25.0471641]},"properties":{"site_name":"臺北市弱勢者發展協會","tel":"(02)25429529","address":"光復南路17巷1號前","full_address":"臺北市松山區光復南路17巷1號前","resolved_county":"臺北市","resolved_district":"松山區","service_type":"回收","item":"舊衣類","taipei_oldcloth_approval_no":"482","taipei_oldcloth_remark":"","data_source":"臺北市舊衣回收核准名冊(CSV)","geocode_ok":true,"geocode_provider":"google","geocode_tier":"cache","geocode_query":"臺北市松山區光復南路17巷1號前"}},{"type":"Feature","geometry":{"type":"Point","coordinates":[121.556204,25.0492981]},"properties":{"site_name":"臺北市弱勢者發展協會","tel":"(02)25429529","address":"八德路3段155巷20弄15號對面","full_address":"臺北市松山區八德路3段155巷20弄15號對面","resolved_county":"臺北市","resolved_district":"松山區","service_type":"回收","item":"舊衣類","taipei_oldcloth_approval_no":"484","taipei_oldcloth_remark":"","data_source":"臺北市舊衣回收核准名冊(CSV)","geocode_ok":true,"geocode_provider":"google","geocode_tier":"cache","geocode_query":"臺北市松山區八德路3段155巷20弄15號對面"}},{"type":"Feature","geometry":{"type":"Point","coordinates":[121.5535021,25.0495589]},"properties":{"site_name":"臺北市弱勢者發展協會","tel":"(02)25429529","address":"八德路3段99巷12號對面公廁旁","full_address":"臺北市松山區八德路3段99巷12號對面公廁旁","resolved_county":"臺北市","resolved_district":"松山區","service_type":"回收","item":"舊衣類","taipei_oldcloth_approval_no":"485","taipei_oldcloth_remark":"","data_source":"臺北市舊衣回收核准名冊(CSV)","geocode_ok":true,"geocode_provider":"google","geocode_tier":"cache","geocode_query":"臺北市松山區八德路3段99巷12號對面公廁旁"}},{"type":"Feature","geometry":{"type":"Point","coordinates":[121.5507701,25.0463125]},"properties":{"site_name":"臺北市弱勢者發展協會","tel":"(02)25429529","address":"八德路3段12巷51弄1號對面","full_address":"臺北市松山區八德路3段12巷51弄1號對面","resolved_county":"臺北市","resolved_district":"松山區","service_type":"回收","item":"舊衣類","taipei_oldcloth_approval_no":"486","taipei_oldcloth_remark":"","data_source":"臺北市舊衣回收核准名冊(CSV)","geocode_ok":true,"geocode_provider":"google","geocode_tier":"cache","geocode_query":"臺北市松山區八德路3段12巷51弄1號對面"}},{"type":"Feature","geometry":{"type":"Point","coordinates":[121.5497914,25.0461098]},"properties":{"site_name":"臺北市弱勢者發展協會","tel":"(02)25429529","address":"八德路3段12巷52弄30號旁","full_address":"臺北市松山區八德路3段12巷52弄30號旁","resolved_county":"臺北市","resolved_district":"松山區","service_type":"回收","item":"舊衣類","taipei_oldcloth_approval_no":"487","taipei_oldcloth_remark":"","data_source":"臺北市舊衣回收核准名冊(CSV)","geocode_ok":true,"geocode_provider":"google","geocode_tier":"cache","geocode_query":"臺北市松山區八德路3段12巷52弄30號旁"}},{"type":"Feature","geometry":{"type":"Point","coordinates":[121.5516164,25.0276526]},"properties":{"site_name":"臺北市弱勢者發展協會","tel":"(02)25429529","address":"樂利路27巷1號對面","full_address":"臺北市大安區樂利路27巷1號對面","resolved_county":"臺北市","resolved_district":"大安區","service_type":"回收","item":"舊衣類","taipei_oldcloth_approval_no":"488","taipei_oldcloth_remark":"","data_source":"臺北市舊衣回收核准名冊(CSV)","geocode_ok":true,"geocode_provider":"google","geocode_tier":"cache","geocode_query":"臺北市大安區樂利路27巷1號對面"}},{"type":"Feature","geometry":{"type":"Point","coordinates":[121.5657212,25.0596742]},"properties":{"site_name":"臺北市弱勢者發展協會","tel":"(02)25429529","address":"新東街33號對面","full_address":"臺北市松山區新東街33號對面","resolved_county":"臺北市","resolved_district":"松山區","service_type":"回收","item":"舊衣類","taipei_oldcloth_approval_no":"489","taipei_oldcloth_remark":"","data_source":"臺北市舊衣回收核准名冊(CSV)","geocode_ok":true,"geocode_provider":"google","geocode_tier":"cache","geocode_query":"臺北市松山區新東街33號對面"}},{"type":"Feature","geometry":{"type":"Point","coordinates":[121.5473855,24.9979549]},"properties":{"site_name":"臺北市弱勢者發展協會","tel":"(02)25429529","address":"景華街177巷4-1號旁","full_address":"臺北市文山區景華街177巷4-1號旁","resolved_county":"臺北市","resolved_district":"文山區","service_type":"回收","item":"舊衣類","taipei_oldcloth_approval_no":"491","taipei_oldcloth_remark":"","data_source":"臺北市舊衣回收核准名冊(CSV)","geocode_ok":true,"geocode_provider":"google","geocode_tier":"cache","geocode_query":"臺北市文山區景華街177巷4-1號旁"}},{"type":"Feature","geometry":{"type":"Point","coordinates":[121.5283682,25.1221055]},"properties":{"site_name":"臺北市弱勢者發展協會","tel":"(02)25429529","address":"中山北路7段81巷45號旁","full_address":"臺北市士林區中山北路7段81巷45號旁","resolved_county":"臺北市","resolved_district":"士林區","service_type":"回收","item":"舊衣類","taipei_oldcloth_approval_no":"492","taipei_oldcloth_remark":"","data_source":"臺北市舊衣回收核准名冊(CSV)","geocode_ok":true,"geocode_provider":"google","geocode_tier":"cache","geocode_query":"臺北市士林區中山北路7段81巷45號旁"}},{"type":"Feature","geometry":{"type":"Point","coordinates":[121.5465808,24.9963223]},"properties":{"site_name":"臺北市弱勢者發展協會","tel":"(02)25429529","address":"景華街121巷7弄2號旁","full_address":"臺北市文山區景華街121巷7弄2號旁","resolved_county":"臺北市","resolved_district":"文山區","service_type":"回收","item":"舊衣類","taipei_oldcloth_approval_no":"493","taipei_oldcloth_remark":"","data_source":"臺北市舊衣回收核准名冊(CSV)","geocode_ok":true,"geocode_provider":"google","geocode_tier":"cache","geocode_query":"臺北市文山區景華街121巷7弄2號旁"}},{"type":"Feature","geometry":{"type":"Point","coordinates":[121.559348,25.0536509]},"properties":{"site_name":"臺北市弱勢者發展協會","tel":"(02)25429529","address":"健康路182號對面（長壽公園）","full_address":"臺北市松山區健康路182號對面（長壽公園）","resolved_county":"臺北市","resolved_district":"松山區","service_type":"回收","item":"舊衣類","taipei_oldcloth_approval_no":"494","taipei_oldcloth_remark":"","data_source":"臺北市舊衣回收核准名冊(CSV)","geocode_ok":true,"geocode_provider":"google","geocode_tier":"cache","geocode_query":"臺北市松山區健康路182號對面（長壽公園）"}},{"type":"Feature","geometry":{"type":"Point","coordinates":[121.545259,25.0642727]},"properties":{"site_name":"臺北市視障藝文發展協會","tel":"(02)25912695","address":"五常街370號對面空地榕樹前","full_address":"臺北市松山區五常街370號對面空地榕樹前","resolved_county":"臺北市","resolved_district":"松山區","service_type":"回收","item":"舊衣類","taipei_oldcloth_approval_no":"496","taipei_oldcloth_remark":"","data_source":"臺北市舊衣回收核准名冊(CSV)","geocode_ok":true,"geocode_provider":"google","geocode_tier":"cache","geocode_query":"臺北市松山區五常街370號對面空地榕樹前"}},{"type":"Feature","geometry":{"type":"Point","coordinates":[121.560083,25.0497715]},"properties":{"site_name":"臺北市視障藝文發展協會","tel":"(02)25912695","address":"南京東路5段66巷22弄與光復北路11巷50號旁巷口路燈下","full_address":"臺北市松山區南京東路5段66巷22弄與光復北路11巷50號旁巷口路燈下","resolved_county":"臺北市","resolved_district":"松山區","service_type":"回收","item":"舊衣類","taipei_oldcloth_approval_no":"497","taipei_oldcloth_remark":"","data_source":"臺北市舊衣回收核准名冊(CSV)","geocode_ok":true,"geocode_provider":"google","geocode_tier":"cache","geocode_query":"臺北市松山區南京東路5段66巷22弄與光復北路11巷50號旁巷口路燈下"}},{"type":"Feature","geometry":{"type":"Point","coordinates":[121.5507916,25.0547594]},"properties":{"site_name":"臺北市視障藝文發展協會","tel":"(02)25912695","address":"敦化北路155巷66弄與165巷交叉口","full_address":"臺北市松山區敦化北路155巷66弄與165巷交叉口","resolved_county":"臺北市","resolved_district":"松山區","service_type":"回收","item":"舊衣類","taipei_oldcloth_approval_no":"498","taipei_oldcloth_remark":"","data_source":"臺北市舊衣回收核准名冊(CSV)","geocode_ok":true,"geocode_provider":"google","geocode_tier":"cache","geocode_query":"臺北市松山區敦化北路155巷66弄與165巷交叉口"}},{"type":"Feature","geometry":{"type":"Point","coordinates":[121.5435473,25.0658473]},"properties":{"site_name":"臺北市視障藝文發展協會","tel":"(02)25912695","address":"復興北路514巷10號旁","full_address":"臺北市中山區復興北路514巷10號旁","resolved_county":"臺北市","resolved_district":"中山區","service_type":"回收","item":"舊衣類","taipei_oldcloth_approval_no":"499","taipei_oldcloth_remark":"","data_source":"臺北市舊衣回收核准名冊(CSV)","geocode_ok":true,"geocode_provider":"google","geocode_tier":"cache","geocode_query":"臺北市中山區復興北路514巷10號旁"}},{"type":"Feature","geometry":{"type":"Point","coordinates":[121.5333463,25.0535093]},"properties":{"site_name":"臺北市視障藝文發展協會","tel":"(02)25912695","address":"松江路127號與四平街口變電箱旁","full_address":"臺北市中山區松江路127號與四平街口變電箱旁","resolved_county":"臺北市","resolved_district":"中山區","service_type":"回收","item":"舊衣類","taipei_oldcloth_approval_no":"500","taipei_oldcloth_remark":"","data_source":"臺北市舊衣回收核准名冊(CSV)","geocode_ok":true,"geocode_provider":"google","geocode_tier":"cache","geocode_query":"臺北市中山區松江路127號與四平街口變電箱旁"}},{"type":"Feature","geometry":{"type":"Point","coordinates":[121.5348012,25.0529079]},"properties":{"site_name":"臺北市視障藝文發展協會","tel":"(02)25912695","address":"松江路123巷與伊通街口變電箱旁","full_address":"臺北市中山區松江路123巷與伊通街口變電箱旁","resolved_county":"臺北市","resolved_district":"中山區","service_type":"回收","item":"舊衣類","taipei_oldcloth_approval_no":"501","taipei_oldcloth_remark":"","data_source":"臺北市舊衣回收核准名冊(CSV)","geocode_ok":true,"geocode_provider":"google","geocode_tier":"cache","geocode_query":"臺北市中山區松江路123巷與伊通街口變電箱旁"}},{"type":"Feature","geometry":{"type":"Point","coordinates":[121.5365963,25.0536111]},"properties":{"site_name":"臺北市視障藝文發展協會","tel":"(02)25912695","address":"建國北路2段與四平街口","full_address":"臺北市中山區建國北路2段與四平街口","resolved_county":"臺北市","resolved_district":"中山區","service_type":"回收","item":"舊衣類","taipei_oldcloth_approval_no":"502","taipei_oldcloth_remark":"","data_source":"臺北市舊衣回收核准名冊(CSV)","geocode_ok":true,"geocode_provider":"google","geocode_tier":"cache","geocode_query":"臺北市中山區建國北路2段與四平街口"}},{"type":"Feature","geometry":{"type":"Point","coordinates":[121.5348257,25.0547851]},"properties":{"site_name":"臺北市視障藝文發展協會","tel":"(02)25912695","address":"伊通街與長春路電箱下","full_address":"臺北市中山區伊通街與長春路電箱下","resolved_county":"臺北市","resolved_district":"中山區","service_type":"回收","item":"舊衣類","taipei_oldcloth_approval_no":"503","taipei_oldcloth_remark":"","data_source":"臺北市舊衣回收核准名冊(CSV)","geocode_ok":true,"geocode_provider":"google","geocode_tier":"cache","geocode_query":"臺北市中山區伊通街與長春路電箱下"}},{"type":"Feature","geometry":{"type":"Point","coordinates":[121.5435198,25.0550099]},"properties":{"site_name":"臺北市視障藝文發展協會","tel":"(02)25912695","address":"長春路327巷口","full_address":"臺北市中山區長春路327巷口","resolved_county":"臺北市","resolved_district":"中山區","service_type":"回收","item":"舊衣類","taipei_oldcloth_approval_no":"504","taipei_oldcloth_remark":"","data_source":"臺北市舊衣回收核准名冊(CSV)","geocode_ok":true,"geocode_provider":"google","geocode_tier":"cache","geocode_query":"臺北市中山區長春路327巷口"}},{"type":"Feature","geometry":{"type":"Point","coordinates":[121.5464063,25.0604448]},"properties":{"site_name":"臺北市視障藝文發展協會","tel":"(02)25912695","address":"復興北路361巷30號對面中山國中圍牆邊","full_address":"臺北市松山區復興北路361巷30號對面中山國中圍牆邊","resolved_county":"臺北市","resolved_district":"松山區","service_type":"回收","item":"舊衣類","taipei_oldcloth_approval_no":"505","taipei_oldcloth_remark":"","data_source":"臺北市舊衣回收核准名冊(CSV)","geocode_ok":true,"geocode_provider":"google","geocode_tier":"cache","geocode_query":"臺北市松山區復興北路361巷30號對面中山國中圍牆邊"}},{"type":"Feature","geometry":{"type":"Point","coordinates":[121.5534877,25.0225786]},"properties":{"site_name":"臺北市視障藝文發展協會","tel":"(02)25912695","address":"嘉興街319號對面電箱旁","full_address":"臺北市大安區嘉興街319號對面電箱旁","resolved_county":"臺北市","resolved_district":"大安區","service_type":"回收","item":"舊衣類","taipei_oldcloth_approval_no":"506","taipei_oldcloth_remark":"","data_source":"臺北市舊衣回收核准名冊(CSV)","geocode_ok":true,"geocode_provider":"google","geocode_tier":"cache","geocode_query":"臺北市大安區嘉興街319號對面電箱旁"}},{"type":"Feature","geometry":{"type":"Point","coordinates":[121.555567,25.0285655]},"properties":{"site_name":"臺北市視障藝文發展協會","tel":"(02)25912695","address":"臨江街40巷59號旁","full_address":"臺北市大安區臨江街40巷59號旁","resolved_county":"臺北市","resolved_district":"大安區","service_type":"回收","item":"舊衣類","taipei_oldcloth_approval_no":"507","taipei_oldcloth_remark":"","data_source":"臺北市舊衣回收核准名冊(CSV)","geocode_ok":true,"geocode_provider":"google","geocode_tier":"cache","geocode_query":"臺北市大安區臨江街40巷59號旁"}},{"type":"Feature","geometry":{"type":"Point","coordinates":[121.554229,25.0291846]},"properties":{"site_name":"臺北市視障藝文發展協會","tel":"(02)25912695","address":"通化街123巷2號旁","full_address":"臺北市大安區通化街123巷2號旁","resolved_county":"臺北市","resolved_district":"大安區","service_type":"回收","item":"舊衣類","taipei_oldcloth_approval_no":"508","taipei_oldcloth_remark":"","data_source":"臺北市舊衣回收核准名冊(CSV)","geocode_ok":true,"geocode_provider":"google","geocode_tier":"cache","geocode_query":"臺北市大安區通化街123巷2號旁"}},{"type":"Feature","geometry":{"type":"Point","coordinates":[121.5411849,25.0659046]},"properties":{"site_name":"臺北市視障藝文發展協會","tel":"(02)25912695","address":"復興北路514巷66號對面電箱旁","full_address":"臺北市中山區復興北路514巷66號對面電箱旁","resolved_county":"臺北市","resolved_district":"中山區","service_type":"回收","item":"舊衣類","taipei_oldcloth_approval_no":"509","taipei_oldcloth_remark":"","data_source":"臺北市舊衣回收核准名冊(CSV)","geocode_ok":true,"geocode_provider":"google","geocode_tier":"cache","geocode_query":"臺北市中山區復興北路514巷66號對面電箱旁"}},{"type":"Feature","geometry":{"type":"Point","coordinates":[121.5544013,25.0235805]},"properties":{"site_name":"臺北市視障藝文發展協會","tel":"(02)25912695","address":"崇德街38巷27號旁","full_address":"臺北市信義區崇德街38巷27號旁","resolved_county":"臺北市","resolved_district":"信義區","service_type":"回收","item":"舊衣類","taipei_oldcloth_approval_no":"510","taipei_oldcloth_remark":"","data_source":"臺北市舊衣回收核准名冊(CSV)","geocode_ok":true,"geocode_provider":"google","geocode_tier":"cache","geocode_query":"臺北市信義區崇德街38巷27號旁"}},{"type":"Feature","geometry":{"type":"Point","coordinates":[121.5414911,25.0675537]},"properties":{"site_name":"臺北市視障藝文發展協會","tel":"(02)25912695","address":"龍江路457巷口","full_address":"臺北市中山區龍江路457巷口","resolved_county":"臺北市","resolved_district":"中山區","service_type":"回收","item":"舊衣類","taipei_oldcloth_approval_no":"511","taipei_oldcloth_remark":"","data_source":"臺北市舊衣回收核准名冊(CSV)","geocode_ok":true,"geocode_provider":"google","geocode_tier":"cache","geocode_query":"臺北市中山區龍江路457巷口"}},{"type":"Feature","geometry":{"type":"Point","coordinates":[121.4907936,25.0313248]},"properties":{"site_name":"臺北市視障藝文發展協會","tel":"(02)25912695","address":"環河南路2段與長順街口","full_address":"臺北市萬華區環河南路2段與長順街口","resolved_county":"臺北市","resolved_district":"萬華區","service_type":"回收","item":"舊衣類","taipei_oldcloth_approval_no":"512","taipei_oldcloth_remark":"","data_source":"臺北市舊衣回收核准名冊(CSV)","geocode_ok":true,"geocode_provider":"google","geocode_tier":"cache","geocode_query":"臺北市萬華區環河南路2段與長順街口"}},{"type":"Feature","geometry":{"type":"Point","coordinates":[121.4252203,25.0006123]},"properties":{"site_name":"台北市弱勢彩券聯合促進會","tel":"(02)25912695","address":"大安路1段116巷15號對面","full_address":"臺北市大安區大安路1段116巷15號對面","resolved_county":"臺北市","resolved_district":"大安區","service_type":"回收","item":"舊衣類","taipei_oldcloth_approval_no":"1244","taipei_oldcloth_remark":"","data_source":"臺北市舊衣回收核准名冊(CSV)","geocode_ok":true,"geocode_provider":"google","geocode_tier":"cache","geocode_query":"臺北市大安區大安路1段116巷15號對面"}},{"type":"Feature","geometry":{"type":"Point","coordinates":[121.5666058,25.0650587]},"properties":{"site_name":"臺北市視障藝文發展協會","tel":"(02)25912695","address":"撫遠街389巷口樹下","full_address":"臺北市松山區撫遠街389巷口樹下","resolved_county":"臺北市","resolved_district":"松山區","service_type":"回收","item":"舊衣類","taipei_oldcloth_approval_no":"514","taipei_oldcloth_remark":"","data_source":"臺北市舊衣回收核准名冊(CSV)","geocode_ok":true,"geocode_provider":"google","geocode_tier":"cache","geocode_query":"臺北市松山區撫遠街389巷口樹下"}},{"type":"Feature","geometry":{"type":"Point","coordinates":[121.5657125,25.0638722]},"properties":{"site_name":"臺北市視障藝文發展協會","tel":"(02)25912695","address":"民權東路5段1號與撫遠街376-400巷口","full_address":"臺北市松山區民權東路5段1號與撫遠街376-400巷口","resolved_county":"臺北市","resolved_district":"松山區","service_type":"回收","item":"舊衣類","taipei_oldcloth_approval_no":"515","taipei_oldcloth_remark":"","data_source":"臺北市舊衣回收核准名冊(CSV)","geocode_ok":true,"geocode_provider":"google","geocode_tier":"cache","geocode_query":"臺北市松山區民權東路5段1號與撫遠街376-400巷口"}},{"type":"Feature","geometry":{"type":"Point","coordinates":[121.5799222,25.0450523]},"properties":{"site_name":"臺北市視障藝文發展協會","tel":"(02)25912695","address":"永吉路502巷3號旁","full_address":"臺北市信義區永吉路502巷3號旁","resolved_county":"臺北市","resolved_district":"信義區","service_type":"回收","item":"舊衣類","taipei_oldcloth_approval_no":"516","taipei_oldcloth_remark":"","data_source":"臺北市舊衣回收核准名冊(CSV)","geocode_ok":true,"geocode_provider":"google","geocode_tier":"cache","geocode_query":"臺北市信義區永吉路502巷3號旁"}},{"type":"Feature","geometry":{"type":"Point","coordinates":[121.566238,25.0493738]},"properties":{"site_name":"臺北市視障藝文發展協會","tel":"(02)25912695","address":"八德路4段289之4號對面","full_address":"臺北市松山區八德路4段289之4號對面","resolved_county":"臺北市","resolved_district":"松山區","service_type":"回收","item":"舊衣類","taipei_oldcloth_approval_no":"517","taipei_oldcloth_remark":"","data_source":"臺北市舊衣回收核准名冊(CSV)","geocode_ok":true,"geocode_provider":"google","geocode_tier":"cache","geocode_query":"臺北市松山區八德路4段289之4號對面"}},{"type":"Feature","geometry":{"type":"Point","coordinates":[121.5245987,25.1009076]},"properties":{"site_name":"臺北市視障藝文發展協會","tel":"(02)25912695","address":"中山北路5段811巷(福國路15巷停車場旁)","full_address":"臺北市士林區中山北路5段811巷(福國路15巷停車場旁)","resolved_county":"臺北市","resolved_district":"士林區","service_type":"回收","item":"舊衣類","taipei_oldcloth_approval_no":"518","taipei_oldcloth_remark":"","data_source":"臺北市舊衣回收核准名冊(CSV)","geocode_ok":true,"geocode_provider":"google","geocode_tier":"cache","geocode_query":"臺北市士林區中山北路5段811巷(福國路15巷停車場旁)"}},{"type":"Feature","geometry":{"type":"Point","coordinates":[121.5221214,25.10299]},"properties":{"site_name":"臺北市視障藝文發展協會","tel":"(02)25912695","address":"福華路141巷2號前電線桿下","full_address":"臺北市士林區福華路141巷2號前電線桿下","resolved_county":"臺北市","resolved_district":"士林區","service_type":"回收","item":"舊衣類","taipei_oldcloth_approval_no":"519","taipei_oldcloth_remark":"","data_source":"臺北市舊衣回收核准名冊(CSV)","geocode_ok":true,"geocode_provider":"google","geocode_tier":"cache","geocode_query":"臺北市士林區福華路141巷2號前電線桿下"}},{"type":"Feature","geometry":{"type":"Point","coordinates":[121.5328751,25.0343176]},"properties":{"site_name":"臺北市視障藝文發展協會","tel":"(02)25912695","address":"新生南路1段165巷35號斜對面","full_address":"臺北市大安區新生南路1段165巷35號斜對面","resolved_county":"臺北市","resolved_district":"大安區","service_type":"回收","item":"舊衣類","taipei_oldcloth_approval_no":"520","taipei_oldcloth_remark":"","data_source":"臺北市舊衣回收核准名冊(CSV)","geocode_ok":true,"geocode_provider":"google","geocode_tier":"cache","geocode_query":"臺北市大安區新生南路1段165巷35號斜對面"}},{"type":"Feature","geometry":{"type":"Point","coordinates":[121.5546405,25.0435034]},"properties":{"site_name":"臺北市視障藝文發展協會","tel":"(02)25912695","address":"延吉街131巷1弄34號對面","full_address":"臺北市大安區延吉街131巷1弄34號對面","resolved_county":"臺北市","resolved_district":"大安區","service_type":"回收","item":"舊衣類","taipei_oldcloth_approval_no":"521","taipei_oldcloth_remark":"","data_source":"臺北市舊衣回收核准名冊(CSV)","geocode_ok":true,"geocode_provider":"google","geocode_tier":"cache","geocode_query":"臺北市大安區延吉街131巷1弄34號對面"}},{"type":"Feature","geometry":{"type":"Point","coordinates":[121.5554304,25.0229512]},"properties":{"site_name":"臺北市視障藝文發展協會","tel":"(02)25912695","address":"信安街149號旁","full_address":"臺北市信義區信安街149號旁","resolved_county":"臺北市","resolved_district":"信義區","service_type":"回收","item":"舊衣類","taipei_oldcloth_approval_no":"523","taipei_oldcloth_remark":"","data_source":"臺北市舊衣回收核准名冊(CSV)","geocode_ok":true,"geocode_provider":"google","geocode_tier":"cache","geocode_query":"臺北市信義區信安街149號旁"}},{"type":"Feature","geometry":{"type":"Point","coordinates":[121.5568732,25.036129]},"properties":{"site_name":"臺北市視障藝文發展協會","tel":"(02)25912695","address":"光復南路420巷1弄口","full_address":"臺北市大安區光復南路420巷1弄口","resolved_county":"臺北市","resolved_district":"大安區","service_type":"回收","item":"舊衣類","taipei_oldcloth_approval_no":"525","taipei_oldcloth_remark":"","data_source":"臺北市舊衣回收核准名冊(CSV)","geocode_ok":true,"geocode_provider":"google","geocode_tier":"cache","geocode_query":"臺北市大安區光復南路420巷1弄口"}},{"type":"Feature","geometry":{"type":"Point","coordinates":[121.5059598,25.0314305]},"properties":{"site_name":"台北市角落關懷協會","tel":"(02)25537117","address":"莒光路44號旁小公園","full_address":"臺北市中正區莒光路44號旁小公園","resolved_county":"臺北市","resolved_district":"中正區","service_type":"回收","item":"舊衣類","taipei_oldcloth_approval_no":"526","taipei_oldcloth_remark":"","data_source":"臺北市舊衣回收核准名冊(CSV)","geocode_ok":true,"geocode_provider":"google","geocode_tier":"cache","geocode_query":"臺北市中正區莒光路44號旁小公園"}},{"type":"Feature","geometry":{"type":"Point","coordinates":[121.5150126,25.0593344]},"properties":{"site_name":"台北市角落關懷協會","tel":"(02)25537117","address":"寧夏路89號大同分局對面電箱旁","full_address":"臺北市大同區寧夏路89號大同分局對面電箱旁","resolved_county":"臺北市","resolved_district":"大同區","service_type":"回收","item":"舊衣類","taipei_oldcloth_approval_no":"527","taipei_oldcloth_remark":"","data_source":"臺北市舊衣回收核准名冊(CSV)","geocode_ok":true,"geocode_provider":"google","geocode_tier":"cache","geocode_query":"臺北市大同區寧夏路89號大同分局對面電箱旁"}},{"type":"Feature","geometry":{"type":"Point","coordinates":[121.51061,25.052891]},"properties":{"site_name":"台北市角落關懷協會","tel":"(02)25537117","address":"甘谷街44號前路燈下","full_address":"臺北市大同區甘谷街44號前路燈下","resolved_county":"臺北市","resolved_district":"大同區","service_type":"回收","item":"舊衣類","taipei_oldcloth_approval_no":"528","taipei_oldcloth_remark":"","data_source":"臺北市舊衣回收核准名冊(CSV)","geocode_ok":true,"geocode_provider":"google","geocode_tier":"cache","geocode_query":"臺北市大同區甘谷街44號前路燈下"}},{"type":"Feature","geometry":{"type":"Point","coordinates":[121.5683643,25.0450732]},"properties":{"site_name":"台北市角落關懷協會","tel":"(02)25537117","address":"永吉路30巷12弄5號","full_address":"臺北市信義區永吉路30巷12弄5號","resolved_county":"臺北市","resolved_district":"信義區","service_type":"回收","item":"舊衣類","taipei_oldcloth_approval_no":"530","taipei_oldcloth_remark":"","data_source":"臺北市舊衣回收核准名冊(CSV)","geocode_ok":true,"geocode_provider":"google","geocode_tier":"cache","geocode_query":"臺北市信義區永吉路30巷12弄5號"}},{"type":"Feature","geometry":{"type":"Point","coordinates":[121.574956,25.038507]},"properties":{"site_name":"台北市角落關懷協會","tel":"(02)25537117","address":"虎林街164巷28號對面中全公園","full_address":"臺北市信義區虎林街164巷28號對面中全公園","resolved_county":"臺北市","resolved_district":"信義區","service_type":"回收","item":"舊衣類","taipei_oldcloth_approval_no":"531","taipei_oldcloth_remark":"","data_source":"臺北市舊衣回收核准名冊(CSV)","geocode_ok":true,"geocode_provider":"google","geocode_tier":"cache","geocode_query":"臺北市信義區虎林街164巷28號對面中全公園"}},{"type":"Feature","geometry":{"type":"Point","coordinates":[121.5686844,25.0254715]},"properties":{"site_name":"台北市角落關懷協會","tel":"(02)25537117","address":"松仁路228巷口","full_address":"臺北市信義區松仁路228巷口","resolved_county":"臺北市","resolved_district":"信義區","service_type":"回收","item":"舊衣類","taipei_oldcloth_approval_no":"532","taipei_oldcloth_remark":"","data_source":"臺北市舊衣回收核准名冊(CSV)","geocode_ok":true,"geocode_provider":"google","geocode_tier":"cache","geocode_query":"臺北市信義區松仁路228巷口"}},{"type":"Feature","geometry":{"type":"Point","coordinates":[121.579288,25.039263]},"properties":{"site_name":"台北市角落關懷協會","tel":"(02)25537117","address":"林口街82號公園前人行道","full_address":"臺北市信義區林口街82號公園前人行道","resolved_county":"臺北市","resolved_district":"信義區","service_type":"回收","item":"舊衣類","taipei_oldcloth_approval_no":"533","taipei_oldcloth_remark":"","data_source":"臺北市舊衣回收核准名冊(CSV)","geocode_ok":true,"geocode_provider":"google","geocode_tier":"cache","geocode_query":"臺北市信義區林口街82號公園前人行道"}},{"type":"Feature","geometry":{"type":"Point","coordinates":[121.6012828,25.0567461]},"properties":{"site_name":"台北市角落關懷協會","tel":"(02)25537117","address":"重陽路166巷口","full_address":"臺北市南港區重陽路166巷口","resolved_county":"臺北市","resolved_district":"南港區","service_type":"回收","item":"舊衣類","taipei_oldcloth_approval_no":"535","taipei_oldcloth_remark":"","data_source":"臺北市舊衣回收核准名冊(CSV)","geocode_ok":true,"geocode_provider":"google","geocode_tier":"cache","geocode_query":"臺北市南港區重陽路166巷口"}},{"type":"Feature","geometry":{"type":"Point","coordinates":[121.6174233,25.0435002]},"properties":{"site_name":"台北市角落關懷協會","tel":"(02)25537117","address":"研究院路2段61巷3弄口","full_address":"臺北市南港區研究院路2段61巷3弄口","resolved_county":"臺北市","resolved_district":"南港區","service_type":"回收","item":"舊衣類","taipei_oldcloth_approval_no":"536","taipei_oldcloth_remark":"","data_source":"臺北市舊衣回收核准名冊(CSV)","geocode_ok":true,"geocode_provider":"google","geocode_tier":"cache","geocode_query":"臺北市南港區研究院路2段61巷3弄口"}},{"type":"Feature","geometry":{"type":"Point","coordinates":[121.5412559,25.0426007]},"properties":{"site_name":"台北市角落關懷協會","tel":"(02)25537117","address":"忠孝東路3段251巷6弄底誠安公園圍牆旁","full_address":"臺北市大安區忠孝東路3段251巷6弄底誠安公園圍牆旁","resolved_county":"臺北市","resolved_district":"大安區","service_type":"回收","item":"舊衣類","taipei_oldcloth_approval_no":"537","taipei_oldcloth_remark":"","data_source":"臺北市舊衣回收核准名冊(CSV)","geocode_ok":true,"geocode_provider":"google","geocode_tier":"cache","geocode_query":"臺北市大安區忠孝東路3段251巷6弄底誠安公園圍牆旁"}},{"type":"Feature","geometry":{"type":"Point","coordinates":[121.5533156,25.0194755]},"properties":{"site_name":"台北市角落關懷協會","tel":"(02)25537117","address":"安居街55號旁","full_address":"臺北市大安區安居街55號旁","resolved_county":"臺北市","resolved_district":"大安區","service_type":"回收","item":"舊衣類","taipei_oldcloth_approval_no":"538","taipei_oldcloth_remark":"","data_source":"臺北市舊衣回收核准名冊(CSV)","geocode_ok":true,"geocode_provider":"google","geocode_tier":"cache","geocode_query":"臺北市大安區安居街55號旁"}},{"type":"Feature","geometry":{"type":"Point","coordinates":[121.5519912,25.0182596]},"properties":{"site_name":"台北市角落關懷協會","tel":"(02)25537117","address":"安居街121號之1","full_address":"臺北市大安區安居街121號之1","resolved_county":"臺北市","resolved_district":"大安區","service_type":"回收","item":"舊衣類","taipei_oldcloth_approval_no":"539","taipei_oldcloth_remark":"","data_source":"臺北市舊衣回收核准名冊(CSV)","geocode_ok":true,"geocode_provider":"google","geocode_tier":"cache","geocode_query":"臺北市大安區安居街121號之1"}},{"type":"Feature","geometry":{"type":"Point","coordinates":[121.5630482,25.0297389]},"properties":{"site_name":"台北市角落關懷協會","tel":"(02)25537117","address":"莊敬路239巷12號對面(1弄路口)","full_address":"臺北市信義區莊敬路239巷12號對面(1弄路口)","resolved_county":"臺北市","resolved_district":"信義區","service_type":"回收","item":"舊衣類","taipei_oldcloth_approval_no":"540","taipei_oldcloth_remark":"","data_source":"臺北市舊衣回收核准名冊(CSV)","geocode_ok":true,"geocode_provider":"google","geocode_tier":"cache","geocode_query":"臺北市信義區莊敬路239巷12號對面(1弄路口)"}},{"type":"Feature","geometry":{"type":"Point","coordinates":[121.5593569,25.0282009]},"properties":{"site_name":"台北市角落關懷協會","tel":"(02)25537117","address":"吳興街156巷61號對面人行道","full_address":"臺北市信義區吳興街156巷61號對面人行道","resolved_county":"臺北市","resolved_district":"信義區","service_type":"回收","item":"舊衣類","taipei_oldcloth_approval_no":"541","taipei_oldcloth_remark":"","data_source":"臺北市舊衣回收核准名冊(CSV)","geocode_ok":true,"geocode_provider":"google","geocode_tier":"cache","geocode_query":"臺北市信義區吳興街156巷61號對面人行道"}},{"type":"Feature","geometry":{"type":"Point","coordinates":[121.5075713,25.0279247]},"properties":{"site_name":"台北市角落關懷協會","tel":"(02)25537117","address":"南海路103號","full_address":"臺北市中正區南海路103號","resolved_county":"臺北市","resolved_district":"中正區","service_type":"回收","item":"舊衣類","taipei_oldcloth_approval_no":"542","taipei_oldcloth_remark":"","data_source":"臺北市舊衣回收核准名冊(CSV)","geocode_ok":true,"geocode_provider":"google","geocode_tier":"cache","geocode_query":"臺北市中正區南海路103號"}},{"type":"Feature","geometry":{"type":"Point","coordinates":[121.5490732,25.0239596]},"properties":{"site_name":"台北市角落關懷協會","tel":"(02)25537117","address":"敦化南路2段293巷人行道旁","full_address":"臺北市大安區敦化南路2段293巷人行道旁","resolved_county":"臺北市","resolved_district":"大安區","service_type":"回收","item":"舊衣類","taipei_oldcloth_approval_no":"543","taipei_oldcloth_remark":"","data_source":"臺北市舊衣回收核准名冊(CSV)","geocode_ok":true,"geocode_provider":"google","geocode_tier":"cache","geocode_query":"臺北市大安區敦化南路2段293巷人行道旁"}},{"type":"Feature","geometry":{"type":"Point","coordinates":[121.5505202,25.0302339]},"properties":{"site_name":"台北市角落關懷協會","tel":"(02)25537117","address":"敦化南路2段81巷45弄3號旁","full_address":"臺北市大安區敦化南路2段81巷45弄3號旁","resolved_county":"臺北市","resolved_district":"大安區","service_type":"回收","item":"舊衣類","taipei_oldcloth_approval_no":"544","taipei_oldcloth_remark":"","data_source":"臺北市舊衣回收核准名冊(CSV)","geocode_ok":true,"geocode_provider":"google","geocode_tier":"cache","geocode_query":"臺北市大安區敦化南路2段81巷45弄3號旁"}},{"type":"Feature","geometry":{"type":"Point","coordinates":[121.5766889,25.0765278]},"properties":{"site_name":"台北市角落關懷協會","tel":"(02)25537117","address":"江南街107巷口","full_address":"臺北市內湖區江南街107巷口","resolved_county":"臺北市","resolved_district":"內湖區","service_type":"回收","item":"舊衣類","taipei_oldcloth_approval_no":"545","taipei_oldcloth_remark":"","data_source":"臺北市舊衣回收核准名冊(CSV)","geocode_ok":true,"geocode_provider":"google","geocode_tier":"cache","geocode_query":"臺北市內湖區江南街107巷口"}},{"type":"Feature","geometry":{"type":"Point","coordinates":[121.5218805,25.0791757]},"properties":{"site_name":"台北市角落關懷協會","tel":"(02)25537117","address":"承德路4段5臨之2對面人行道","full_address":"臺北市士林區承德路4段5臨之2對面人行道","resolved_county":"臺北市","resolved_district":"士林區","service_type":"回收","item":"舊衣類","taipei_oldcloth_approval_no":"546","taipei_oldcloth_remark":"","data_source":"臺北市舊衣回收核准名冊(CSV)","geocode_ok":true,"geocode_provider":"google","geocode_tier":"cache","geocode_query":"臺北市士林區承德路4段5臨之2對面人行道"}},{"type":"Feature","geometry":{"type":"Point","coordinates":[121.5199231,25.0797139]},"properties":{"site_name":"台北市角落關懷協會","tel":"(02)25537117","address":"承德路4段6巷口承德橋下橋墩","full_address":"臺北市士林區承德路4段6巷口承德橋下橋墩","resolved_county":"臺北市","resolved_district":"士林區","service_type":"回收","item":"舊衣類","taipei_oldcloth_approval_no":"547","taipei_oldcloth_remark":"","data_source":"臺北市舊衣回收核准名冊(CSV)","geocode_ok":true,"geocode_provider":"google","geocode_tier":"cache","geocode_query":"臺北市士林區承德路4段6巷口承德橋下橋墩"}},{"type":"Feature","geometry":{"type":"Point","coordinates":[121.5502604,25.0354742]},"properties":{"site_name":"台北市角落關懷協會","tel":"(02)25537117","address":"仁愛路4段122巷底與信義路4段","full_address":"臺北市大安區仁愛路4段122巷底與信義路4段","resolved_county":"臺北市","resolved_district":"大安區","service_type":"回收","item":"舊衣類","taipei_oldcloth_approval_no":"548","taipei_oldcloth_remark":"","data_source":"臺北市舊衣回收核准名冊(CSV)","geocode_ok":true,"geocode_provider":"google","geocode_tier":"cache","geocode_query":"臺北市大安區仁愛路4段122巷底與信義路4段"}},{"type":"Feature","geometry":{"type":"Point","coordinates":[121.5580883,25.027088]},"properties":{"site_name":"台北市角落關懷協會","tel":"(02)25537117","address":"信安街50號對面公園轉角","full_address":"臺北市信義區信安街50號對面公園轉角","resolved_county":"臺北市","resolved_district":"信義區","service_type":"回收","item":"舊衣類","taipei_oldcloth_approval_no":"549","taipei_oldcloth_remark":"","data_source":"臺北市舊衣回收核准名冊(CSV)","geocode_ok":true,"geocode_provider":"google","geocode_tier":"cache","geocode_query":"臺北市信義區信安街50號對面公園轉角"}},{"type":"Feature","geometry":{"type":"Point","coordinates":[121.5603757,25.0283136]},"properties":{"site_name":"台北市角落關懷協會","tel":"(02)25537117","address":"信安街底吳興街156巷33弄交叉口","full_address":"臺北市信義區信安街底吳興街156巷33弄交叉口","resolved_county":"臺北市","resolved_district":"信義區","service_type":"回收","item":"舊衣類","taipei_oldcloth_approval_no":"550","taipei_oldcloth_remark":"","data_source":"臺北市舊衣回收核准名冊(CSV)","geocode_ok":true,"geocode_provider":"google","geocode_tier":"cache","geocode_query":"臺北市信義區信安街底吳興街156巷33弄交叉口"}},{"type":"Feature","geometry":{"type":"Point","coordinates":[121.5836095,25.0428467]},"properties":{"site_name":"台北市行無礙資源推廣協會","tel":"(02)25994649","address":"中坡南路49巷口公園前(號誌控制器旁)","full_address":"臺北市南港區中坡南路49巷口公園前(號誌控制器旁)","resolved_county":"臺北市","resolved_district":"南港區","service_type":"回收","item":"舊衣類","taipei_oldcloth_approval_no":"556","taipei_oldcloth_remark":"","data_source":"臺北市舊衣回收核准名冊(CSV)","geocode_ok":true,"geocode_provider":"google","geocode_tier":"cache","geocode_query":"臺北市南港區中坡南路49巷口公園前(號誌控制器旁)"}},{"type":"Feature","geometry":{"type":"Point","coordinates":[121.5169446,25.056054]},"properties":{"site_name":"台北市行無礙資源推廣協會","tel":"(02)25994649","address":"太原路183巷口牆邊","full_address":"臺北市大同區太原路183巷口牆邊","resolved_county":"臺北市","resolved_district":"大同區","service_type":"回收","item":"舊衣類","taipei_oldcloth_approval_no":"557","taipei_oldcloth_remark":"","data_source":"臺北市舊衣回收核准名冊(CSV)","geocode_ok":true,"geocode_provider":"google","geocode_tier":"cache","geocode_query":"臺北市大同區太原路183巷口牆邊"}},{"type":"Feature","geometry":{"type":"Point","coordinates":[121.5718363,25.0454506]},"properties":{"site_name":"台北市行無礙資源推廣協會","tel":"(02)25994649","address":"永吉路182號(永吉路及永吉路180巷交叉口)人行道","full_address":"臺北市信義區永吉路182號(永吉路及永吉路180巷交叉口)人行道","resolved_county":"臺北市","resolved_district":"信義區","service_type":"回收","item":"舊衣類","taipei_oldcloth_approval_no":"558","taipei_oldcloth_remark":"","data_source":"臺北市舊衣回收核准名冊(CSV)","geocode_ok":true,"geocode_provider":"google","geocode_tier":"cache","geocode_query":"臺北市信義區永吉路182號(永吉路及永吉路180巷交叉口)人行道"}},{"type":"Feature","geometry":{"type":"Point","coordinates":[121.5295867,25.0178413]},"properties":{"site_name":"台北市行無礙資源推廣協會","tel":"(02)25994649","address":"羅斯福路3段210巷8弄口變電箱下","full_address":"臺北市中正區羅斯福路3段210巷8弄口變電箱下","resolved_county":"臺北市","resolved_district":"中正區","service_type":"回收","item":"舊衣類","taipei_oldcloth_approval_no":"560","taipei_oldcloth_remark":"","data_source":"臺北市舊衣回收核准名冊(CSV)","geocode_ok":true,"geocode_provider":"google","geocode_tier":"cache","geocode_query":"臺北市中正區羅斯福路3段210巷8弄口變電箱下"}},{"type":"Feature","geometry":{"type":"Point","coordinates":[121.5751534,25.0354978]},"properties":{"site_name":"台北市行無礙資源推廣協會","tel":"(02)25994649","address":"信義路6段15巷18弄6號對面路燈邊","full_address":"臺北市信義區信義路6段15巷18弄6號對面路燈邊","resolved_county":"臺北市","resolved_district":"信義區","service_type":"回收","item":"舊衣類","taipei_oldcloth_approval_no":"561","taipei_oldcloth_remark":"","data_source":"臺北市舊衣回收核准名冊(CSV)","geocode_ok":true,"geocode_provider":"google","geocode_tier":"cache","geocode_query":"臺北市信義區信義路6段15巷18弄6號對面路燈邊"}},{"type":"Feature","geometry":{"type":"Point","coordinates":[121.5552345,25.0241726]},"properties":{"site_name":"台北市行無礙資源推廣協會","tel":"(02)25994649","address":"崇德街96號對面變電箱旁人行道","full_address":"臺北市信義區崇德街96號對面變電箱旁人行道","resolved_county":"臺北市","resolved_district":"信義區","service_type":"回收","item":"舊衣類","taipei_oldcloth_approval_no":"562","taipei_oldcloth_remark":"","data_source":"臺北市舊衣回收核准名冊(CSV)","geocode_ok":true,"geocode_provider":"google","geocode_tier":"cache","geocode_query":"臺北市信義區崇德街96號對面變電箱旁人行道"}},{"type":"Feature","geometry":{"type":"Point","coordinates":[121.601662,25.056154]},"properties":{"site_name":"台北市行無礙資源推廣協會","tel":"(02)25994649","address":"興南街與興南街64巷口","full_address":"臺北市南港區興南街與興南街64巷口","resolved_county":"臺北市","resolved_district":"南港區","service_type":"回收","item":"舊衣類","taipei_oldcloth_approval_no":"563","taipei_oldcloth_remark":"","data_source":"臺北市舊衣回收核准名冊(CSV)","geocode_ok":true,"geocode_provider":"google","geocode_tier":"cache","geocode_query":"臺北市南港區興南街與興南街64巷口"}},{"type":"Feature","geometry":{"type":"Point","coordinates":[121.5766607,25.0353813]},"properties":{"site_name":"台北市行無礙資源推廣協會","tel":"(02)25994649","address":"信義路6段63號邊","full_address":"臺北市信義區信義路6段63號邊","resolved_county":"臺北市","resolved_district":"信義區","service_type":"回收","item":"舊衣類","taipei_oldcloth_approval_no":"564","taipei_oldcloth_remark":"","data_source":"臺北市舊衣回收核准名冊(CSV)","geocode_ok":true,"geocode_provider":"google","geocode_tier":"cache","geocode_query":"臺北市信義區信義路6段63號邊"}},{"type":"Feature","geometry":{"type":"Point","coordinates":[121.6149968,25.0364652]},"properties":{"site_name":"台北市行無礙資源推廣協會","tel":"(02)25994649","address":"研究院路3段68巷口永思橋邊","full_address":"臺北市南港區研究院路3段68巷口永思橋邊","resolved_county":"臺北市","resolved_district":"南港區","service_type":"回收","item":"舊衣類","taipei_oldcloth_approval_no":"565","taipei_oldcloth_remark":"","data_source":"臺北市舊衣回收核准名冊(CSV)","geocode_ok":true,"geocode_provider":"google","geocode_tier":"cache","geocode_query":"臺北市南港區研究院路3段68巷口永思橋邊"}},{"type":"Feature","geometry":{"type":"Point","coordinates":[121.603772,25.055899]},"properties":{"site_name":"台北市行無礙資源推廣協會","tel":"(02)25994649","address":"興南街60巷27號對面變電箱邊","full_address":"臺北市南港區興南街60巷27號對面變電箱邊","resolved_county":"臺北市","resolved_district":"南港區","service_type":"回收","item":"舊衣類","taipei_oldcloth_approval_no":"566","taipei_oldcloth_remark":"","data_source":"臺北市舊衣回收核准名冊(CSV)","geocode_ok":true,"geocode_provider":"google","geocode_tier":"cache","geocode_query":"臺北市南港區興南街60巷27號對面變電箱邊"}},{"type":"Feature","geometry":{"type":"Point","coordinates":[121.6194146,25.04297]},"properties":{"site_name":"台北市行無礙資源推廣協會","tel":"(02)25994649","address":"大坑街與合順街口(56號電線桿邊)","full_address":"臺北市南港區大坑街與合順街口(56號電線桿邊)","resolved_county":"臺北市","resolved_district":"南港區","service_type":"回收","item":"舊衣類","taipei_oldcloth_approval_no":"567","taipei_oldcloth_remark":"","data_source":"臺北市舊衣回收核准名冊(CSV)","geocode_ok":true,"geocode_provider":"google","geocode_tier":"cache","geocode_query":"臺北市南港區大坑街與合順街口(56號電線桿邊)"}},{"type":"Feature","geometry":{"type":"Point","coordinates":[121.560318,25.024458]},"properties":{"site_name":"台北市行無礙資源推廣協會","tel":"(02)25994649","address":"吳興街284巷22弄92號(黎雙公園)人行道","full_address":"臺北市信義區吳興街284巷22弄92號(黎雙公園)人行道","resolved_county":"臺北市","resolved_district":"信義區","service_type":"回收","item":"舊衣類","taipei_oldcloth_approval_no":"568","taipei_oldcloth_remark":"","data_source":"臺北市舊衣回收核准名冊(CSV)","geocode_ok":true,"geocode_provider":"google","geocode_tier":"cache","geocode_query":"臺北市信義區吳興街284巷22弄92號(黎雙公園)人行道"}},{"type":"Feature","geometry":{"type":"Point","coordinates":[121.5241405,25.0185948]},"properties":{"site_name":"台北市行無礙資源推廣協會","tel":"(02)25994649","address":"水源路35巷與33巷口(守望相助亭)","full_address":"臺北市中正區水源路35巷與33巷口(守望相助亭)","resolved_county":"臺北市","resolved_district":"中正區","service_type":"回收","item":"舊衣類","taipei_oldcloth_approval_no":"569","taipei_oldcloth_remark":"","data_source":"臺北市舊衣回收核准名冊(CSV)","geocode_ok":true,"geocode_provider":"google","geocode_tier":"cache","geocode_query":"臺北市中正區水源路35巷與33巷口(守望相助亭)"}},{"type":"Feature","geometry":{"type":"Point","coordinates":[121.5826475,25.0508741]},"properties":{"site_name":"台北市行無礙資源推廣協會","tel":"(02)25994649","address":"東新街6-7號(玉東親民園旁)","full_address":"臺北市南港區東新街6-7號(玉東親民園旁)","resolved_county":"臺北市","resolved_district":"南港區","service_type":"回收","item":"舊衣類","taipei_oldcloth_approval_no":"570","taipei_oldcloth_remark":"","data_source":"臺北市舊衣回收核准名冊(CSV)","geocode_ok":true,"geocode_provider":"google","geocode_tier":"cache","geocode_query":"臺北市南港區東新街6-7號(玉東親民園旁)"}},{"type":"Feature","geometry":{"type":"Point","coordinates":[121.5719304,25.0445967]},"properties":{"site_name":"台北市行無礙資源推廣協會","tel":"(02)25994649","address":"松信路96號邊變電箱","full_address":"臺北市信義區松信路96號邊變電箱","resolved_county":"臺北市","resolved_district":"信義區","service_type":"回收","item":"舊衣類","taipei_oldcloth_approval_no":"571","taipei_oldcloth_remark":"","data_source":"臺北市舊衣回收核准名冊(CSV)","geocode_ok":true,"geocode_provider":"google","geocode_tier":"cache","geocode_query":"臺北市信義區松信路96號邊變電箱"}},{"type":"Feature","geometry":{"type":"Point","coordinates":[121.5611126,25.0299732]},"properties":{"site_name":"台北市行無礙資源推廣協會","tel":"(02)25994649","address":"吳興街118號旁","full_address":"臺北市信義區吳興街118號旁","resolved_county":"臺北市","resolved_district":"信義區","service_type":"回收","item":"舊衣類","taipei_oldcloth_approval_no":"572","taipei_oldcloth_remark":"","data_source":"臺北市舊衣回收核准名冊(CSV)","geocode_ok":true,"geocode_provider":"google","geocode_tier":"cache","geocode_query":"臺北市信義區吳興街118號旁"}},{"type":"Feature","geometry":{"type":"Point","coordinates":[121.5808293,25.0516694]},"properties":{"site_name":"台北市行無礙資源推廣協會","tel":"(02)25994649","address":"南港路3段338號","full_address":"臺北市南港區南港路3段338號","resolved_county":"臺北市","resolved_district":"南港區","service_type":"回收","item":"舊衣類","taipei_oldcloth_approval_no":"573","taipei_oldcloth_remark":"","data_source":"臺北市舊衣回收核准名冊(CSV)","geocode_ok":true,"geocode_provider":"google","geocode_tier":"cache","geocode_query":"臺北市南港區南港路3段338號"}},{"type":"Feature","geometry":{"type":"Point","coordinates":[121.6134733,25.0480667]},"properties":{"site_name":"台北市行無礙資源推廣協會","tel":"(02)25994649","address":"研究院路2段12巷57弄口","full_address":"臺北市南港區研究院路2段12巷57弄口","resolved_county":"臺北市","resolved_district":"南港區","service_type":"回收","item":"舊衣類","taipei_oldcloth_approval_no":"574","taipei_oldcloth_remark":"","data_source":"臺北市舊衣回收核准名冊(CSV)","geocode_ok":true,"geocode_provider":"google","geocode_tier":"cache","geocode_query":"臺北市南港區研究院路2段12巷57弄口"}},{"type":"Feature","geometry":{"type":"Point","coordinates":[121.5664635,24.9999068]},"properties":{"site_name":"台北市行無礙資源推廣協會","tel":"(02)25994649","address":"萬利街4號旁","full_address":"臺北市文山區萬利街4號旁","resolved_county":"臺北市","resolved_district":"文山區","service_type":"回收","item":"舊衣類","taipei_oldcloth_approval_no":"575","taipei_oldcloth_remark":"","data_source":"臺北市舊衣回收核准名冊(CSV)","geocode_ok":true,"geocode_provider":"google","geocode_tier":"cache","geocode_query":"臺北市文山區萬利街4號旁"}},{"type":"Feature","geometry":{"type":"Point","coordinates":[121.5091506,25.0273527]},"properties":{"site_name":"台北市行無礙資源推廣協會","tel":"(02)25994649","address":"詔安街157號對面","full_address":"臺北市中正區詔安街157號對面","resolved_county":"臺北市","resolved_district":"中正區","service_type":"回收","item":"舊衣類","taipei_oldcloth_approval_no":"576","taipei_oldcloth_remark":"","data_source":"臺北市舊衣回收核准名冊(CSV)","geocode_ok":true,"geocode_provider":"google","geocode_tier":"cache","geocode_query":"臺北市中正區詔安街157號對面"}},{"type":"Feature","geometry":{"type":"Point","coordinates":[121.602302,25.0869249]},"properties":{"site_name":"台北市行無礙資源推廣協會","tel":"(02)25994649","address":"大湖山莊街151巷底（土地公廟前）","full_address":"臺北市內湖區大湖山莊街151巷底（土地公廟前）","resolved_county":"臺北市","resolved_district":"內湖區","service_type":"回收","item":"舊衣類","taipei_oldcloth_approval_no":"577","taipei_oldcloth_remark":"","data_source":"臺北市舊衣回收核准名冊(CSV)","geocode_ok":true,"geocode_provider":"google","geocode_tier":"cache","geocode_query":"臺北市內湖區大湖山莊街151巷底（土地公廟前）"}},{"type":"Feature","geometry":{"type":"Point","coordinates":[121.5820846,25.0787408]},"properties":{"site_name":"台北市行無礙資源推廣協會","tel":"(02)25994649","address":"文德路73號（內湖路2段122巷）","full_address":"臺北市內湖區文德路73號（內湖路2段122巷）","resolved_county":"臺北市","resolved_district":"內湖區","service_type":"回收","item":"舊衣類","taipei_oldcloth_approval_no":"578","taipei_oldcloth_remark":"","data_source":"臺北市舊衣回收核准名冊(CSV)","geocode_ok":true,"geocode_provider":"google","geocode_tier":"cache","geocode_query":"臺北市內湖區文德路73號（內湖路2段122巷）"}},{"type":"Feature","geometry":{"type":"Point","coordinates":[121.5655123,25.0029432]},"properties":{"site_name":"台北市行無礙資源推廣協會","tel":"(02)25994649","address":"萬寧街36巷公車站牌旁","full_address":"臺北市文山區萬寧街36巷公車站牌旁","resolved_county":"臺北市","resolved_district":"文山區","service_type":"回收","item":"舊衣類","taipei_oldcloth_approval_no":"579","taipei_oldcloth_remark":"","data_source":"臺北市舊衣回收核准名冊(CSV)","geocode_ok":true,"geocode_provider":"google","geocode_tier":"cache","geocode_query":"臺北市文山區萬寧街36巷公車站牌旁"}},{"type":"Feature","geometry":{"type":"Point","coordinates":[121.5277545,25.0628239]},"properties":{"site_name":"台北市彩虹心服務協會","tel":"(02)25060676","address":"新生北路1段108之2號","full_address":"臺北市中山區新生北路1段108之2號","resolved_county":"臺北市","resolved_district":"中山區","service_type":"回收","item":"舊衣類","taipei_oldcloth_approval_no":"587","taipei_oldcloth_remark":"","data_source":"臺北市舊衣回收核准名冊(CSV)","geocode_ok":true,"geocode_provider":"google","geocode_tier":"cache","geocode_query":"臺北市中山區新生北路1段108之2號"}},{"type":"Feature","geometry":{"type":"Point","coordinates":[121.5281004,25.0523164]},"properties":{"site_name":"台北市彩虹心服務協會","tel":"(02)25060676","address":"南京東路1段132巷和林森北路159巷交叉口","full_address":"臺北市中山區南京東路1段132巷和林森北路159巷交叉口","resolved_county":"臺北市","resolved_district":"中山區","service_type":"回收","item":"舊衣類","taipei_oldcloth_approval_no":"588","taipei_oldcloth_remark":"","data_source":"臺北市舊衣回收核准名冊(CSV)","geocode_ok":true,"geocode_provider":"google","geocode_tier":"cache","geocode_query":"臺北市中山區南京東路1段132巷和林森北路159巷交叉口"}},{"type":"Feature","geometry":{"type":"Point","coordinates":[121.5182189,25.0535429]},"properties":{"site_name":"台北市彩虹心服務協會","tel":"(02)25060676","address":"承德路2段1巷6號 (建成公園邊)","full_address":"臺北市大同區承德路2段1巷6號 (建成公園邊)","resolved_county":"臺北市","resolved_district":"大同區","service_type":"回收","item":"舊衣類","taipei_oldcloth_approval_no":"589","taipei_oldcloth_remark":"","data_source":"臺北市舊衣回收核准名冊(CSV)","geocode_ok":true,"geocode_provider":"google","geocode_tier":"cache","geocode_query":"臺北市大同區承德路2段1巷6號 (建成公園邊)"}},{"type":"Feature","geometry":{"type":"Point","coordinates":[121.5108961,25.0625175]},"properties":{"site_name":"台北市彩虹心服務協會","tel":"(02)25060676","address":"延平北路圓環邊(延平北路2段286之1號對面)","full_address":"臺北市大同區延平北路圓環邊(延平北路2段286之1號對面)","resolved_county":"臺北市","resolved_district":"大同區","service_type":"回收","item":"舊衣類","taipei_oldcloth_approval_no":"590","taipei_oldcloth_remark":"","data_source":"臺北市舊衣回收核准名冊(CSV)","geocode_ok":true,"geocode_provider":"google","geocode_tier":"cache","geocode_query":"臺北市大同區延平北路圓環邊(延平北路2段286之1號對面)"}},{"type":"Feature","geometry":{"type":"Point","coordinates":[121.5100164,25.0605386]},"properties":{"site_name":"台北市彩虹心服務協會","tel":"(02)25060676","address":"涼州街96號對面電箱旁","full_address":"臺北市大同區涼州街96號對面電箱旁","resolved_county":"臺北市","resolved_district":"大同區","service_type":"回收","item":"舊衣類","taipei_oldcloth_approval_no":"591","taipei_oldcloth_remark":"","data_source":"臺北市舊衣回收核准名冊(CSV)","geocode_ok":true,"geocode_provider":"google","geocode_tier":"cache","geocode_query":"臺北市大同區涼州街96號對面電箱旁"}},{"type":"Feature","geometry":{"type":"Point","coordinates":[121.5103463,25.0586103]},"properties":{"site_name":"台北市彩虹心服務協會","tel":"(02)25060676","address":"民樂街167巷電線桿旁(大稻埕公園邊)","full_address":"臺北市大同區民樂街167巷電線桿旁(大稻埕公園邊)","resolved_county":"臺北市","resolved_district":"大同區","service_type":"回收","item":"舊衣類","taipei_oldcloth_approval_no":"592","taipei_oldcloth_remark":"","data_source":"臺北市舊衣回收核准名冊(CSV)","geocode_ok":true,"geocode_provider":"google","geocode_tier":"cache","geocode_query":"臺北市大同區民樂街167巷電線桿旁(大稻埕公園邊)"}},{"type":"Feature","geometry":{"type":"Point","coordinates":[121.5182509,25.0726536]},"properties":{"site_name":"台北市彩虹心服務協會","tel":"(02)25060676","address":"哈密街68巷電箱旁","full_address":"臺北市大同區哈密街68巷電箱旁","resolved_county":"臺北市","resolved_district":"大同區","service_type":"回收","item":"舊衣類","taipei_oldcloth_approval_no":"593","taipei_oldcloth_remark":"","data_source":"臺北市舊衣回收核准名冊(CSV)","geocode_ok":true,"geocode_provider":"google","geocode_tier":"cache","geocode_query":"臺北市大同區哈密街68巷電箱旁"}},{"type":"Feature","geometry":{"type":"Point","coordinates":[121.517366,25.074519]},"properties":{"site_name":"台北市彩虹心服務協會","tel":"(02)25060676","address":"哈密街45巷11號對面轉角","full_address":"臺北市大同區哈密街45巷11號對面轉角","resolved_county":"臺北市","resolved_district":"大同區","service_type":"回收","item":"舊衣類","taipei_oldcloth_approval_no":"594","taipei_oldcloth_remark":"","data_source":"臺北市舊衣回收核准名冊(CSV)","geocode_ok":true,"geocode_provider":"google","geocode_tier":"cache","geocode_query":"臺北市大同區哈密街45巷11號對面轉角"}},{"type":"Feature","geometry":{"type":"Point","coordinates":[121.5117835,25.0712725]},"properties":{"site_name":"台北市彩虹心服務協會","tel":"(02)25060676","address":"迪化街2段290號對面邊","full_address":"臺北市大同區迪化街2段290號對面邊","resolved_county":"臺北市","resolved_district":"大同區","service_type":"回收","item":"舊衣類","taipei_oldcloth_approval_no":"595","taipei_oldcloth_remark":"","data_source":"臺北市舊衣回收核准名冊(CSV)","geocode_ok":true,"geocode_provider":"google","geocode_tier":"cache","geocode_query":"臺北市大同區迪化街2段290號對面邊"}},{"type":"Feature","geometry":{"type":"Point","coordinates":[121.5128472,25.0711723]},"properties":{"site_name":"台北市彩虹心服務協會","tel":"(02)25060676","address":"重慶北路3段252巷20號的對面電箱","full_address":"臺北市大同區重慶北路3段252巷20號的對面電箱","resolved_county":"臺北市","resolved_district":"大同區","service_type":"回收","item":"舊衣類","taipei_oldcloth_approval_no":"596","taipei_oldcloth_remark":"","data_source":"臺北市舊衣回收核准名冊(CSV)","geocode_ok":true,"geocode_provider":"google","geocode_tier":"cache","geocode_query":"臺北市大同區重慶北路3段252巷20號的對面電箱"}},{"type":"Feature","geometry":{"type":"Point","coordinates":[121.5121573,25.0551549]},"properties":{"site_name":"台北市彩虹心服務協會","tel":"(02)25060676","address":"延平北路2段43巷內","full_address":"臺北市大同區延平北路2段43巷內","resolved_county":"臺北市","resolved_district":"大同區","service_type":"回收","item":"舊衣類","taipei_oldcloth_approval_no":"597","taipei_oldcloth_remark":"","data_source":"臺北市舊衣回收核准名冊(CSV)","geocode_ok":true,"geocode_provider":"google","geocode_tier":"cache","geocode_query":"臺北市大同區延平北路2段43巷內"}},{"type":"Feature","geometry":{"type":"Point","coordinates":[121.5138158,25.0552017]},"properties":{"site_name":"台北市彩虹心服務協會","tel":"(02)25060676","address":"重慶北路2段46巷6號旁","full_address":"臺北市大同區重慶北路2段46巷6號旁","resolved_county":"臺北市","resolved_district":"大同區","service_type":"回收","item":"舊衣類","taipei_oldcloth_approval_no":"598","taipei_oldcloth_remark":"","data_source":"臺北市舊衣回收核准名冊(CSV)","geocode_ok":true,"geocode_provider":"google","geocode_tier":"cache","geocode_query":"臺北市大同區重慶北路2段46巷6號旁"}},{"type":"Feature","geometry":{"type":"Point","coordinates":[121.5118846,25.0732643]},"properties":{"site_name":"台北市彩虹心服務協會","tel":"(02)25060676","address":"迪化街2段364巷25弄口對面牆邊","full_address":"臺北市大同區迪化街2段364巷25弄口對面牆邊","resolved_county":"臺北市","resolved_district":"大同區","service_type":"回收","item":"舊衣類","taipei_oldcloth_approval_no":"599","taipei_oldcloth_remark":"","data_source":"臺北市舊衣回收核准名冊(CSV)","geocode_ok":true,"geocode_provider":"google","geocode_tier":"cache","geocode_query":"臺北市大同區迪化街2段364巷25弄口對面牆邊"}},{"type":"Feature","geometry":{"type":"Point","coordinates":[121.515054,25.058325]},"properties":{"site_name":"台北市彩虹心服務協會","tel":"(02)25060676","address":"寧夏路84號旁牆邊","full_address":"臺北市大同區寧夏路84號旁牆邊","resolved_county":"臺北市","resolved_district":"大同區","service_type":"回收","item":"舊衣類","taipei_oldcloth_approval_no":"600","taipei_oldcloth_remark":"","data_source":"臺北市舊衣回收核准名冊(CSV)","geocode_ok":true,"geocode_provider":"google","geocode_tier":"cache","geocode_query":"臺北市大同區寧夏路84號旁牆邊"}},{"type":"Feature","geometry":{"type":"Point","coordinates":[121.534692,25.0395423]},"properties":{"site_name":"台北市彩虹心服務協會","tel":"(02)25060676","address":"仁愛路3段5巷3弄18號對面公園","full_address":"臺北市大安區仁愛路3段5巷3弄18號對面公園","resolved_county":"臺北市","resolved_district":"大安區","service_type":"回收","item":"舊衣類","taipei_oldcloth_approval_no":"601","taipei_oldcloth_remark":"","data_source":"臺北市舊衣回收核准名冊(CSV)","geocode_ok":true,"geocode_provider":"google","geocode_tier":"cache","geocode_query":"臺北市大安區仁愛路3段5巷3弄18號對面公園"}},{"type":"Feature","geometry":{"type":"Point","coordinates":[121.5083338,25.0543651]},"properties":{"site_name":"台北市彩虹心服務協會","tel":"(02)25060676","address":"貴德街45號路燈下","full_address":"臺北市大同區貴德街45號路燈下","resolved_county":"臺北市","resolved_district":"大同區","service_type":"回收","item":"舊衣類","taipei_oldcloth_approval_no":"602","taipei_oldcloth_remark":"","data_source":"臺北市舊衣回收核准名冊(CSV)","geocode_ok":true,"geocode_provider":"google","geocode_tier":"cache","geocode_query":"臺北市大同區貴德街45號路燈下"}},{"type":"Feature","geometry":{"type":"Point","coordinates":[121.5209737,25.0260892]},"properties":{"site_name":"台北市彩虹心服務協會","tel":"(02)25060676","address":"晉江街4巷4號對面","full_address":"臺北市中正區晉江街4巷4號對面","resolved_county":"臺北市","resolved_district":"中正區","service_type":"回收","item":"舊衣類","taipei_oldcloth_approval_no":"603","taipei_oldcloth_remark":"","data_source":"臺北市舊衣回收核准名冊(CSV)","geocode_ok":true,"geocode_provider":"google","geocode_tier":"cache","geocode_query":"臺北市中正區晉江街4巷4號對面"}},{"type":"Feature","geometry":{"type":"Point","coordinates":[121.521198,25.0246978]},"properties":{"site_name":"台北市彩虹心服務協會","tel":"(02)25060676","address":"同安街28巷10號牆邊","full_address":"臺北市中正區同安街28巷10號牆邊","resolved_county":"臺北市","resolved_district":"中正區","service_type":"回收","item":"舊衣類","taipei_oldcloth_approval_no":"604","taipei_oldcloth_remark":"","data_source":"臺北市舊衣回收核准名冊(CSV)","geocode_ok":true,"geocode_provider":"google","geocode_tier":"cache","geocode_query":"臺北市中正區同安街28巷10號牆邊"}},{"type":"Feature","geometry":{"type":"Point","coordinates":[121.5220858,25.0247375]},"properties":{"site_name":"台北市彩虹心服務協會","tel":"(02)25060676","address":"牯嶺街95巷與同安街28巷交叉口（聖道堂電箱旁)","full_address":"臺北市中正區牯嶺街95巷與同安街28巷交叉口（聖道堂電箱旁)","resolved_county":"臺北市","resolved_district":"中正區","service_type":"回收","item":"舊衣類","taipei_oldcloth_approval_no":"606","taipei_oldcloth_remark":"","data_source":"臺北市舊衣回收核准名冊(CSV)","geocode_ok":true,"geocode_provider":"google","geocode_tier":"cache","geocode_query":"臺北市中正區牯嶺街95巷與同安街28巷交叉口（聖道堂電箱旁)"}},{"type":"Feature","geometry":{"type":"Point","coordinates":[121.508806,25.057693]},"properties":{"site_name":"台北市彩虹心服務協會","tel":"(02)25060676","address":"民生西路423巷25號","full_address":"臺北市大同區民生西路423巷25號","resolved_county":"臺北市","resolved_district":"大同區","service_type":"回收","item":"舊衣類","taipei_oldcloth_approval_no":"607","taipei_oldcloth_remark":"","data_source":"臺北市舊衣回收核准名冊(CSV)","geocode_ok":true,"geocode_provider":"google","geocode_tier":"cache","geocode_query":"臺北市大同區民生西路423巷25號"}},{"type":"Feature","geometry":{"type":"Point","coordinates":[121.5499082,25.0211526]},"properties":{"site_name":"台北市彩虹心服務協會","tel":"(02)25060676","address":"樂業街72巷27號對面","full_address":"臺北市大安區樂業街72巷27號對面","resolved_county":"臺北市","resolved_district":"大安區","service_type":"回收","item":"舊衣類","taipei_oldcloth_approval_no":"608","taipei_oldcloth_remark":"","data_source":"臺北市舊衣回收核准名冊(CSV)","geocode_ok":true,"geocode_provider":"google","geocode_tier":"cache","geocode_query":"臺北市大安區樂業街72巷27號對面"}},{"type":"Feature","geometry":{"type":"Point","coordinates":[121.508,25.0564722]},"properties":{"site_name":"台北市彩虹心服務協會","tel":"(02)25060676","address":"民生西路與民生西路423巷機車停車位旁","full_address":"臺北市大同區民生西路與民生西路423巷機車停車位旁","resolved_county":"臺北市","resolved_district":"大同區","service_type":"回收","item":"舊衣類","taipei_oldcloth_approval_no":"609","taipei_oldcloth_remark":"","data_source":"臺北市舊衣回收核准名冊(CSV)","geocode_ok":true,"geocode_provider":"google","geocode_tier":"cache","geocode_query":"臺北市大同區民生西路與民生西路423巷機車停車位旁"}},{"type":"Feature","geometry":{"type":"Point","coordinates":[121.5097314,25.0769649]},"properties":{"site_name":"台北市彩虹心服務協會","tel":"(02)25060676","address":"敦煌路205號旁邊的電箱旁","full_address":"臺北市大同區敦煌路205號旁邊的電箱旁","resolved_county":"臺北市","resolved_district":"大同區","service_type":"回收","item":"舊衣類","taipei_oldcloth_approval_no":"610","taipei_oldcloth_remark":"","data_source":"臺北市舊衣回收核准名冊(CSV)","geocode_ok":true,"geocode_provider":"google","geocode_tier":"cache","geocode_query":"臺北市大同區敦煌路205號旁邊的電箱旁"}},{"type":"Feature","geometry":{"type":"Point","coordinates":[121.5229819,25.0214904]},"properties":{"site_name":"台北市史懷哲慈善會","tel":"(02)25429529","address":"金門街26號旁","full_address":"臺北市中正區金門街26號旁","resolved_county":"臺北市","resolved_district":"中正區","service_type":"回收","item":"舊衣類","taipei_oldcloth_approval_no":"616","taipei_oldcloth_remark":"","data_source":"臺北市舊衣回收核准名冊(CSV)","geocode_ok":true,"geocode_provider":"google","geocode_tier":"cache","geocode_query":"臺北市中正區金門街26號旁"}},{"type":"Feature","geometry":{"type":"Point","coordinates":[121.5673864,25.0493015]},"properties":{"site_name":"台北市史懷哲慈善會","tel":"(02)25429529","address":"八德路4段335號旁","full_address":"臺北市松山區八德路4段335號旁","resolved_county":"臺北市","resolved_district":"松山區","service_type":"回收","item":"舊衣類","taipei_oldcloth_approval_no":"618","taipei_oldcloth_remark":"","data_source":"臺北市舊衣回收核准名冊(CSV)","geocode_ok":true,"geocode_provider":"google","geocode_tier":"cache","geocode_query":"臺北市松山區八德路4段335號旁"}},{"type":"Feature","geometry":{"type":"Point","coordinates":[121.5659762,25.0572424]},"properties":{"site_name":"台北市史懷哲慈善會","tel":"(02)25429529","address":"延壽街101號前","full_address":"臺北市松山區延壽街101號前","resolved_county":"臺北市","resolved_district":"松山區","service_type":"回收","item":"舊衣類","taipei_oldcloth_approval_no":"620","taipei_oldcloth_remark":"","data_source":"臺北市舊衣回收核准名冊(CSV)","geocode_ok":true,"geocode_provider":"google","geocode_tier":"cache","geocode_query":"臺北市松山區延壽街101號前"}},{"type":"Feature","geometry":{"type":"Point","coordinates":[121.5653792,25.0555845]},"properties":{"site_name":"台北市史懷哲慈善會","tel":"(02)25429529","address":"延壽街72巷8-3號對面","full_address":"臺北市松山區延壽街72巷8-3號對面","resolved_county":"臺北市","resolved_district":"松山區","service_type":"回收","item":"舊衣類","taipei_oldcloth_approval_no":"621","taipei_oldcloth_remark":"","data_source":"臺北市舊衣回收核准名冊(CSV)","geocode_ok":true,"geocode_provider":"google","geocode_tier":"cache","geocode_query":"臺北市松山區延壽街72巷8-3號對面"}},{"type":"Feature","geometry":{"type":"Point","coordinates":[121.5192402,25.0711358]},"properties":{"site_name":"台北市史懷哲慈善會","tel":"(02)25429529","address":"承德路3段247巷口","full_address":"臺北市大同區承德路3段247巷口","resolved_county":"臺北市","resolved_district":"大同區","service_type":"回收","item":"舊衣類","taipei_oldcloth_approval_no":"622","taipei_oldcloth_remark":"","data_source":"臺北市舊衣回收核准名冊(CSV)","geocode_ok":true,"geocode_provider":"google","geocode_tier":"cache","geocode_query":"臺北市大同區承德路3段247巷口"}},{"type":"Feature","geometry":{"type":"Point","coordinates":[121.5561885,25.047887]},"properties":{"site_name":"台北市史懷哲慈善會","tel":"(02)25429529","address":"八德路3段194號旁","full_address":"臺北市松山區八德路3段194號旁","resolved_county":"臺北市","resolved_district":"松山區","service_type":"回收","item":"舊衣類","taipei_oldcloth_approval_no":"623","taipei_oldcloth_remark":"","data_source":"臺北市舊衣回收核准名冊(CSV)","geocode_ok":true,"geocode_provider":"google","geocode_tier":"cache","geocode_query":"臺北市松山區八德路3段194號旁"}},{"type":"Feature","geometry":{"type":"Point","coordinates":[121.5452448,24.9962827]},"properties":{"site_name":"台北市史懷哲慈善會","tel":"(02)25429529","address":"景興路67巷8號對面","full_address":"臺北市文山區景興路67巷8號對面","resolved_county":"臺北市","resolved_district":"文山區","service_type":"回收","item":"舊衣類","taipei_oldcloth_approval_no":"624","taipei_oldcloth_remark":"","data_source":"臺北市舊衣回收核准名冊(CSV)","geocode_ok":true,"geocode_provider":"google","geocode_tier":"cache","geocode_query":"臺北市文山區景興路67巷8號對面"}},{"type":"Feature","geometry":{"type":"Point","coordinates":[121.6172429,25.0772115]},"properties":{"site_name":"台北市史懷哲慈善會","tel":"(02)25429529","address":"安泰街125巷口對面山壁邊","full_address":"臺北市內湖區安泰街125巷口對面山壁邊","resolved_county":"臺北市","resolved_district":"內湖區","service_type":"回收","item":"舊衣類","taipei_oldcloth_approval_no":"625","taipei_oldcloth_remark":"","data_source":"臺北市舊衣回收核准名冊(CSV)","geocode_ok":true,"geocode_provider":"google","geocode_tier":"cache","geocode_query":"臺北市內湖區安泰街125巷口對面山壁邊"}},{"type":"Feature","geometry":{"type":"Point","coordinates":[121.538043,25.084918]},"properties":{"site_name":"台北市史懷哲慈善會","tel":"(02)25429529","address":"通北街143號公布欄旁","full_address":"臺北市中山區通北街143號公布欄旁","resolved_county":"臺北市","resolved_district":"中山區","service_type":"回收","item":"舊衣類","taipei_oldcloth_approval_no":"626","taipei_oldcloth_remark":"","data_source":"臺北市舊衣回收核准名冊(CSV)","geocode_ok":true,"geocode_provider":"google","geocode_tier":"cache","geocode_query":"臺北市中山區通北街143號公布欄旁"}},{"type":"Feature","geometry":{"type":"Point","coordinates":[121.5378317,25.0835576]},"properties":{"site_name":"台北市史懷哲慈善會","tel":"(02)25429529","address":"通北街124巷","full_address":"臺北市中山區通北街124巷","resolved_county":"臺北市","resolved_district":"中山區","service_type":"回收","item":"舊衣類","taipei_oldcloth_approval_no":"627","taipei_oldcloth_remark":"","data_source":"臺北市舊衣回收核准名冊(CSV)","geocode_ok":true,"geocode_provider":"google","geocode_tier":"cache","geocode_query":"臺北市中山區通北街124巷"}},{"type":"Feature","geometry":{"type":"Point","coordinates":[121.5244945,25.039111]},"properties":{"site_name":"台北市史懷哲慈善會","tel":"(02)25429529","address":"丹陽街16號前變電箱旁","full_address":"臺北市中正區丹陽街16號前變電箱旁","resolved_county":"臺北市","resolved_district":"中正區","service_type":"回收","item":"舊衣類","taipei_oldcloth_approval_no":"628","taipei_oldcloth_remark":"","data_source":"臺北市舊衣回收核准名冊(CSV)","geocode_ok":true,"geocode_provider":"google","geocode_tier":"cache","geocode_query":"臺北市中正區丹陽街16號前變電箱旁"}},{"type":"Feature","geometry":{"type":"Point","coordinates":[121.4936868,25.1453267]},"properties":{"site_name":"臺北市私立育成裕民發展中心","tel":"(02)27068686","address":"中和街525巷口公告欄旁","full_address":"臺北市北投區中和街525巷口公告欄旁","resolved_county":"臺北市","resolved_district":"北投區","service_type":"回收","item":"舊衣類","taipei_oldcloth_approval_no":"647","taipei_oldcloth_remark":"","data_source":"臺北市舊衣回收核准名冊(CSV)","geocode_ok":true,"geocode_provider":"google","geocode_tier":"cache","geocode_query":"臺北市北投區中和街525巷口公告欄旁"}},{"type":"Feature","geometry":{"type":"Point","coordinates":[121.4989677,25.1404884]},"properties":{"site_name":"臺北市私立育成裕民發展中心","tel":"(02)27068686","address":"文化3路101號後側欄杆旁","full_address":"臺北市北投區文化3路101號後側欄杆旁","resolved_county":"臺北市","resolved_district":"北投區","service_type":"回收","item":"舊衣類","taipei_oldcloth_approval_no":"648","taipei_oldcloth_remark":"","data_source":"臺北市舊衣回收核准名冊(CSV)","geocode_ok":true,"geocode_provider":"google","geocode_tier":"cache","geocode_query":"臺北市北投區文化3路101號後側欄杆旁"}},{"type":"Feature","geometry":{"type":"Point","coordinates":[121.5198428,25.1142209]},"properties":{"site_name":"臺北市私立育成裕民發展中心","tel":"(02)27068686","address":"榮華3路與懷德街口","full_address":"臺北市北投區榮華3路與懷德街口","resolved_county":"臺北市","resolved_district":"北投區","service_type":"回收","item":"舊衣類","taipei_oldcloth_approval_no":"649","taipei_oldcloth_remark":"","data_source":"臺北市舊衣回收核准名冊(CSV)","geocode_ok":true,"geocode_provider":"google","geocode_tier":"cache","geocode_query":"臺北市北投區榮華3路與懷德街口"}},{"type":"Feature","geometry":{"type":"Point","coordinates":[121.5117427,24.9932593]},"properties":{"site_name":"臺北市身心障礙者創業發展協會","tel":"(02)27068686","address":"安和路1段109巷底電信設備邊","full_address":"臺北市大安區安和路1段109巷底電信設備邊","resolved_county":"臺北市","resolved_district":"大安區","service_type":"回收","item":"舊衣類","taipei_oldcloth_approval_no":"1280","taipei_oldcloth_remark":"","data_source":"臺北市舊衣回收核准名冊(CSV)","geocode_ok":true,"geocode_provider":"google","geocode_tier":"cache","geocode_query":"臺北市大安區安和路1段109巷底電信設備邊"}},{"type":"Feature","geometry":{"type":"Point","coordinates":[121.5524455,25.0282372]},"properties":{"site_name":"臺北市私立育成裕民發展中心","tel":"(02)27068686","address":"樂利路11巷32號通化街交會處","full_address":"臺北市大安區樂利路11巷32號通化街交會處","resolved_county":"臺北市","resolved_district":"大安區","service_type":"回收","item":"舊衣類","taipei_oldcloth_approval_no":"651","taipei_oldcloth_remark":"","data_source":"臺北市舊衣回收核准名冊(CSV)","geocode_ok":true,"geocode_provider":"google","geocode_tier":"cache","geocode_query":"臺北市大安區樂利路11巷32號通化街交會處"}},{"type":"Feature","geometry":{"type":"Point","coordinates":[121.545757,25.020739]},"properties":{"site_name":"臺北市私立育成裕民發展中心","tel":"(02)27068686","address":"辛亥路3段55號(大安運動中心前)","full_address":"臺北市大安區辛亥路3段55號(大安運動中心前)","resolved_county":"臺北市","resolved_district":"大安區","service_type":"回收","item":"舊衣類","taipei_oldcloth_approval_no":"653","taipei_oldcloth_remark":"","data_source":"臺北市舊衣回收核准名冊(CSV)","geocode_ok":true,"geocode_provider":"google","geocode_tier":"cache","geocode_query":"臺北市大安區辛亥路3段55號(大安運動中心前)"}},{"type":"Feature","geometry":{"type":"Point","coordinates":[121.5483743,25.0461743]},"properties":{"site_name":"臺北市私立育成裕民發展中心","tel":"(02)27068686","address":"敦化南路1段100巷9號對面","full_address":"臺北市松山區敦化南路1段100巷9號對面","resolved_county":"臺北市","resolved_district":"松山區","service_type":"回收","item":"舊衣類","taipei_oldcloth_approval_no":"654","taipei_oldcloth_remark":"","data_source":"臺北市舊衣回收核准名冊(CSV)","geocode_ok":true,"geocode_provider":"google","geocode_tier":"cache","geocode_query":"臺北市松山區敦化南路1段100巷9號對面"}},{"type":"Feature","geometry":{"type":"Point","coordinates":[121.5506704,25.0166069]},"properties":{"site_name":"臺北市私立育成裕民發展中心","tel":"(02)27068686","address":"臥龍街188巷42-3號對面臥龍公園角落旁","full_address":"臺北市大安區臥龍街188巷42-3號對面臥龍公園角落旁","resolved_county":"臺北市","resolved_district":"大安區","service_type":"回收","item":"舊衣類","taipei_oldcloth_approval_no":"655","taipei_oldcloth_remark":"","data_source":"臺北市舊衣回收核准名冊(CSV)","geocode_ok":true,"geocode_provider":"google","geocode_tier":"cache","geocode_query":"臺北市大安區臥龍街188巷42-3號對面臥龍公園角落旁"}},{"type":"Feature","geometry":{"type":"Point","coordinates":[121.5064295,25.1160346]},"properties":{"site_name":"臺北市私立育成裕民發展中心","tel":"(02)27068686","address":"承德路7段280巷6弄7號對面","full_address":"臺北市北投區承德路7段280巷6弄7號對面","resolved_county":"臺北市","resolved_district":"北投區","service_type":"回收","item":"舊衣類","taipei_oldcloth_approval_no":"656","taipei_oldcloth_remark":"","data_source":"臺北市舊衣回收核准名冊(CSV)","geocode_ok":true,"geocode_provider":"google","geocode_tier":"cache","geocode_query":"臺北市北投區承德路7段280巷6弄7號對面"}},{"type":"Feature","geometry":{"type":"Point","coordinates":[121.5479187,25.0236577]},"properties":{"site_name":"臺北市私立育成裕民發展中心","tel":"(02)27068686","address":"敦化南路2段172巷8弄5號","full_address":"臺北市大安區敦化南路2段172巷8弄5號","resolved_county":"臺北市","resolved_district":"大安區","service_type":"回收","item":"舊衣類","taipei_oldcloth_approval_no":"657","taipei_oldcloth_remark":"","data_source":"臺北市舊衣回收核准名冊(CSV)","geocode_ok":true,"geocode_provider":"google","geocode_tier":"cache","geocode_query":"臺北市大安區敦化南路2段172巷8弄5號"}},{"type":"Feature","geometry":{"type":"Point","coordinates":[121.5050011,25.1180456]},"properties":{"site_name":"臺北市私立育成裕民發展中心","tel":"(02)27068686","address":"吉利街58巷2號對面","full_address":"臺北市北投區吉利街58巷2號對面","resolved_county":"臺北市","resolved_district":"北投區","service_type":"回收","item":"舊衣類","taipei_oldcloth_approval_no":"658","taipei_oldcloth_remark":"","data_source":"臺北市舊衣回收核准名冊(CSV)","geocode_ok":true,"geocode_provider":"google","geocode_tier":"cache","geocode_query":"臺北市北投區吉利街58巷2號對面"}},{"type":"Feature","geometry":{"type":"Point","coordinates":[121.552779,25.0181036]},"properties":{"site_name":"臺北市私立育成裕民發展中心","tel":"(02)27068686","address":"臥龍街199號里公告欄旁","full_address":"臺北市大安區臥龍街199號里公告欄旁","resolved_county":"臺北市","resolved_district":"大安區","service_type":"回收","item":"舊衣類","taipei_oldcloth_approval_no":"659","taipei_oldcloth_remark":"","data_source":"臺北市舊衣回收核准名冊(CSV)","geocode_ok":true,"geocode_provider":"google","geocode_tier":"cache","geocode_query":"臺北市大安區臥龍街199號里公告欄旁"}},{"type":"Feature","geometry":{"type":"Point","coordinates":[121.4468558,25.0401111]},"properties":{"site_name":"臺北市私立育成裕民發展中心","tel":"(02)27068686","address":"和興街44巷口","full_address":"臺北市文山區和興街44巷口","resolved_county":"臺北市","resolved_district":"文山區","service_type":"回收","item":"舊衣類","taipei_oldcloth_approval_no":"660","taipei_oldcloth_remark":"","data_source":"臺北市舊衣回收核准名冊(CSV)","geocode_ok":true,"geocode_provider":"google","geocode_tier":"cache","geocode_query":"臺北市文山區和興街44巷口"}},{"type":"Feature","geometry":{"type":"Point","coordinates":[121.541382,24.9959387]},"properties":{"site_name":"臺北市私立育成裕民發展中心","tel":"(02)27068686","address":"羅斯福路6段159巷9號3福街交叉口","full_address":"臺北市文山區羅斯福路6段159巷9號3福街交叉口","resolved_county":"臺北市","resolved_district":"文山區","service_type":"回收","item":"舊衣類","taipei_oldcloth_approval_no":"661","taipei_oldcloth_remark":"","data_source":"臺北市舊衣回收核准名冊(CSV)","geocode_ok":true,"geocode_provider":"google","geocode_tier":"cache","geocode_query":"臺北市文山區羅斯福路6段159巷9號3福街交叉口"}},{"type":"Feature","geometry":{"type":"Point","coordinates":[121.562989,24.9843327]},"properties":{"site_name":"臺北市私立育成裕民發展中心","tel":"(02)27068686","address":"忠順街2段22號超市旁","full_address":"臺北市文山區忠順街2段22號超市旁","resolved_county":"臺北市","resolved_district":"文山區","service_type":"回收","item":"舊衣類","taipei_oldcloth_approval_no":"662","taipei_oldcloth_remark":"","data_source":"臺北市舊衣回收核准名冊(CSV)","geocode_ok":true,"geocode_provider":"google","geocode_tier":"cache","geocode_query":"臺北市文山區忠順街2段22號超市旁"}},{"type":"Feature","geometry":{"type":"Point","coordinates":[121.538082,24.9998942]},"properties":{"site_name":"臺北市私立育成裕民發展中心","tel":"(02)27068686","address":"景福街54巷5弄2號旁","full_address":"臺北市文山區景福街54巷5弄2號旁","resolved_county":"臺北市","resolved_district":"文山區","service_type":"回收","item":"舊衣類","taipei_oldcloth_approval_no":"663","taipei_oldcloth_remark":"","data_source":"臺北市舊衣回收核准名冊(CSV)","geocode_ok":true,"geocode_provider":"google","geocode_tier":"cache","geocode_query":"臺北市文山區景福街54巷5弄2號旁"}},{"type":"Feature","geometry":{"type":"Point","coordinates":[121.5402724,25.1022622]},"properties":{"site_name":"臺北市私立育成裕民發展中心","tel":"(02)27068686","address":"陽明山仰德大道1段91巷旁","full_address":"臺北市士林區陽明山仰德大道1段91巷旁","resolved_county":"臺北市","resolved_district":"士林區","service_type":"回收","item":"舊衣類","taipei_oldcloth_approval_no":"664","taipei_oldcloth_remark":"","data_source":"臺北市舊衣回收核准名冊(CSV)","geocode_ok":true,"geocode_provider":"google","geocode_tier":"cache","geocode_query":"臺北市士林區陽明山仰德大道1段91巷旁"}},{"type":"Feature","geometry":{"type":"Point","coordinates":[121.5476161,25.0215341]},"properties":{"site_name":"臺北市私立育成裕民發展中心","tel":"(02)27068686","address":"臥龍街62號對面","full_address":"臺北市大安區臥龍街62號對面","resolved_county":"臺北市","resolved_district":"大安區","service_type":"回收","item":"舊衣類","taipei_oldcloth_approval_no":"665","taipei_oldcloth_remark":"","data_source":"臺北市舊衣回收核准名冊(CSV)","geocode_ok":true,"geocode_provider":"google","geocode_tier":"cache","geocode_query":"臺北市大安區臥龍街62號對面"}},{"type":"Feature","geometry":{"type":"Point","coordinates":[121.5145933,25.0290503]},"properties":{"site_name":"臺北市私立育成裕民發展中心","tel":"(02)27068686","address":"泉州街39號對面","full_address":"臺北市中正區泉州街39號對面","resolved_county":"臺北市","resolved_district":"中正區","service_type":"回收","item":"舊衣類","taipei_oldcloth_approval_no":"667","taipei_oldcloth_remark":"","data_source":"臺北市舊衣回收核准名冊(CSV)","geocode_ok":true,"geocode_provider":"google","geocode_tier":"cache","geocode_query":"臺北市中正區泉州街39號對面"}},{"type":"Feature","geometry":{"type":"Point","coordinates":[121.5282084,25.0417783]},"properties":{"site_name":"臺北市私立育成裕民發展中心","tel":"(02)27068686","address":"齊東街66號前(齊東公園外圍電箱旁)","full_address":"臺北市中正區齊東街66號前(齊東公園外圍電箱旁)","resolved_county":"臺北市","resolved_district":"中正區","service_type":"回收","item":"舊衣類","taipei_oldcloth_approval_no":"668","taipei_oldcloth_remark":"","data_source":"臺北市舊衣回收核准名冊(CSV)","geocode_ok":true,"geocode_provider":"google","geocode_tier":"cache","geocode_query":"臺北市中正區齊東街66號前(齊東公園外圍電箱旁)"}},{"type":"Feature","geometry":{"type":"Point","coordinates":[121.5221803,25.1114165]},"properties":{"site_name":"臺北市私立育成裕民發展中心","tel":"(02)27068686","address":"明德路188巷口電機箱旁","full_address":"臺北市北投區明德路188巷口電機箱旁","resolved_county":"臺北市","resolved_district":"北投區","service_type":"回收","item":"舊衣類","taipei_oldcloth_approval_no":"670","taipei_oldcloth_remark":"","data_source":"臺北市舊衣回收核准名冊(CSV)","geocode_ok":true,"geocode_provider":"google","geocode_tier":"cache","geocode_query":"臺北市北投區明德路188巷口電機箱旁"}},{"type":"Feature","geometry":{"type":"Point","coordinates":[121.5436317,25.0220246]},"properties":{"site_name":"臺北市私立育成裕民發展中心","tel":"(02)27068686","address":"復興南路2段389號旁","full_address":"臺北市大安區復興南路2段389號旁","resolved_county":"臺北市","resolved_district":"大安區","service_type":"回收","item":"舊衣類","taipei_oldcloth_approval_no":"671","taipei_oldcloth_remark":"","data_source":"臺北市舊衣回收核准名冊(CSV)","geocode_ok":true,"geocode_provider":"google","geocode_tier":"cache","geocode_query":"臺北市大安區復興南路2段389號旁"}},{"type":"Feature","geometry":{"type":"Point","coordinates":[121.5507562,25.0287568]},"properties":{"site_name":"臺北市私立育成裕民發展中心","tel":"(02)27068686","address":"安和路2段141號前","full_address":"臺北市大安區安和路2段141號前","resolved_county":"臺北市","resolved_district":"大安區","service_type":"回收","item":"舊衣類","taipei_oldcloth_approval_no":"672","taipei_oldcloth_remark":"","data_source":"臺北市舊衣回收核准名冊(CSV)","geocode_ok":true,"geocode_provider":"google","geocode_tier":"cache","geocode_query":"臺北市大安區安和路2段141號前"}},{"type":"Feature","geometry":{"type":"Point","coordinates":[121.517444,25.0705909]},"properties":{"site_name":"臺北市私立育成裕民發展中心","tel":"(02)27068686","address":"承德路3段208巷17號巷口路燈下","full_address":"臺北市大同區承德路3段208巷17號巷口路燈下","resolved_county":"臺北市","resolved_district":"大同區","service_type":"回收","item":"舊衣類","taipei_oldcloth_approval_no":"673","taipei_oldcloth_remark":"","data_source":"臺北市舊衣回收核准名冊(CSV)","geocode_ok":true,"geocode_provider":"google","geocode_tier":"cache","geocode_query":"臺北市大同區承德路3段208巷17號巷口路燈下"}},{"type":"Feature","geometry":{"type":"Point","coordinates":[121.5014236,25.0231497]},"properties":{"site_name":"臺北市私立育成裕民發展中心","tel":"(02)27068686","address":"長泰街2號","full_address":"臺北市萬華區長泰街2號","resolved_county":"臺北市","resolved_district":"萬華區","service_type":"回收","item":"舊衣類","taipei_oldcloth_approval_no":"674","taipei_oldcloth_remark":"","data_source":"臺北市舊衣回收核准名冊(CSV)","geocode_ok":true,"geocode_provider":"google","geocode_tier":"cache","geocode_query":"臺北市萬華區長泰街2號"}},{"type":"Feature","geometry":{"type":"Point","coordinates":[121.571308,25.10787]},"properties":{"site_name":"臺北市私立育成裕民發展中心","tel":"(02)27068686","address":"中社路1段61巷公車站旁","full_address":"臺北市士林區中社路1段61巷公車站旁","resolved_county":"臺北市","resolved_district":"士林區","service_type":"回收","item":"舊衣類","taipei_oldcloth_approval_no":"675","taipei_oldcloth_remark":"","data_source":"臺北市舊衣回收核准名冊(CSV)","geocode_ok":true,"geocode_provider":"google","geocode_tier":"cache","geocode_query":"臺北市士林區中社路1段61巷公車站旁"}},{"type":"Feature","geometry":{"type":"Point","coordinates":[121.5089132,25.0534486]},"properties":{"site_name":"台北市中風之友康復協會","tel":"(02)27644061","address":"南京西路293巷旁","full_address":"臺北市大同區南京西路293巷旁","resolved_county":"臺北市","resolved_district":"大同區","service_type":"回收","item":"舊衣類","taipei_oldcloth_approval_no":"676","taipei_oldcloth_remark":"","data_source":"臺北市舊衣回收核准名冊(CSV)","geocode_ok":true,"geocode_provider":"google","geocode_tier":"cache","geocode_query":"臺北市大同區南京西路293巷旁"}},{"type":"Feature","geometry":{"type":"Point","coordinates":[121.5179887,25.0278045]},"properties":{"site_name":"台北市中風之友康復協會","tel":"(02)27644061","address":"牯嶺街60巷口旁人行道","full_address":"臺北市中正區牯嶺街60巷口旁人行道","resolved_county":"臺北市","resolved_district":"中正區","service_type":"回收","item":"舊衣類","taipei_oldcloth_approval_no":"677","taipei_oldcloth_remark":"","data_source":"臺北市舊衣回收核准名冊(CSV)","geocode_ok":true,"geocode_provider":"google","geocode_tier":"cache","geocode_query":"臺北市中正區牯嶺街60巷口旁人行道"}},{"type":"Feature","geometry":{"type":"Point","coordinates":[121.5470087,25.0376162]},"properties":{"site_name":"台北市中風之友康復協會","tel":"(02)27644061","address":"仁愛路4段48巷與大安路1段175巷口","full_address":"臺北市大安區仁愛路4段48巷與大安路1段175巷口","resolved_county":"臺北市","resolved_district":"大安區","service_type":"回收","item":"舊衣類","taipei_oldcloth_approval_no":"679","taipei_oldcloth_remark":"","data_source":"臺北市舊衣回收核准名冊(CSV)","geocode_ok":true,"geocode_provider":"google","geocode_tier":"cache","geocode_query":"臺北市大安區仁愛路4段48巷與大安路1段175巷口"}},{"type":"Feature","geometry":{"type":"Point","coordinates":[121.521747,25.0264368]},"properties":{"site_name":"台北市中風之友康復協會","tel":"(02)27644061","address":"南昌路2段1巷口","full_address":"臺北市中正區南昌路2段1巷口","resolved_county":"臺北市","resolved_district":"中正區","service_type":"回收","item":"舊衣類","taipei_oldcloth_approval_no":"680","taipei_oldcloth_remark":"","data_source":"臺北市舊衣回收核准名冊(CSV)","geocode_ok":true,"geocode_provider":"google","geocode_tier":"cache","geocode_query":"臺北市中正區南昌路2段1巷口"}},{"type":"Feature","geometry":{"type":"Point","coordinates":[121.520103,25.0275068]},"properties":{"site_name":"台北市中風之友康復協會","tel":"(02)27644061","address":"南昌路2段42巷口","full_address":"臺北市中正區南昌路2段42巷口","resolved_county":"臺北市","resolved_district":"中正區","service_type":"回收","item":"舊衣類","taipei_oldcloth_approval_no":"681","taipei_oldcloth_remark":"","data_source":"臺北市舊衣回收核准名冊(CSV)","geocode_ok":true,"geocode_provider":"google","geocode_tier":"cache","geocode_query":"臺北市中正區南昌路2段42巷口"}},{"type":"Feature","geometry":{"type":"Point","coordinates":[121.511146,25.0269395]},"properties":{"site_name":"台北市中風之友康復協會","tel":"(02)27644061","address":"汀州路1段與三元街口","full_address":"臺北市中正區汀州路1段與三元街口","resolved_county":"臺北市","resolved_district":"中正區","service_type":"回收","item":"舊衣類","taipei_oldcloth_approval_no":"682","taipei_oldcloth_remark":"","data_source":"臺北市舊衣回收核准名冊(CSV)","geocode_ok":true,"geocode_provider":"google","geocode_tier":"cache","geocode_query":"臺北市中正區汀州路1段與三元街口"}},{"type":"Feature","geometry":{"type":"Point","coordinates":[121.5796719,25.0465148]},"properties":{"site_name":"台北市中風之友康復協會","tel":"(02)27644061","address":"永吉路491巷9弄32號對面","full_address":"臺北市信義區永吉路491巷9弄32號對面","resolved_county":"臺北市","resolved_district":"信義區","service_type":"回收","item":"舊衣類","taipei_oldcloth_approval_no":"683","taipei_oldcloth_remark":"","data_source":"臺北市舊衣回收核准名冊(CSV)","geocode_ok":true,"geocode_provider":"google","geocode_tier":"cache","geocode_query":"臺北市信義區永吉路491巷9弄32號對面"}},{"type":"Feature","geometry":{"type":"Point","coordinates":[121.5805622,25.0476644]},"properties":{"site_name":"台北市中風之友康復協會","tel":"(02)27644061","address":"中坡北路與松山路119巷口","full_address":"臺北市信義區中坡北路與松山路119巷口","resolved_county":"臺北市","resolved_district":"信義區","service_type":"回收","item":"舊衣類","taipei_oldcloth_approval_no":"684","taipei_oldcloth_remark":"","data_source":"臺北市舊衣回收核准名冊(CSV)","geocode_ok":true,"geocode_provider":"google","geocode_tier":"cache","geocode_query":"臺北市信義區中坡北路與松山路119巷口"}},{"type":"Feature","geometry":{"type":"Point","coordinates":[121.5433783,25.0249441]},"properties":{"site_name":"台北市中風之友康復協會","tel":"(02)27644061","address":"?州街18-3號對面","full_address":"臺北市大安區?州街18-3號對面","resolved_county":"臺北市","resolved_district":"大安區","service_type":"回收","item":"舊衣類","taipei_oldcloth_approval_no":"685","taipei_oldcloth_remark":"","data_source":"臺北市舊衣回收核准名冊(CSV)","geocode_ok":true,"geocode_provider":"google","geocode_tier":"cache","geocode_query":"臺北市大安區?州街18-3號對面"}},{"type":"Feature","geometry":{"type":"Point","coordinates":[121.5601039,24.9896142]},"properties":{"site_name":"台北市中風之友康復協會","tel":"(02)27644061","address":"興隆路4段57巷口","full_address":"臺北市文山區興隆路4段57巷口","resolved_county":"臺北市","resolved_district":"文山區","service_type":"回收","item":"舊衣類","taipei_oldcloth_approval_no":"686","taipei_oldcloth_remark":"","data_source":"臺北市舊衣回收核准名冊(CSV)","geocode_ok":true,"geocode_provider":"google","geocode_tier":"cache","geocode_query":"臺北市文山區興隆路4段57巷口"}},{"type":"Feature","geometry":{"type":"Point","coordinates":[121.5624169,24.9906864]},"properties":{"site_name":"台北市中風之友康復協會","tel":"(02)27644061","address":"木柵路2段109巷25弄口","full_address":"臺北市文山區木柵路2段109巷25弄口","resolved_county":"臺北市","resolved_district":"文山區","service_type":"回收","item":"舊衣類","taipei_oldcloth_approval_no":"687","taipei_oldcloth_remark":"","data_source":"臺北市舊衣回收核准名冊(CSV)","geocode_ok":true,"geocode_provider":"google","geocode_tier":"cache","geocode_query":"臺北市文山區木柵路2段109巷25弄口"}},{"type":"Feature","geometry":{"type":"Point","coordinates":[121.5581246,24.9852093]},"properties":{"site_name":"台北市中風之友康復協會","tel":"(02)27644061","address":"光輝路132號對面巷口","full_address":"臺北市文山區光輝路132號對面巷口","resolved_county":"臺北市","resolved_district":"文山區","service_type":"回收","item":"舊衣類","taipei_oldcloth_approval_no":"688","taipei_oldcloth_remark":"","data_source":"臺北市舊衣回收核准名冊(CSV)","geocode_ok":true,"geocode_provider":"google","geocode_tier":"cache","geocode_query":"臺北市文山區光輝路132號對面巷口"}},{"type":"Feature","geometry":{"type":"Point","coordinates":[121.5597427,24.9954644]},"properties":{"site_name":"台北市中風之友康復協會","tel":"(02)27644061","address":"興隆路3段298巷與304巷交叉口","full_address":"臺北市文山區興隆路3段298巷與304巷交叉口","resolved_county":"臺北市","resolved_district":"文山區","service_type":"回收","item":"舊衣類","taipei_oldcloth_approval_no":"689","taipei_oldcloth_remark":"","data_source":"臺北市舊衣回收核准名冊(CSV)","geocode_ok":true,"geocode_provider":"google","geocode_tier":"cache","geocode_query":"臺北市文山區興隆路3段298巷與304巷交叉口"}},{"type":"Feature","geometry":{"type":"Point","coordinates":[121.5433189,24.9927163]},"properties":{"site_name":"台北市中風之友康復協會","tel":"(02)27644061","address":"景中街與景後街口","full_address":"臺北市文山區景中街與景後街口","resolved_county":"臺北市","resolved_district":"文山區","service_type":"回收","item":"舊衣類","taipei_oldcloth_approval_no":"690","taipei_oldcloth_remark":"","data_source":"臺北市舊衣回收核准名冊(CSV)","geocode_ok":true,"geocode_provider":"google","geocode_tier":"cache","geocode_query":"臺北市文山區景中街與景後街口"}},{"type":"Feature","geometry":{"type":"Point","coordinates":[121.5406308,25.0541879]},"properties":{"site_name":"台北市中風之友康復協會","tel":"(02)27644061","address":"遼寧街右轉龍江路155巷口路燈桿與機車停車格間","full_address":"臺北市中山區遼寧街右轉龍江路155巷口路燈桿與機車停車格間","resolved_county":"臺北市","resolved_district":"中山區","service_type":"回收","item":"舊衣類","taipei_oldcloth_approval_no":"691","taipei_oldcloth_remark":"","data_source":"臺北市舊衣回收核准名冊(CSV)","geocode_ok":true,"geocode_provider":"google","geocode_tier":"cache","geocode_query":"臺北市中山區遼寧街右轉龍江路155巷口路燈桿與機車停車格間"}},{"type":"Feature","geometry":{"type":"Point","coordinates":[121.5546381,25.031998]},"properties":{"site_name":"台北市中風之友康復協會","tel":"(02)27644061","address":"文昌街210巷8號旁","full_address":"臺北市大安區文昌街210巷8號旁","resolved_county":"臺北市","resolved_district":"大安區","service_type":"回收","item":"舊衣類","taipei_oldcloth_approval_no":"692","taipei_oldcloth_remark":"","data_source":"臺北市舊衣回收核准名冊(CSV)","geocode_ok":true,"geocode_provider":"google","geocode_tier":"cache","geocode_query":"臺北市大安區文昌街210巷8號旁"}},{"type":"Feature","geometry":{"type":"Point","coordinates":[121.5384616,25.0542716]},"properties":{"site_name":"台北市中風之友康復協會","tel":"(02)27644061","address":"長春路258巷2弄口","full_address":"臺北市中山區長春路258巷2弄口","resolved_county":"臺北市","resolved_district":"中山區","service_type":"回收","item":"舊衣類","taipei_oldcloth_approval_no":"693","taipei_oldcloth_remark":"","data_source":"臺北市舊衣回收核准名冊(CSV)","geocode_ok":true,"geocode_provider":"google","geocode_tier":"cache","geocode_query":"臺北市中山區長春路258巷2弄口"}},{"type":"Feature","geometry":{"type":"Point","coordinates":[121.5298284,25.0421441]},"properties":{"site_name":"台北市中風之友康復協會","tel":"(02)27644061","address":"臨沂街8巷口","full_address":"臺北市中正區臨沂街8巷口","resolved_county":"臺北市","resolved_district":"中正區","service_type":"回收","item":"舊衣類","taipei_oldcloth_approval_no":"694","taipei_oldcloth_remark":"","data_source":"臺北市舊衣回收核准名冊(CSV)","geocode_ok":true,"geocode_provider":"google","geocode_tier":"cache","geocode_query":"臺北市中正區臨沂街8巷口"}},{"type":"Feature","geometry":{"type":"Point","coordinates":[121.5300998,25.0406295]},"properties":{"site_name":"台北市中風之友康復協會","tel":"(02)27644061","address":"濟南路2段與臨沂街口","full_address":"臺北市中正區濟南路2段與臨沂街口","resolved_county":"臺北市","resolved_district":"中正區","service_type":"回收","item":"舊衣類","taipei_oldcloth_approval_no":"695","taipei_oldcloth_remark":"","data_source":"臺北市舊衣回收核准名冊(CSV)","geocode_ok":true,"geocode_provider":"google","geocode_tier":"cache","geocode_query":"臺北市中正區濟南路2段與臨沂街口"}},{"type":"Feature","geometry":{"type":"Point","coordinates":[121.5196186,25.0429702]},"properties":{"site_name":"台北市中風之友康復協會","tel":"(02)27644061","address":"濟南路2段與忠東路2段134巷口","full_address":"臺北市中正區濟南路2段與忠東路2段134巷口","resolved_county":"臺北市","resolved_district":"中正區","service_type":"回收","item":"舊衣類","taipei_oldcloth_approval_no":"696","taipei_oldcloth_remark":"","data_source":"臺北市舊衣回收核准名冊(CSV)","geocode_ok":true,"geocode_provider":"google","geocode_tier":"cache","geocode_query":"臺北市中正區濟南路2段與忠東路2段134巷口"}},{"type":"Feature","geometry":{"type":"Point","coordinates":[121.5321906,25.0390485]},"properties":{"site_name":"台北市中風之友康復協會","tel":"(02)27644061","address":"濟南路2段62巷與120巷口","full_address":"臺北市中正區濟南路2段62巷與120巷口","resolved_county":"臺北市","resolved_district":"中正區","service_type":"回收","item":"舊衣類","taipei_oldcloth_approval_no":"697","taipei_oldcloth_remark":"","data_source":"臺北市舊衣回收核准名冊(CSV)","geocode_ok":true,"geocode_provider":"google","geocode_tier":"cache","geocode_query":"臺北市中正區濟南路2段62巷與120巷口"}},{"type":"Feature","geometry":{"type":"Point","coordinates":[121.5304297,25.0391649]},"properties":{"site_name":"台北市中風之友康復協會","tel":"(02)27644061","address":"仁愛路2段65巷與臨沂街45巷","full_address":"臺北市中正區仁愛路2段65巷與臨沂街45巷","resolved_county":"臺北市","resolved_district":"中正區","service_type":"回收","item":"舊衣類","taipei_oldcloth_approval_no":"698","taipei_oldcloth_remark":"","data_source":"臺北市舊衣回收核准名冊(CSV)","geocode_ok":true,"geocode_provider":"google","geocode_tier":"cache","geocode_query":"臺北市中正區仁愛路2段65巷與臨沂街45巷"}},{"type":"Feature","geometry":{"type":"Point","coordinates":[121.542141,25.0560819]},"properties":{"site_name":"台北市中風之友康復協會","tel":"(02)27644061","address":"興安街與遼寧街口","full_address":"臺北市中山區興安街與遼寧街口","resolved_county":"臺北市","resolved_district":"中山區","service_type":"回收","item":"舊衣類","taipei_oldcloth_approval_no":"699","taipei_oldcloth_remark":"","data_source":"臺北市舊衣回收核准名冊(CSV)","geocode_ok":true,"geocode_provider":"google","geocode_tier":"cache","geocode_query":"臺北市中山區興安街與遼寧街口"}},{"type":"Feature","geometry":{"type":"Point","coordinates":[121.5869386,25.0692019]},"properties":{"site_name":"臺北市惠盲教育學會","tel":"(02)25530253","address":"民權東路6段47巷10弄口(電箱旁)","full_address":"臺北市內湖區民權東路6段47巷10弄口(電箱旁)","resolved_county":"臺北市","resolved_district":"內湖區","service_type":"回收","item":"舊衣類","taipei_oldcloth_approval_no":"726","taipei_oldcloth_remark":"","data_source":"臺北市舊衣回收核准名冊(CSV)","geocode_ok":true,"geocode_provider":"google","geocode_tier":"cache","geocode_query":"臺北市內湖區民權東路6段47巷10弄口(電箱旁)"}},{"type":"Feature","geometry":{"type":"Point","coordinates":[121.5260945,25.1115655]},"properties":{"site_name":"臺北市惠盲教育學會","tel":"(02)25530253","address":"中山北路6段346號對面公園電箱旁","full_address":"臺北市士林區中山北路6段346號對面公園電箱旁","resolved_county":"臺北市","resolved_district":"士林區","service_type":"回收","item":"舊衣類","taipei_oldcloth_approval_no":"727","taipei_oldcloth_remark":"","data_source":"臺北市舊衣回收核准名冊(CSV)","geocode_ok":true,"geocode_provider":"google","geocode_tier":"cache","geocode_query":"臺北市士林區中山北路6段346號對面公園電箱旁"}},{"type":"Feature","geometry":{"type":"Point","coordinates":[121.532398,25.118896]},"properties":{"site_name":"臺北市惠盲教育學會","tel":"(02)25530253","address":"中山北路7段14巷19號左邊電信箱旁","full_address":"臺北市士林區中山北路7段14巷19號左邊電信箱旁","resolved_county":"臺北市","resolved_district":"士林區","service_type":"回收","item":"舊衣類","taipei_oldcloth_approval_no":"728","taipei_oldcloth_remark":"","data_source":"臺北市舊衣回收核准名冊(CSV)","geocode_ok":true,"geocode_provider":"google","geocode_tier":"cache","geocode_query":"臺北市士林區中山北路7段14巷19號左邊電信箱旁"}},{"type":"Feature","geometry":{"type":"Point","coordinates":[121.5331197,25.1197328]},"properties":{"site_name":"臺北市惠盲教育學會","tel":"(02)25530253","address":"中山北路7段14巷41號對面兩支電桿中間","full_address":"臺北市士林區中山北路7段14巷41號對面兩支電桿中間","resolved_county":"臺北市","resolved_district":"士林區","service_type":"回收","item":"舊衣類","taipei_oldcloth_approval_no":"729","taipei_oldcloth_remark":"","data_source":"臺北市舊衣回收核准名冊(CSV)","geocode_ok":true,"geocode_provider":"google","geocode_tier":"cache","geocode_query":"臺北市士林區中山北路7段14巷41號對面兩支電桿中間"}},{"type":"Feature","geometry":{"type":"Point","coordinates":[121.5327399,25.1320758]},"properties":{"site_name":"臺北市惠盲教育學會","tel":"(02)25530253","address":"中山北路7段219巷口","full_address":"臺北市士林區中山北路7段219巷口","resolved_county":"臺北市","resolved_district":"士林區","service_type":"回收","item":"舊衣類","taipei_oldcloth_approval_no":"730","taipei_oldcloth_remark":"","data_source":"臺北市舊衣回收核准名冊(CSV)","geocode_ok":true,"geocode_provider":"google","geocode_tier":"cache","geocode_query":"臺北市士林區中山北路7段219巷口"}},{"type":"Feature","geometry":{"type":"Point","coordinates":[121.519665,25.0816399]},"properties":{"site_name":"臺北市惠盲教育學會","tel":"(02)25530253","address":"通河街179巷1號右邊電信箱旁","full_address":"臺北市士林區通河街179巷1號右邊電信箱旁","resolved_county":"臺北市","resolved_district":"士林區","service_type":"回收","item":"舊衣類","taipei_oldcloth_approval_no":"731","taipei_oldcloth_remark":"","data_source":"臺北市舊衣回收核准名冊(CSV)","geocode_ok":true,"geocode_provider":"google","geocode_tier":"cache","geocode_query":"臺北市士林區通河街179巷1號右邊電信箱旁"}},{"type":"Feature","geometry":{"type":"Point","coordinates":[121.5899504,25.0707111]},"properties":{"site_name":"臺北市惠盲教育學會","tel":"(02)25530253","address":"成功路2段404號左邊電箱旁","full_address":"臺北市內湖區成功路2段404號左邊電箱旁","resolved_county":"臺北市","resolved_district":"內湖區","service_type":"回收","item":"舊衣類","taipei_oldcloth_approval_no":"733","taipei_oldcloth_remark":"","data_source":"臺北市舊衣回收核准名冊(CSV)","geocode_ok":true,"geocode_provider":"google","geocode_tier":"cache","geocode_query":"臺北市內湖區成功路2段404號左邊電箱旁"}},{"type":"Feature","geometry":{"type":"Point","coordinates":[121.5067251,25.0896305]},"properties":{"site_name":"臺北市惠盲教育學會","tel":"(02)25530253","address":"延平北路6段156號對面","full_address":"臺北市士林區延平北路6段156號對面","resolved_county":"臺北市","resolved_district":"士林區","service_type":"回收","item":"舊衣類","taipei_oldcloth_approval_no":"734","taipei_oldcloth_remark":"","data_source":"臺北市舊衣回收核准名冊(CSV)","geocode_ok":true,"geocode_provider":"google","geocode_tier":"cache","geocode_query":"臺北市士林區延平北路6段156號對面"}},{"type":"Feature","geometry":{"type":"Point","coordinates":[121.5086575,25.0262632]},"properties":{"site_name":"臺北市惠盲教育學會","tel":"(02)25530253","address":"中華路2段409巷口","full_address":"臺北市中正區中華路2段409巷口","resolved_county":"臺北市","resolved_district":"中正區","service_type":"回收","item":"舊衣類","taipei_oldcloth_approval_no":"735","taipei_oldcloth_remark":"","data_source":"臺北市舊衣回收核准名冊(CSV)","geocode_ok":true,"geocode_provider":"google","geocode_tier":"cache","geocode_query":"臺北市中正區中華路2段409巷口"}},{"type":"Feature","geometry":{"type":"Point","coordinates":[121.5074306,25.0269428]},"properties":{"site_name":"臺北市惠盲教育學會","tel":"(02)25530253","address":"南海路140號對面","full_address":"臺北市中正區南海路140號對面","resolved_county":"臺北市","resolved_district":"中正區","service_type":"回收","item":"舊衣類","taipei_oldcloth_approval_no":"736","taipei_oldcloth_remark":"","data_source":"臺北市舊衣回收核准名冊(CSV)","geocode_ok":true,"geocode_provider":"google","geocode_tier":"cache","geocode_query":"臺北市中正區南海路140號對面"}},{"type":"Feature","geometry":{"type":"Point","coordinates":[121.5189254,25.0261786]},"properties":{"site_name":"臺北市惠盲教育學會","tel":"(02)25530253","address":"牯嶺街84巷口","full_address":"臺北市中正區牯嶺街84巷口","resolved_county":"臺北市","resolved_district":"中正區","service_type":"回收","item":"舊衣類","taipei_oldcloth_approval_no":"737","taipei_oldcloth_remark":"","data_source":"臺北市舊衣回收核准名冊(CSV)","geocode_ok":true,"geocode_provider":"google","geocode_tier":"cache","geocode_query":"臺北市中正區牯嶺街84巷口"}},{"type":"Feature","geometry":{"type":"Point","coordinates":[121.5191728,25.0229945]},"properties":{"site_name":"臺北市惠盲教育學會","tel":"(02)25530253","address":"牯嶺街141號對面電箱旁","full_address":"臺北市中正區牯嶺街141號對面電箱旁","resolved_county":"臺北市","resolved_district":"中正區","service_type":"回收","item":"舊衣類","taipei_oldcloth_approval_no":"738","taipei_oldcloth_remark":"","data_source":"臺北市舊衣回收核准名冊(CSV)","geocode_ok":true,"geocode_provider":"google","geocode_tier":"cache","geocode_query":"臺北市中正區牯嶺街141號對面電箱旁"}},{"type":"Feature","geometry":{"type":"Point","coordinates":[121.5480645,25.0012197]},"properties":{"site_name":"臺北市惠盲教育學會","tel":"(02)25530253","address":"興隆路2段153巷6弄1號對面電桿旁","full_address":"臺北市文山區興隆路2段153巷6弄1號對面電桿旁","resolved_county":"臺北市","resolved_district":"文山區","service_type":"回收","item":"舊衣類","taipei_oldcloth_approval_no":"739","taipei_oldcloth_remark":"","data_source":"臺北市舊衣回收核准名冊(CSV)","geocode_ok":true,"geocode_provider":"google","geocode_tier":"cache","geocode_query":"臺北市文山區興隆路2段153巷6弄1號對面電桿旁"}},{"type":"Feature","geometry":{"type":"Point","coordinates":[121.550161,25.001119]},"properties":{"site_name":"臺北市惠盲教育學會","tel":"(02)25530253","address":"興隆路2段215-2號牆邊","full_address":"臺北市文山區興隆路2段215-2號牆邊","resolved_county":"臺北市","resolved_district":"文山區","service_type":"回收","item":"舊衣類","taipei_oldcloth_approval_no":"740","taipei_oldcloth_remark":"","data_source":"臺北市舊衣回收核准名冊(CSV)","geocode_ok":true,"geocode_provider":"google","geocode_tier":"cache","geocode_query":"臺北市文山區興隆路2段215-2號牆邊"}},{"type":"Feature","geometry":{"type":"Point","coordinates":[121.5201008,25.0220471]},"properties":{"site_name":"臺北市惠盲教育學會","tel":"(02)25530253","address":"同安街86巷1-1號旁","full_address":"臺北市中正區同安街86巷1-1號旁","resolved_county":"臺北市","resolved_district":"中正區","service_type":"回收","item":"舊衣類","taipei_oldcloth_approval_no":"741","taipei_oldcloth_remark":"","data_source":"臺北市舊衣回收核准名冊(CSV)","geocode_ok":true,"geocode_provider":"google","geocode_tier":"cache","geocode_query":"臺北市中正區同安街86巷1-1號旁"}},{"type":"Feature","geometry":{"type":"Point","coordinates":[121.5173356,25.0221039]},"properties":{"site_name":"臺北市惠盲教育學會","tel":"(02)25530253","address":"廈門街154號旁","full_address":"臺北市中正區廈門街154號旁","resolved_county":"臺北市","resolved_district":"中正區","service_type":"回收","item":"舊衣類","taipei_oldcloth_approval_no":"742","taipei_oldcloth_remark":"","data_source":"臺北市舊衣回收核准名冊(CSV)","geocode_ok":true,"geocode_provider":"google","geocode_tier":"cache","geocode_query":"臺北市中正區廈門街154號旁"}},{"type":"Feature","geometry":{"type":"Point","coordinates":[121.5220017,25.0804033]},"properties":{"site_name":"臺北市惠盲教育學會","tel":"(02)25530253","address":"承德路4段28號旁(郵筒旁)","full_address":"臺北市士林區承德路4段28號旁(郵筒旁)","resolved_county":"臺北市","resolved_district":"士林區","service_type":"回收","item":"舊衣類","taipei_oldcloth_approval_no":"743","taipei_oldcloth_remark":"","data_source":"臺北市舊衣回收核准名冊(CSV)","geocode_ok":true,"geocode_provider":"google","geocode_tier":"cache","geocode_query":"臺北市士林區承德路4段28號旁(郵筒旁)"}},{"type":"Feature","geometry":{"type":"Point","coordinates":[121.5160222,25.0865818]},"properties":{"site_name":"台北市啟明權益促進會","tel":"(02)25530253","address":"通河東街1段105巷口迴轉道旁(106號斜對面)","full_address":"臺北市士林區通河東街1段105巷口迴轉道旁(106號斜對面)","resolved_county":"臺北市","resolved_district":"士林區","service_type":"回收","item":"舊衣類","taipei_oldcloth_approval_no":"744","taipei_oldcloth_remark":"","data_source":"臺北市舊衣回收核准名冊(CSV)","geocode_ok":true,"geocode_provider":"google","geocode_tier":"cache","geocode_query":"臺北市士林區通河東街1段105巷口迴轉道旁(106號斜對面)"}},{"type":"Feature","geometry":{"type":"Point","coordinates":[121.5182089,25.082645]},"properties":{"site_name":"臺北市惠盲教育學會","tel":"(02)25530253","address":"和豐街口與通河東街1段(電線桿旁)","full_address":"臺北市士林區和豐街口與通河東街1段(電線桿旁)","resolved_county":"臺北市","resolved_district":"士林區","service_type":"回收","item":"舊衣類","taipei_oldcloth_approval_no":"745","taipei_oldcloth_remark":"","data_source":"臺北市舊衣回收核准名冊(CSV)","geocode_ok":true,"geocode_provider":"google","geocode_tier":"cache","geocode_query":"臺北市士林區和豐街口與通河東街1段(電線桿旁)"}},{"type":"Feature","geometry":{"type":"Point","coordinates":[121.5203668,25.0223489]},"properties":{"site_name":"臺北市惠盲教育學會","tel":"(02)25530253","address":"同安街78號對面","full_address":"臺北市中正區同安街78號對面","resolved_county":"臺北市","resolved_district":"中正區","service_type":"回收","item":"舊衣類","taipei_oldcloth_approval_no":"747","taipei_oldcloth_remark":"","data_source":"臺北市舊衣回收核准名冊(CSV)","geocode_ok":true,"geocode_provider":"google","geocode_tier":"cache","geocode_query":"臺北市中正區同安街78號對面"}},{"type":"Feature","geometry":{"type":"Point","coordinates":[121.499545,25.0323099]},"properties":{"site_name":"臺北市惠盲教育學會","tel":"(02)25530253","address":"興寧街70號旁（天主教聖女小德蘭朝聖地旁）","full_address":"臺北市萬華區興寧街70號旁（天主教聖女小德蘭朝聖地旁）","resolved_county":"臺北市","resolved_district":"萬華區","service_type":"回收","item":"舊衣類","taipei_oldcloth_approval_no":"748","taipei_oldcloth_remark":"","data_source":"臺北市舊衣回收核准名冊(CSV)","geocode_ok":true,"geocode_provider":"google","geocode_tier":"cache","geocode_query":"臺北市萬華區興寧街70號旁（天主教聖女小德蘭朝聖地旁）"}},{"type":"Feature","geometry":{"type":"Point","coordinates":[121.5078679,25.046232]},"properties":{"site_name":"台北市失能者服務協會","tel":"(02)25429529","address":"開封街2段36號對面樹下","full_address":"臺北市萬華區開封街2段36號對面樹下","resolved_county":"臺北市","resolved_district":"萬華區","service_type":"回收","item":"舊衣類","taipei_oldcloth_approval_no":"751","taipei_oldcloth_remark":"","data_source":"臺北市舊衣回收核准名冊(CSV)","geocode_ok":true,"geocode_provider":"google","geocode_tier":"cache","geocode_query":"臺北市萬華區開封街2段36號對面樹下"}},{"type":"Feature","geometry":{"type":"Point","coordinates":[121.5050528,25.0466196]},"properties":{"site_name":"台北市失能者服務協會","tel":"(02)25429529","address":"漢口街2段83巷口","full_address":"臺北市萬華區漢口街2段83巷口","resolved_county":"臺北市","resolved_district":"萬華區","service_type":"回收","item":"舊衣類","taipei_oldcloth_approval_no":"752","taipei_oldcloth_remark":"","data_source":"臺北市舊衣回收核准名冊(CSV)","geocode_ok":true,"geocode_provider":"google","geocode_tier":"cache","geocode_query":"臺北市萬華區漢口街2段83巷口"}},{"type":"Feature","geometry":{"type":"Point","coordinates":[121.5000823,25.0399013]},"properties":{"site_name":"台北市失能者服務協會","tel":"(02)25429529","address":"西園路1段278號旁（寺前公園電信箱旁）","full_address":"臺北市萬華區西園路1段278號旁（寺前公園電信箱旁）","resolved_county":"臺北市","resolved_district":"萬華區","service_type":"回收","item":"舊衣類","taipei_oldcloth_approval_no":"753","taipei_oldcloth_remark":"","data_source":"臺北市舊衣回收核准名冊(CSV)","geocode_ok":true,"geocode_provider":"google","geocode_tier":"cache","geocode_query":"臺北市萬華區西園路1段278號旁（寺前公園電信箱旁）"}},{"type":"Feature","geometry":{"type":"Point","coordinates":[121.5177544,25.087479]},"properties":{"site_name":"台北市失能者服務協會","tel":"(02)25429529","address":"福港街152號後","full_address":"臺北市士林區福港街152號後","resolved_county":"臺北市","resolved_district":"士林區","service_type":"回收","item":"舊衣類","taipei_oldcloth_approval_no":"755","taipei_oldcloth_remark":"","data_source":"臺北市舊衣回收核准名冊(CSV)","geocode_ok":true,"geocode_provider":"google","geocode_tier":"cache","geocode_query":"臺北市士林區福港街152號後"}},{"type":"Feature","geometry":{"type":"Point","coordinates":[121.523119,25.0242324]},"properties":{"site_name":"台北市失能者服務協會","tel":"(02)25429529","address":"晉江街46之4號對面","full_address":"臺北市中正區晉江街46之4號對面","resolved_county":"臺北市","resolved_district":"中正區","service_type":"回收","item":"舊衣類","taipei_oldcloth_approval_no":"756","taipei_oldcloth_remark":"","data_source":"臺北市舊衣回收核准名冊(CSV)","geocode_ok":true,"geocode_provider":"google","geocode_tier":"cache","geocode_query":"臺北市中正區晉江街46之4號對面"}},{"type":"Feature","geometry":{"type":"Point","coordinates":[121.56896,25.0501543]},"properties":{"site_name":"台北市失能者服務協會","tel":"(02)25429529","address":"寶清街21號電箱旁","full_address":"臺北市松山區寶清街21號電箱旁","resolved_county":"臺北市","resolved_district":"松山區","service_type":"回收","item":"舊衣類","taipei_oldcloth_approval_no":"757","taipei_oldcloth_remark":"","data_source":"臺北市舊衣回收核准名冊(CSV)","geocode_ok":true,"geocode_provider":"google","geocode_tier":"cache","geocode_query":"臺北市松山區寶清街21號電箱旁"}},{"type":"Feature","geometry":{"type":"Point","coordinates":[121.497287,25.1309457]},"properties":{"site_name":"台北市失能者服務協會","tel":"(02)25429529","address":"大興街9巷對面","full_address":"臺北市北投區大興街9巷對面","resolved_county":"臺北市","resolved_district":"北投區","service_type":"回收","item":"舊衣類","taipei_oldcloth_approval_no":"758","taipei_oldcloth_remark":"","data_source":"臺北市舊衣回收核准名冊(CSV)","geocode_ok":true,"geocode_provider":"google","geocode_tier":"cache","geocode_query":"臺北市北投區大興街9巷對面"}},{"type":"Feature","geometry":{"type":"Point","coordinates":[121.5164739,25.1185466]},"properties":{"site_name":"台北市失能者服務協會","tel":"(02)25429529","address":"立農街2段294號對面","full_address":"臺北市北投區立農街2段294號對面","resolved_county":"臺北市","resolved_district":"北投區","service_type":"回收","item":"舊衣類","taipei_oldcloth_approval_no":"759","taipei_oldcloth_remark":"","data_source":"臺北市舊衣回收核准名冊(CSV)","geocode_ok":true,"geocode_provider":"google","geocode_tier":"cache","geocode_query":"臺北市北投區立農街2段294號對面"}},{"type":"Feature","geometry":{"type":"Point","coordinates":[121.501632,25.137583]},"properties":{"site_name":"台北市失能者服務協會","tel":"(02)25429529","address":"珠海路2號旁","full_address":"臺北市北投區珠海路2號旁","resolved_county":"臺北市","resolved_district":"北投區","service_type":"回收","item":"舊衣類","taipei_oldcloth_approval_no":"760","taipei_oldcloth_remark":"","data_source":"臺北市舊衣回收核准名冊(CSV)","geocode_ok":true,"geocode_provider":"google","geocode_tier":"cache","geocode_query":"臺北市北投區珠海路2號旁"}},{"type":"Feature","geometry":{"type":"Point","coordinates":[121.4988399,25.1423031]},"properties":{"site_name":"台北市失能者服務協會","tel":"(02)25429529","address":"中和街370巷口","full_address":"臺北市北投區中和街370巷口","resolved_county":"臺北市","resolved_district":"北投區","service_type":"回收","item":"舊衣類","taipei_oldcloth_approval_no":"761","taipei_oldcloth_remark":"","data_source":"臺北市舊衣回收核准名冊(CSV)","geocode_ok":true,"geocode_provider":"google","geocode_tier":"cache","geocode_query":"臺北市北投區中和街370巷口"}},{"type":"Feature","geometry":{"type":"Point","coordinates":[121.4975691,25.1442947]},"properties":{"site_name":"台北市失能者服務協會","tel":"(02)25429529","address":"中和街441巷口","full_address":"臺北市北投區中和街441巷口","resolved_county":"臺北市","resolved_district":"北投區","service_type":"回收","item":"舊衣類","taipei_oldcloth_approval_no":"762","taipei_oldcloth_remark":"","data_source":"臺北市舊衣回收核准名冊(CSV)","geocode_ok":true,"geocode_provider":"google","geocode_tier":"cache","geocode_query":"臺北市北投區中和街441巷口"}},{"type":"Feature","geometry":{"type":"Point","coordinates":[121.5240742,25.1216381]},"properties":{"site_name":"台北市失能者服務協會","tel":"(02)25429529","address":"石牌路2段324巷口","full_address":"臺北市北投區石牌路2段324巷口","resolved_county":"臺北市","resolved_district":"北投區","service_type":"回收","item":"舊衣類","taipei_oldcloth_approval_no":"764","taipei_oldcloth_remark":"","data_source":"臺北市舊衣回收核准名冊(CSV)","geocode_ok":true,"geocode_provider":"google","geocode_tier":"cache","geocode_query":"臺北市北投區石牌路2段324巷口"}},{"type":"Feature","geometry":{"type":"Point","coordinates":[121.5207642,25.1153205]},"properties":{"site_name":"台北市失能者服務協會","tel":"(02)25429529","address":"明德路309號對面","full_address":"臺北市北投區明德路309號對面","resolved_county":"臺北市","resolved_district":"北投區","service_type":"回收","item":"舊衣類","taipei_oldcloth_approval_no":"765","taipei_oldcloth_remark":"","data_source":"臺北市舊衣回收核准名冊(CSV)","geocode_ok":true,"geocode_provider":"google","geocode_tier":"cache","geocode_query":"臺北市北投區明德路309號對面"}},{"type":"Feature","geometry":{"type":"Point","coordinates":[121.5142764,25.1115573]},"properties":{"site_name":"台北市失能者服務協會","tel":"(02)25429529","address":"致遠一路1段21號","full_address":"臺北市北投區致遠一路1段21號","resolved_county":"臺北市","resolved_district":"北投區","service_type":"回收","item":"舊衣類","taipei_oldcloth_approval_no":"766","taipei_oldcloth_remark":"","data_source":"臺北市舊衣回收核准名冊(CSV)","geocode_ok":true,"geocode_provider":"google","geocode_tier":"cache","geocode_query":"臺北市北投區致遠一路1段21號"}},{"type":"Feature","geometry":{"type":"Point","coordinates":[121.5143728,25.1190813]},"properties":{"site_name":"台北市失能者服務協會","tel":"(02)25429529","address":"立農街2段257號旁","full_address":"臺北市北投區立農街2段257號旁","resolved_county":"臺北市","resolved_district":"北投區","service_type":"回收","item":"舊衣類","taipei_oldcloth_approval_no":"767","taipei_oldcloth_remark":"","data_source":"臺北市舊衣回收核准名冊(CSV)","geocode_ok":true,"geocode_provider":"google","geocode_tier":"cache","geocode_query":"臺北市北投區立農街2段257號旁"}},{"type":"Feature","geometry":{"type":"Point","coordinates":[121.508627,25.0854241]},"properties":{"site_name":"台北市失能者服務協會","tel":"(02)25429529","address":"延平北路5段257巷4弄口綠地旁","full_address":"臺北市士林區延平北路5段257巷4弄口綠地旁","resolved_county":"臺北市","resolved_district":"士林區","service_type":"回收","item":"舊衣類","taipei_oldcloth_approval_no":"768","taipei_oldcloth_remark":"","data_source":"臺北市舊衣回收核准名冊(CSV)","geocode_ok":true,"geocode_provider":"google","geocode_tier":"cache","geocode_query":"臺北市士林區延平北路5段257巷4弄口綠地旁"}},{"type":"Feature","geometry":{"type":"Point","coordinates":[121.5057627,25.0902609]},"properties":{"site_name":"台北市失能者服務協會","tel":"(02)25429529","address":"永平街20巷11弄3號對面電桿旁","full_address":"臺北市士林區永平街20巷11弄3號對面電桿旁","resolved_county":"臺北市","resolved_district":"士林區","service_type":"回收","item":"舊衣類","taipei_oldcloth_approval_no":"769","taipei_oldcloth_remark":"","data_source":"臺北市舊衣回收核准名冊(CSV)","geocode_ok":true,"geocode_provider":"google","geocode_tier":"cache","geocode_query":"臺北市士林區永平街20巷11弄3號對面電桿旁"}},{"type":"Feature","geometry":{"type":"Point","coordinates":[121.5695199,25.0270413]},"properties":{"site_name":"台北市失能者服務協會","tel":"(02)25429529","address":"信義路5段150巷310號東大排水溝旁","full_address":"臺北市信義區信義路5段150巷310號東大排水溝旁","resolved_county":"臺北市","resolved_district":"信義區","service_type":"回收","item":"舊衣類","taipei_oldcloth_approval_no":"771","taipei_oldcloth_remark":"","data_source":"臺北市舊衣回收核准名冊(CSV)","geocode_ok":true,"geocode_provider":"google","geocode_tier":"cache","geocode_query":"臺北市信義區信義路5段150巷310號東大排水溝旁"}},{"type":"Feature","geometry":{"type":"Point","coordinates":[121.5080786,25.0887406]},"properties":{"site_name":"台北市失能者服務協會","tel":"(02)25429529","address":"延平北路6段115巷口","full_address":"臺北市士林區延平北路6段115巷口","resolved_county":"臺北市","resolved_district":"士林區","service_type":"回收","item":"舊衣類","taipei_oldcloth_approval_no":"772","taipei_oldcloth_remark":"","data_source":"臺北市舊衣回收核准名冊(CSV)","geocode_ok":true,"geocode_provider":"google","geocode_tier":"cache","geocode_query":"臺北市士林區延平北路6段115巷口"}},{"type":"Feature","geometry":{"type":"Point","coordinates":[121.5059117,25.0867902]},"properties":{"site_name":"台北市失能者服務協會","tel":"(02)25429529","address":"社子街22巷65弄2號斜對面","full_address":"臺北市士林區社子街22巷65弄2號斜對面","resolved_county":"臺北市","resolved_district":"士林區","service_type":"回收","item":"舊衣類","taipei_oldcloth_approval_no":"773","taipei_oldcloth_remark":"","data_source":"臺北市舊衣回收核准名冊(CSV)","geocode_ok":true,"geocode_provider":"google","geocode_tier":"cache","geocode_query":"臺北市士林區社子街22巷65弄2號斜對面"}},{"type":"Feature","geometry":{"type":"Point","coordinates":[121.5077034,25.0349131]},"properties":{"site_name":"台北市失能者服務協會","tel":"(02)25429529","address":"延平南路169號對面和平醫院旁","full_address":"臺北市中正區延平南路169號對面和平醫院旁","resolved_county":"臺北市","resolved_district":"中正區","service_type":"回收","item":"舊衣類","taipei_oldcloth_approval_no":"774","taipei_oldcloth_remark":"","data_source":"臺北市舊衣回收核准名冊(CSV)","geocode_ok":true,"geocode_provider":"google","geocode_tier":"cache","geocode_query":"臺北市中正區延平南路169號對面和平醫院旁"}},{"type":"Feature","geometry":{"type":"Point","coordinates":[121.5080156,25.0878156]},"properties":{"site_name":"台北市失能者服務協會","tel":"(02)25429529","address":"社子街25巷口","full_address":"臺北市士林區社子街25巷口","resolved_county":"臺北市","resolved_district":"士林區","service_type":"回收","item":"舊衣類","taipei_oldcloth_approval_no":"775","taipei_oldcloth_remark":"","data_source":"臺北市舊衣回收核准名冊(CSV)","geocode_ok":true,"geocode_provider":"google","geocode_tier":"cache","geocode_query":"臺北市士林區社子街25巷口"}},{"type":"Feature","geometry":{"type":"Point","coordinates":[121.5705497,24.9860807]},"properties":{"site_name":"臺北市愛盲協會","tel":"(02)26886212","address":"木新路2段52號對面邊","full_address":"臺北市文山區木新路2段52號對面邊","resolved_county":"臺北市","resolved_district":"文山區","service_type":"回收","item":"舊衣類","taipei_oldcloth_approval_no":"776","taipei_oldcloth_remark":"","data_source":"臺北市舊衣回收核准名冊(CSV)","geocode_ok":true,"geocode_provider":"google","geocode_tier":"cache","geocode_query":"臺北市文山區木新路2段52號對面邊"}},{"type":"Feature","geometry":{"type":"Point","coordinates":[121.549685,24.998029]},"properties":{"site_name":"臺北市愛盲協會","tel":"(02)26886212","address":"仙岩路16巷41弄口對面仙岩公園旁","full_address":"臺北市文山區仙岩路16巷41弄口對面仙岩公園旁","resolved_county":"臺北市","resolved_district":"文山區","service_type":"回收","item":"舊衣類","taipei_oldcloth_approval_no":"777","taipei_oldcloth_remark":"","data_source":"臺北市舊衣回收核准名冊(CSV)","geocode_ok":true,"geocode_provider":"google","geocode_tier":"cache","geocode_query":"臺北市文山區仙岩路16巷41弄口對面仙岩公園旁"}},{"type":"Feature","geometry":{"type":"Point","coordinates":[121.5509403,25.0051012]},"properties":{"site_name":"臺北市愛盲協會","tel":"(02)26886212","address":"福興路78巷1弄底","full_address":"臺北市文山區福興路78巷1弄底","resolved_county":"臺北市","resolved_district":"文山區","service_type":"回收","item":"舊衣類","taipei_oldcloth_approval_no":"779","taipei_oldcloth_remark":"","data_source":"臺北市舊衣回收核准名冊(CSV)","geocode_ok":true,"geocode_provider":"google","geocode_tier":"cache","geocode_query":"臺北市文山區福興路78巷1弄底"}},{"type":"Feature","geometry":{"type":"Point","coordinates":[121.5522281,25.0030461]},"properties":{"site_name":"臺北市愛盲協會","tel":"(02)26886212","address":"興隆路2段275巷1弄口","full_address":"臺北市文山區興隆路2段275巷1弄口","resolved_county":"臺北市","resolved_district":"文山區","service_type":"回收","item":"舊衣類","taipei_oldcloth_approval_no":"780","taipei_oldcloth_remark":"","data_source":"臺北市舊衣回收核准名冊(CSV)","geocode_ok":true,"geocode_provider":"google","geocode_tier":"cache","geocode_query":"臺北市文山區興隆路2段275巷1弄口"}},{"type":"Feature","geometry":{"type":"Point","coordinates":[121.5415613,24.9946468]},"properties":{"site_name":"臺北市愛盲協會","tel":"(02)26886212","address":"羅斯福路6段279巷6號2桿間","full_address":"臺北市文山區羅斯福路6段279巷6號2桿間","resolved_county":"臺北市","resolved_district":"文山區","service_type":"回收","item":"舊衣類","taipei_oldcloth_approval_no":"783","taipei_oldcloth_remark":"","data_source":"臺北市舊衣回收核准名冊(CSV)","geocode_ok":true,"geocode_provider":"google","geocode_tier":"cache","geocode_query":"臺北市文山區羅斯福路6段279巷6號2桿間"}},{"type":"Feature","geometry":{"type":"Point","coordinates":[121.5531211,25.0271456]},"properties":{"site_name":"臺北市愛盲協會","tel":"(02)26886212","address":"通化街184巷3號對面","full_address":"臺北市大安區通化街184巷3號對面","resolved_county":"臺北市","resolved_district":"大安區","service_type":"回收","item":"舊衣類","taipei_oldcloth_approval_no":"784","taipei_oldcloth_remark":"","data_source":"臺北市舊衣回收核准名冊(CSV)","geocode_ok":true,"geocode_provider":"google","geocode_tier":"cache","geocode_query":"臺北市大安區通化街184巷3號對面"}},{"type":"Feature","geometry":{"type":"Point","coordinates":[121.551872,25.0275789]},"properties":{"site_name":"臺北市愛盲協會","tel":"(02)26886212","address":"通化街200巷口變電箱旁","full_address":"臺北市大安區通化街200巷口變電箱旁","resolved_county":"臺北市","resolved_district":"大安區","service_type":"回收","item":"舊衣類","taipei_oldcloth_approval_no":"785","taipei_oldcloth_remark":"","data_source":"臺北市舊衣回收核准名冊(CSV)","geocode_ok":true,"geocode_provider":"google","geocode_tier":"cache","geocode_query":"臺北市大安區通化街200巷口變電箱旁"}},{"type":"Feature","geometry":{"type":"Point","coordinates":[121.5522581,25.0325951]},"properties":{"site_name":"臺北市愛盲協會","tel":"(02)26886212","address":"安和路2段8號旁文昌街口","full_address":"臺北市大安區安和路2段8號旁文昌街口","resolved_county":"臺北市","resolved_district":"大安區","service_type":"回收","item":"舊衣類","taipei_oldcloth_approval_no":"786","taipei_oldcloth_remark":"","data_source":"臺北市舊衣回收核准名冊(CSV)","geocode_ok":true,"geocode_provider":"google","geocode_tier":"cache","geocode_query":"臺北市大安區安和路2段8號旁文昌街口"}},{"type":"Feature","geometry":{"type":"Point","coordinates":[121.5244222,25.0335468]},"properties":{"site_name":"臺北市愛盲協會","tel":"(02)26886212","address":"杭州南路2段25巷15號對面","full_address":"臺北市大安區杭州南路2段25巷15號對面","resolved_county":"臺北市","resolved_district":"大安區","service_type":"回收","item":"舊衣類","taipei_oldcloth_approval_no":"787","taipei_oldcloth_remark":"","data_source":"臺北市舊衣回收核准名冊(CSV)","geocode_ok":true,"geocode_provider":"google","geocode_tier":"cache","geocode_query":"臺北市大安區杭州南路2段25巷15號對面"}},{"type":"Feature","geometry":{"type":"Point","coordinates":[121.5507739,25.0259377]},"properties":{"site_name":"臺北市愛盲協會","tel":"(02)26886212","address":"安和路2段217巷口電氣設備旁","full_address":"臺北市大安區安和路2段217巷口電氣設備旁","resolved_county":"臺北市","resolved_district":"大安區","service_type":"回收","item":"舊衣類","taipei_oldcloth_approval_no":"788","taipei_oldcloth_remark":"","data_source":"臺北市舊衣回收核准名冊(CSV)","geocode_ok":true,"geocode_provider":"google","geocode_tier":"cache","geocode_query":"臺北市大安區安和路2段217巷口電氣設備旁"}},{"type":"Feature","geometry":{"type":"Point","coordinates":[121.5349201,25.0245127]},"properties":{"site_name":"臺北市愛盲協會","tel":"(02)26886212","address":"新生南路3段25巷口樹桿邊","full_address":"臺北市大安區新生南路3段25巷口樹桿邊","resolved_county":"臺北市","resolved_district":"大安區","service_type":"回收","item":"舊衣類","taipei_oldcloth_approval_no":"789","taipei_oldcloth_remark":"","data_source":"臺北市舊衣回收核准名冊(CSV)","geocode_ok":true,"geocode_provider":"google","geocode_tier":"cache","geocode_query":"臺北市大安區新生南路3段25巷口樹桿邊"}},{"type":"Feature","geometry":{"type":"Point","coordinates":[121.5405542,25.0216792]},"properties":{"site_name":"臺北市愛盲協會","tel":"(02)26886212","address":"辛亥路2段155號旁","full_address":"臺北市大安區辛亥路2段155號旁","resolved_county":"臺北市","resolved_district":"大安區","service_type":"回收","item":"舊衣類","taipei_oldcloth_approval_no":"790","taipei_oldcloth_remark":"","data_source":"臺北市舊衣回收核准名冊(CSV)","geocode_ok":true,"geocode_provider":"google","geocode_tier":"cache","geocode_query":"臺北市大安區辛亥路2段155號旁"}},{"type":"Feature","geometry":{"type":"Point","coordinates":[121.5246528,25.1136313]},"properties":{"site_name":"臺北市愛盲協會","tel":"(02)26886212","address":"榮華里榮華一路與榮華三路兩電桿間","full_address":"臺北市北投區榮華里榮華一路與榮華三路兩電桿間","resolved_county":"臺北市","resolved_district":"北投區","service_type":"回收","item":"舊衣類","taipei_oldcloth_approval_no":"791","taipei_oldcloth_remark":"","data_source":"臺北市舊衣回收核准名冊(CSV)","geocode_ok":true,"geocode_provider":"google","geocode_tier":"cache","geocode_query":"臺北市北投區榮華里榮華一路與榮華三路兩電桿間"}},{"type":"Feature","geometry":{"type":"Point","coordinates":[121.5300109,25.0364141]},"properties":{"site_name":"臺北市愛盲協會","tel":"(02)26886212","address":"臨沂街61巷18之2號對面","full_address":"臺北市中正區臨沂街61巷18之2號對面","resolved_county":"臺北市","resolved_district":"中正區","service_type":"回收","item":"舊衣類","taipei_oldcloth_approval_no":"792","taipei_oldcloth_remark":"","data_source":"臺北市舊衣回收核准名冊(CSV)","geocode_ok":true,"geocode_provider":"google","geocode_tier":"cache","geocode_query":"臺北市中正區臨沂街61巷18之2號對面"}},{"type":"Feature","geometry":{"type":"Point","coordinates":[121.5324414,25.0346727]},"properties":{"site_name":"臺北市愛盲協會","tel":"(02)26886212","address":"新生南路1段160巷16號旁","full_address":"臺北市中正區新生南路1段160巷16號旁","resolved_county":"臺北市","resolved_district":"中正區","service_type":"回收","item":"舊衣類","taipei_oldcloth_approval_no":"793","taipei_oldcloth_remark":"","data_source":"臺北市舊衣回收核准名冊(CSV)","geocode_ok":true,"geocode_provider":"google","geocode_tier":"cache","geocode_query":"臺北市中正區新生南路1段160巷16號旁"}},{"type":"Feature","geometry":{"type":"Point","coordinates":[121.5297522,25.0357756]},"properties":{"site_name":"臺北市愛盲協會","tel":"(02)26886212","address":"臨沂街65巷11號邊","full_address":"臺北市中正區臨沂街65巷11號邊","resolved_county":"臺北市","resolved_district":"中正區","service_type":"回收","item":"舊衣類","taipei_oldcloth_approval_no":"794","taipei_oldcloth_remark":"","data_source":"臺北市舊衣回收核准名冊(CSV)","geocode_ok":true,"geocode_provider":"google","geocode_tier":"cache","geocode_query":"臺北市中正區臨沂街65巷11號邊"}},{"type":"Feature","geometry":{"type":"Point","coordinates":[121.5549246,24.9798191]},"properties":{"site_name":"臺北市愛盲協會","tel":"(02)26886212","address":"樟新街8巷底2桿間","full_address":"臺北市文山區樟新街8巷底2桿間","resolved_county":"臺北市","resolved_district":"文山區","service_type":"回收","item":"舊衣類","taipei_oldcloth_approval_no":"795","taipei_oldcloth_remark":"","data_source":"臺北市舊衣回收核准名冊(CSV)","geocode_ok":true,"geocode_provider":"google","geocode_tier":"cache","geocode_query":"臺北市文山區樟新街8巷底2桿間"}},{"type":"Feature","geometry":{"type":"Point","coordinates":[121.5593614,24.9807534]},"properties":{"site_name":"臺北市愛盲協會","tel":"(02)26886212","address":"木新路3段243巷3弄7號斜對面","full_address":"臺北市文山區木新路3段243巷3弄7號斜對面","resolved_county":"臺北市","resolved_district":"文山區","service_type":"回收","item":"舊衣類","taipei_oldcloth_approval_no":"796","taipei_oldcloth_remark":"","data_source":"臺北市舊衣回收核准名冊(CSV)","geocode_ok":true,"geocode_provider":"google","geocode_tier":"cache","geocode_query":"臺北市文山區木新路3段243巷3弄7號斜對面"}},{"type":"Feature","geometry":{"type":"Point","coordinates":[121.5792342,24.9852255]},"properties":{"site_name":"臺北市愛盲協會","tel":"(02)26886212","address":"指南路3段2巷入口橋邊","full_address":"臺北市文山區指南路3段2巷入口橋邊","resolved_county":"臺北市","resolved_district":"文山區","service_type":"回收","item":"舊衣類","taipei_oldcloth_approval_no":"797","taipei_oldcloth_remark":"","data_source":"臺北市舊衣回收核准名冊(CSV)","geocode_ok":true,"geocode_provider":"google","geocode_tier":"cache","geocode_query":"臺北市文山區指南路3段2巷入口橋邊"}},{"type":"Feature","geometry":{"type":"Point","coordinates":[121.5648415,25.0571944]},"properties":{"site_name":"台北市身心障礙運動協會","tel":"(02)25912695","address":"三民路96巷口(電話亭旁)","full_address":"臺北市松山區三民路96巷口(電話亭旁)","resolved_county":"臺北市","resolved_district":"松山區","service_type":"回收","item":"舊衣類","taipei_oldcloth_approval_no":"801","taipei_oldcloth_remark":"","data_source":"臺北市舊衣回收核准名冊(CSV)","geocode_ok":true,"geocode_provider":"google","geocode_tier":"cache","geocode_query":"臺北市松山區三民路96巷口(電話亭旁)"}},{"type":"Feature","geometry":{"type":"Point","coordinates":[121.5169921,25.0659597]},"properties":{"site_name":"台北市身心障礙運動協會","tel":"(02)25912695","address":"昌吉街33巷口","full_address":"臺北市大同區昌吉街33巷口","resolved_county":"臺北市","resolved_district":"大同區","service_type":"回收","item":"舊衣類","taipei_oldcloth_approval_no":"802","taipei_oldcloth_remark":"","data_source":"臺北市舊衣回收核准名冊(CSV)","geocode_ok":true,"geocode_provider":"google","geocode_tier":"cache","geocode_query":"臺北市大同區昌吉街33巷口"}},{"type":"Feature","geometry":{"type":"Point","coordinates":[121.5147386,25.0660316]},"properties":{"site_name":"台北市身心障礙運動協會","tel":"(02)25912695","address":"昌吉街61巷口","full_address":"臺北市大同區昌吉街61巷口","resolved_county":"臺北市","resolved_district":"大同區","service_type":"回收","item":"舊衣類","taipei_oldcloth_approval_no":"803","taipei_oldcloth_remark":"","data_source":"臺北市舊衣回收核准名冊(CSV)","geocode_ok":true,"geocode_provider":"google","geocode_tier":"cache","geocode_query":"臺北市大同區昌吉街61巷口"}},{"type":"Feature","geometry":{"type":"Point","coordinates":[121.5492362,25.0424056]},"properties":{"site_name":"臺北市身心障礙者健康關懷協會","tel":"(02)25912695","address":"敦化南路1段187巷29號對面圍牆旁","full_address":"臺北市大安區敦化南路1段187巷29號對面圍牆旁","resolved_county":"臺北市","resolved_district":"大安區","service_type":"回收","item":"舊衣類","taipei_oldcloth_approval_no":"1264","taipei_oldcloth_remark":"","data_source":"臺北市舊衣回收核准名冊(CSV)","geocode_ok":true,"geocode_provider":"google","geocode_tier":"cache","geocode_query":"臺北市大安區敦化南路1段187巷29號對面圍牆旁"}},{"type":"Feature","geometry":{"type":"Point","coordinates":[121.5389088,25.0286718]},"properties":{"site_name":"台北市身心障礙運動協會","tel":"(02)25912695","address":"建國南路2段151巷24號對面","full_address":"臺北市大安區建國南路2段151巷24號對面","resolved_county":"臺北市","resolved_district":"大安區","service_type":"回收","item":"舊衣類","taipei_oldcloth_approval_no":"805","taipei_oldcloth_remark":"","data_source":"臺北市舊衣回收核准名冊(CSV)","geocode_ok":true,"geocode_provider":"google","geocode_tier":"cache","geocode_query":"臺北市大安區建國南路2段151巷24號對面"}},{"type":"Feature","geometry":{"type":"Point","coordinates":[121.5290392,25.0246496]},"properties":{"site_name":"台北市身心障礙運動協會","tel":"(02)25912695","address":"師大路39巷口右側5公尺旁","full_address":"臺北市大安區師大路39巷口右側5公尺旁","resolved_county":"臺北市","resolved_district":"大安區","service_type":"回收","item":"舊衣類","taipei_oldcloth_approval_no":"806","taipei_oldcloth_remark":"","data_source":"臺北市舊衣回收核准名冊(CSV)","geocode_ok":true,"geocode_provider":"google","geocode_tier":"cache","geocode_query":"臺北市大安區師大路39巷口右側5公尺旁"}},{"type":"Feature","geometry":{"type":"Point","coordinates":[121.521914,25.049564]},"properties":{"site_name":"台北市身心障礙運動協會","tel":"(02)25912695","address":"長安東路2段35巷7號對面(長安國中側門旁)","full_address":"臺北市中山區長安東路2段35巷7號對面(長安國中側門旁)","resolved_county":"臺北市","resolved_district":"中山區","service_type":"回收","item":"舊衣類","taipei_oldcloth_approval_no":"807","taipei_oldcloth_remark":"","data_source":"臺北市舊衣回收核准名冊(CSV)","geocode_ok":true,"geocode_provider":"google","geocode_tier":"cache","geocode_query":"臺北市中山區長安東路2段35巷7號對面(長安國中側門旁)"}},{"type":"Feature","geometry":{"type":"Point","coordinates":[121.5411768,25.0281919]},"properties":{"site_name":"台北市身心障礙運動協會","tel":"(02)25912695","address":"瑞安街75號斜前方(電信設備旁)","full_address":"臺北市大安區瑞安街75號斜前方(電信設備旁)","resolved_county":"臺北市","resolved_district":"大安區","service_type":"回收","item":"舊衣類","taipei_oldcloth_approval_no":"808","taipei_oldcloth_remark":"","data_source":"臺北市舊衣回收核准名冊(CSV)","geocode_ok":true,"geocode_provider":"google","geocode_tier":"cache","geocode_query":"臺北市大安區瑞安街75號斜前方(電信設備旁)"}},{"type":"Feature","geometry":{"type":"Point","coordinates":[121.5451566,25.0829297]},"properties":{"site_name":"台北市身心障礙運動協會","tel":"(02)25912695","address":"大直街62巷5弄口(大直街62巷5號旁)","full_address":"臺北市士林區大直街62巷5弄口(大直街62巷5號旁)","resolved_county":"臺北市","resolved_district":"士林區","service_type":"回收","item":"舊衣類","taipei_oldcloth_approval_no":"809","taipei_oldcloth_remark":"","data_source":"臺北市舊衣回收核准名冊(CSV)","geocode_ok":true,"geocode_provider":"google","geocode_tier":"cache","geocode_query":"臺北市士林區大直街62巷5弄口(大直街62巷5號旁)"}},{"type":"Feature","geometry":{"type":"Point","coordinates":[121.613794,25.0674373]},"properties":{"site_name":"台北市身心障礙運動協會","tel":"(02)25912695","address":"五分街14號對面人行道電話箱旁","full_address":"臺北市內湖區五分街14號對面人行道電話箱旁","resolved_county":"臺北市","resolved_district":"內湖區","service_type":"回收","item":"舊衣類","taipei_oldcloth_approval_no":"810","taipei_oldcloth_remark":"","data_source":"臺北市舊衣回收核准名冊(CSV)","geocode_ok":true,"geocode_provider":"google","geocode_tier":"cache","geocode_query":"臺北市內湖區五分街14號對面人行道電話箱旁"}},{"type":"Feature","geometry":{"type":"Point","coordinates":[121.601842,25.0734628]},"properties":{"site_name":"台北市身心障礙運動協會","tel":"(02)25912695","address":"金湖路363巷15號對面電桿旁","full_address":"臺北市內湖區金湖路363巷15號對面電桿旁","resolved_county":"臺北市","resolved_district":"內湖區","service_type":"回收","item":"舊衣類","taipei_oldcloth_approval_no":"811","taipei_oldcloth_remark":"","data_source":"臺北市舊衣回收核准名冊(CSV)","geocode_ok":true,"geocode_provider":"google","geocode_tier":"cache","geocode_query":"臺北市內湖區金湖路363巷15號對面電桿旁"}},{"type":"Feature","geometry":{"type":"Point","coordinates":[121.6081719,25.0749089]},"properties":{"site_name":"台北市身心障礙運動協會","tel":"(02)25912695","address":"成功路5段420巷15到17號斜對面Ubike旁","full_address":"臺北市內湖區成功路5段420巷15到17號斜對面Ubike旁","resolved_county":"臺北市","resolved_district":"內湖區","service_type":"回收","item":"舊衣類","taipei_oldcloth_approval_no":"812","taipei_oldcloth_remark":"","data_source":"臺北市舊衣回收核准名冊(CSV)","geocode_ok":true,"geocode_provider":"google","geocode_tier":"cache","geocode_query":"臺北市內湖區成功路5段420巷15到17號斜對面Ubike旁"}},{"type":"Feature","geometry":{"type":"Point","coordinates":[121.5892012,25.0690834]},"properties":{"site_name":"台北市身心障礙運動協會","tel":"(02)25912695","address":"金湖路363巷與民權東路6段191巷交口","full_address":"臺北市內湖區金湖路363巷與民權東路6段191巷交口","resolved_county":"臺北市","resolved_district":"內湖區","service_type":"回收","item":"舊衣類","taipei_oldcloth_approval_no":"813","taipei_oldcloth_remark":"","data_source":"臺北市舊衣回收核准名冊(CSV)","geocode_ok":true,"geocode_provider":"google","geocode_tier":"cache","geocode_query":"臺北市內湖區金湖路363巷與民權東路6段191巷交口"}},{"type":"Feature","geometry":{"type":"Point","coordinates":[121.6161372,25.0701579]},"properties":{"site_name":"台北市身心障礙運動協會","tel":"(02)25912695","address":"東湖路119巷49弄44號對面樹旁","full_address":"臺北市內湖區東湖路119巷49弄44號對面樹旁","resolved_county":"臺北市","resolved_district":"內湖區","service_type":"回收","item":"舊衣類","taipei_oldcloth_approval_no":"814","taipei_oldcloth_remark":"","data_source":"臺北市舊衣回收核准名冊(CSV)","geocode_ok":true,"geocode_provider":"google","geocode_tier":"cache","geocode_query":"臺北市內湖區東湖路119巷49弄44號對面樹旁"}},{"type":"Feature","geometry":{"type":"Point","coordinates":[121.618055,25.0705067]},"properties":{"site_name":"台北市身心障礙運動協會","tel":"(02)25912695","address":"康樂街110巷16弄26號對面廟旁(東湖4號公園)","full_address":"臺北市內湖區康樂街110巷16弄26號對面廟旁(東湖4號公園)","resolved_county":"臺北市","resolved_district":"內湖區","service_type":"回收","item":"舊衣類","taipei_oldcloth_approval_no":"815","taipei_oldcloth_remark":"","data_source":"臺北市舊衣回收核准名冊(CSV)","geocode_ok":true,"geocode_provider":"google","geocode_tier":"cache","geocode_query":"臺北市內湖區康樂街110巷16弄26號對面廟旁(東湖4號公園)"}},{"type":"Feature","geometry":{"type":"Point","coordinates":[121.6112595,25.0738019]},"properties":{"site_name":"台北市身心障礙運動協會","tel":"(02)25912695","address":"康寧路3段99巷60號變電箱旁","full_address":"臺北市內湖區康寧路3段99巷60號變電箱旁","resolved_county":"臺北市","resolved_district":"內湖區","service_type":"回收","item":"舊衣類","taipei_oldcloth_approval_no":"816","taipei_oldcloth_remark":"","data_source":"臺北市舊衣回收核准名冊(CSV)","geocode_ok":true,"geocode_provider":"google","geocode_tier":"cache","geocode_query":"臺北市內湖區康寧路3段99巷60號變電箱旁"}},{"type":"Feature","geometry":{"type":"Point","coordinates":[121.5696224,25.0447042]},"properties":{"site_name":"台北市身心障礙運動協會","tel":"(02)25912695","address":"永吉路120巷22弄與松隆路100號交接口","full_address":"臺北市信義區永吉路120巷22弄與松隆路100號交接口","resolved_county":"臺北市","resolved_district":"信義區","service_type":"回收","item":"舊衣類","taipei_oldcloth_approval_no":"817","taipei_oldcloth_remark":"","data_source":"臺北市舊衣回收核准名冊(CSV)","geocode_ok":true,"geocode_provider":"google","geocode_tier":"cache","geocode_query":"臺北市信義區永吉路120巷22弄與松隆路100號交接口"}},{"type":"Feature","geometry":{"type":"Point","coordinates":[121.5569325,25.0316309]},"properties":{"site_name":"台北市身心障礙運動協會","tel":"(02)25912695","address":"光復南路628巷與文昌街280巷交叉口路燈邊","full_address":"臺北市大安區光復南路628巷與文昌街280巷交叉口路燈邊","resolved_county":"臺北市","resolved_district":"大安區","service_type":"回收","item":"舊衣類","taipei_oldcloth_approval_no":"818","taipei_oldcloth_remark":"","data_source":"臺北市舊衣回收核准名冊(CSV)","geocode_ok":true,"geocode_provider":"google","geocode_tier":"cache","geocode_query":"臺北市大安區光復南路628巷與文昌街280巷交叉口路燈邊"}},{"type":"Feature","geometry":{"type":"Point","coordinates":[121.5562688,25.0786786]},"properties":{"site_name":"台北市身心障礙運動協會","tel":"(02)25912695","address":"敬業三路177巷口電箱旁","full_address":"臺北市中山區敬業三路177巷口電箱旁","resolved_county":"臺北市","resolved_district":"中山區","service_type":"回收","item":"舊衣類","taipei_oldcloth_approval_no":"819","taipei_oldcloth_remark":"","data_source":"臺北市舊衣回收核准名冊(CSV)","geocode_ok":true,"geocode_provider":"google","geocode_tier":"cache","geocode_query":"臺北市中山區敬業三路177巷口電箱旁"}},{"type":"Feature","geometry":{"type":"Point","coordinates":[121.5601762,24.9887396]},"properties":{"site_name":"台北市身心障礙運動協會","tel":"(02)25912695","address":"新光路1段31巷口","full_address":"臺北市文山區新光路1段31巷口","resolved_county":"臺北市","resolved_district":"文山區","service_type":"回收","item":"舊衣類","taipei_oldcloth_approval_no":"820","taipei_oldcloth_remark":"","data_source":"臺北市舊衣回收核准名冊(CSV)","geocode_ok":true,"geocode_provider":"google","geocode_tier":"cache","geocode_query":"臺北市文山區新光路1段31巷口"}},{"type":"Feature","geometry":{"type":"Point","coordinates":[121.5682024,25.0272109]},"properties":{"site_name":"臺北市身心障礙者創業輔導發展協會","tel":"(02)27775940","address":"松仁路204號旁","full_address":"臺北市信義區松仁路204號旁","resolved_county":"臺北市","resolved_district":"信義區","service_type":"回收","item":"舊衣類","taipei_oldcloth_approval_no":"826","taipei_oldcloth_remark":"","data_source":"臺北市舊衣回收核准名冊(CSV)","geocode_ok":true,"geocode_provider":"google","geocode_tier":"cache","geocode_query":"臺北市信義區松仁路204號旁"}},{"type":"Feature","geometry":{"type":"Point","coordinates":[121.5678871,25.0266518]},"properties":{"site_name":"臺北市身心障礙者創業輔導發展協會","tel":"(02)27775940","address":"莊敬路468號旁","full_address":"臺北市信義區莊敬路468號旁","resolved_county":"臺北市","resolved_district":"信義區","service_type":"回收","item":"舊衣類","taipei_oldcloth_approval_no":"827","taipei_oldcloth_remark":"","data_source":"臺北市舊衣回收核准名冊(CSV)","geocode_ok":true,"geocode_provider":"google","geocode_tier":"cache","geocode_query":"臺北市信義區莊敬路468號旁"}},{"type":"Feature","geometry":{"type":"Point","coordinates":[121.5526807,25.0215104]},"properties":{"site_name":"臺北市身心障礙者創業輔導發展協會","tel":"(02)27775940","address":"嘉興街363巷17號前公園","full_address":"臺北市大安區嘉興街363巷17號前公園","resolved_county":"臺北市","resolved_district":"大安區","service_type":"回收","item":"舊衣類","taipei_oldcloth_approval_no":"828","taipei_oldcloth_remark":"","data_source":"臺北市舊衣回收核准名冊(CSV)","geocode_ok":true,"geocode_provider":"google","geocode_tier":"cache","geocode_query":"臺北市大安區嘉興街363巷17號前公園"}},{"type":"Feature","geometry":{"type":"Point","coordinates":[121.5426768,25.0652004]},"properties":{"site_name":"臺北市身心障礙者創業輔導發展協會","tel":"(02)27775940","address":"復興北路488巷31號對面","full_address":"臺北市中山區復興北路488巷31號對面","resolved_county":"臺北市","resolved_district":"中山區","service_type":"回收","item":"舊衣類","taipei_oldcloth_approval_no":"1238","taipei_oldcloth_remark":"","data_source":"臺北市舊衣回收核准名冊(CSV)","geocode_ok":true,"geocode_provider":"google","geocode_tier":"cache","geocode_query":"臺北市中山區復興北路488巷31號對面"}},{"type":"Feature","geometry":{"type":"Point","coordinates":[121.5557052,25.0444391]},"properties":{"site_name":"臺北市身心障礙者創業輔導發展協會","tel":"(02)27775940","address":"市民大道4段200號旁","full_address":"臺北市大安區市民大道4段200號旁","resolved_county":"臺北市","resolved_district":"大安區","service_type":"回收","item":"舊衣類","taipei_oldcloth_approval_no":"830","taipei_oldcloth_remark":"","data_source":"臺北市舊衣回收核准名冊(CSV)","geocode_ok":true,"geocode_provider":"google","geocode_tier":"cache","geocode_query":"臺北市大安區市民大道4段200號旁"}},{"type":"Feature","geometry":{"type":"Point","coordinates":[121.5568936,25.0420222]},"properties":{"site_name":"臺北市身心障礙者創業輔導發展協會","tel":"(02)27775940","address":"光復南路180巷13號對面","full_address":"臺北市大安區光復南路180巷13號對面","resolved_county":"臺北市","resolved_district":"大安區","service_type":"回收","item":"舊衣類","taipei_oldcloth_approval_no":"831","taipei_oldcloth_remark":"","data_source":"臺北市舊衣回收核准名冊(CSV)","geocode_ok":true,"geocode_provider":"google","geocode_tier":"cache","geocode_query":"臺北市大安區光復南路180巷13號對面"}},{"type":"Feature","geometry":{"type":"Point","coordinates":[121.5332287,25.0497123]},"properties":{"site_name":"臺北市身心障礙者創業輔導發展協會","tel":"(02)27775940","address":"松江路77巷過伊通街口處","full_address":"臺北市中山區松江路77巷過伊通街口處","resolved_county":"臺北市","resolved_district":"中山區","service_type":"回收","item":"舊衣類","taipei_oldcloth_approval_no":"834","taipei_oldcloth_remark":"","data_source":"臺北市舊衣回收核准名冊(CSV)","geocode_ok":true,"geocode_provider":"google","geocode_tier":"cache","geocode_query":"臺北市中山區松江路77巷過伊通街口處"}},{"type":"Feature","geometry":{"type":"Point","coordinates":[121.5348119,25.0984381]},"properties":{"site_name":"臺北市身心障礙者創業輔導發展協會","tel":"(02)27775940","address":"福林路249號前","full_address":"臺北市士林區福林路249號前","resolved_county":"臺北市","resolved_district":"士林區","service_type":"回收","item":"舊衣類","taipei_oldcloth_approval_no":"835","taipei_oldcloth_remark":"","data_source":"臺北市舊衣回收核准名冊(CSV)","geocode_ok":true,"geocode_provider":"google","geocode_tier":"cache","geocode_query":"臺北市士林區福林路249號前"}},{"type":"Feature","geometry":{"type":"Point","coordinates":[121.5395571,25.0309616]},"properties":{"site_name":"臺北市身心障礙者創業輔導發展協會","tel":"(02)27775940","address":"建國南路2段79巷35號電桿旁","full_address":"臺北市大安區建國南路2段79巷35號電桿旁","resolved_county":"臺北市","resolved_district":"大安區","service_type":"回收","item":"舊衣類","taipei_oldcloth_approval_no":"836","taipei_oldcloth_remark":"","data_source":"臺北市舊衣回收核准名冊(CSV)","geocode_ok":true,"geocode_provider":"google","geocode_tier":"cache","geocode_query":"臺北市大安區建國南路2段79巷35號電桿旁"}},{"type":"Feature","geometry":{"type":"Point","coordinates":[121.4994174,25.138838]},"properties":{"site_name":"臺北市身心障礙者創業輔導發展協會","tel":"(02)27775940","address":"永興路1段32巷3弄口","full_address":"臺北市北投區永興路1段32巷3弄口","resolved_county":"臺北市","resolved_district":"北投區","service_type":"回收","item":"舊衣類","taipei_oldcloth_approval_no":"837","taipei_oldcloth_remark":"","data_source":"臺北市舊衣回收核准名冊(CSV)","geocode_ok":true,"geocode_provider":"google","geocode_tier":"cache","geocode_query":"臺北市北投區永興路1段32巷3弄口"}},{"type":"Feature","geometry":{"type":"Point","coordinates":[121.5010475,25.1370494]},"properties":{"site_name":"臺北市身心障礙者創業輔導發展協會","tel":"(02)27775940","address":"雙全街與大業路口中庸2號公園前","full_address":"臺北市北投區雙全街與大業路口中庸2號公園前","resolved_county":"臺北市","resolved_district":"北投區","service_type":"回收","item":"舊衣類","taipei_oldcloth_approval_no":"838","taipei_oldcloth_remark":"","data_source":"臺北市舊衣回收核准名冊(CSV)","geocode_ok":true,"geocode_provider":"google","geocode_tier":"cache","geocode_query":"臺北市北投區雙全街與大業路口中庸2號公園前"}},{"type":"Feature","geometry":{"type":"Point","coordinates":[121.547908,25.063835]},"properties":{"site_name":"臺北市身心障礙者創業輔導發展協會","tel":"(02)27775940","address":"民族東路679號對面公園","full_address":"臺北市松山區民族東路679號對面公園","resolved_county":"臺北市","resolved_district":"松山區","service_type":"回收","item":"舊衣類","taipei_oldcloth_approval_no":"839","taipei_oldcloth_remark":"","data_source":"臺北市舊衣回收核准名冊(CSV)","geocode_ok":true,"geocode_provider":"google","geocode_tier":"cache","geocode_query":"臺北市松山區民族東路679號對面公園"}},{"type":"Feature","geometry":{"type":"Point","coordinates":[121.5500561,25.0238134]},"properties":{"site_name":"臺北市身心障礙者創業輔導發展協會","tel":"(02)27775940","address":"樂業街17號對面公佈欄","full_address":"臺北市大安區樂業街17號對面公佈欄","resolved_county":"臺北市","resolved_district":"大安區","service_type":"回收","item":"舊衣類","taipei_oldcloth_approval_no":"840","taipei_oldcloth_remark":"","data_source":"臺北市舊衣回收核准名冊(CSV)","geocode_ok":true,"geocode_provider":"google","geocode_tier":"cache","geocode_query":"臺北市大安區樂業街17號對面公佈欄"}},{"type":"Feature","geometry":{"type":"Point","coordinates":[121.5468227,25.0241547]},"properties":{"site_name":"臺北市身心障礙者創業輔導發展協會","tel":"(02)27775940","address":"臥龍街15號對面電箱","full_address":"臺北市大安區臥龍街15號對面電箱","resolved_county":"臺北市","resolved_district":"大安區","service_type":"回收","item":"舊衣類","taipei_oldcloth_approval_no":"841","taipei_oldcloth_remark":"","data_source":"臺北市舊衣回收核准名冊(CSV)","geocode_ok":true,"geocode_provider":"google","geocode_tier":"cache","geocode_query":"臺北市大安區臥龍街15號對面電箱"}},{"type":"Feature","geometry":{"type":"Point","coordinates":[121.5245822,25.0974683]},"properties":{"site_name":"臺北市身心障礙者創業輔導發展協會","tel":"(02)27775940","address":"前街與美德街口","full_address":"臺北市士林區前街與美德街口","resolved_county":"臺北市","resolved_district":"士林區","service_type":"回收","item":"舊衣類","taipei_oldcloth_approval_no":"842","taipei_oldcloth_remark":"","data_source":"臺北市舊衣回收核准名冊(CSV)","geocode_ok":true,"geocode_provider":"google","geocode_tier":"cache","geocode_query":"臺北市士林區前街與美德街口"}},{"type":"Feature","geometry":{"type":"Point","coordinates":[121.5507567,25.0180835]},"properties":{"site_name":"臺北市身心障礙者創業輔導發展協會","tel":"(02)27775940","address":"辛亥路3段157巷32號對面樹旁","full_address":"臺北市大安區辛亥路3段157巷32號對面樹旁","resolved_county":"臺北市","resolved_district":"大安區","service_type":"回收","item":"舊衣類","taipei_oldcloth_approval_no":"843","taipei_oldcloth_remark":"","data_source":"臺北市舊衣回收核准名冊(CSV)","geocode_ok":true,"geocode_provider":"google","geocode_tier":"cache","geocode_query":"臺北市大安區辛亥路3段157巷32號對面樹旁"}},{"type":"Feature","geometry":{"type":"Point","coordinates":[121.5562086,25.0350524]},"properties":{"site_name":"臺北市身心障礙者創業輔導發展協會","tel":"(02)27775940","address":"光復南路456巷29號對面","full_address":"臺北市大安區光復南路456巷29號對面","resolved_county":"臺北市","resolved_district":"大安區","service_type":"回收","item":"舊衣類","taipei_oldcloth_approval_no":"844","taipei_oldcloth_remark":"","data_source":"臺北市舊衣回收核准名冊(CSV)","geocode_ok":true,"geocode_provider":"google","geocode_tier":"cache","geocode_query":"臺北市大安區光復南路456巷29號對面"}},{"type":"Feature","geometry":{"type":"Point","coordinates":[121.5491021,25.0354677]},"properties":{"site_name":"臺北市身心障礙者創業輔導發展協會","tel":"(02)27775940","address":"敦化南路1段295巷與信義路4段199巷口","full_address":"臺北市大安區敦化南路1段295巷與信義路4段199巷口","resolved_county":"臺北市","resolved_district":"大安區","service_type":"回收","item":"舊衣類","taipei_oldcloth_approval_no":"1184","taipei_oldcloth_remark":"","data_source":"臺北市舊衣回收核准名冊(CSV)","geocode_ok":true,"geocode_provider":"google","geocode_tier":"cache","geocode_query":"臺北市大安區敦化南路1段295巷與信義路4段199巷口"}},{"type":"Feature","geometry":{"type":"Point","coordinates":[121.5346878,25.0349071]},"properties":{"site_name":"臺北市身心障礙者創業輔導發展協會","tel":"(02)27775940","address":"信義路3段31巷9之2號對面電箱旁","full_address":"臺北市大安區信義路3段31巷9之2號對面電箱旁","resolved_county":"臺北市","resolved_district":"大安區","service_type":"回收","item":"舊衣類","taipei_oldcloth_approval_no":"846","taipei_oldcloth_remark":"","data_source":"臺北市舊衣回收核准名冊(CSV)","geocode_ok":true,"geocode_provider":"google","geocode_tier":"cache","geocode_query":"臺北市大安區信義路3段31巷9之2號對面電箱旁"}},{"type":"Feature","geometry":{"type":"Point","coordinates":[121.5337341,25.0455109]},"properties":{"site_name":"臺北市身心障礙者創業輔導發展協會","tel":"(02)27775940","address":"渭水路2-1號對面電箱旁","full_address":"臺北市中山區渭水路2-1號對面電箱旁","resolved_county":"臺北市","resolved_district":"中山區","service_type":"回收","item":"舊衣類","taipei_oldcloth_approval_no":"847","taipei_oldcloth_remark":"","data_source":"臺北市舊衣回收核准名冊(CSV)","geocode_ok":true,"geocode_provider":"google","geocode_tier":"cache","geocode_query":"臺北市中山區渭水路2-1號對面電箱旁"}},{"type":"Feature","geometry":{"type":"Point","coordinates":[121.5496506,25.0371376]},"properties":{"site_name":"臺北市身心障礙者創業輔導發展協會","tel":"(02)27775940","address":"仁愛路4段112巷3弄口對面","full_address":"臺北市大安區仁愛路4段112巷3弄口對面","resolved_county":"臺北市","resolved_district":"大安區","service_type":"回收","item":"舊衣類","taipei_oldcloth_approval_no":"848","taipei_oldcloth_remark":"","data_source":"臺北市舊衣回收核准名冊(CSV)","geocode_ok":true,"geocode_provider":"google","geocode_tier":"cache","geocode_query":"臺北市大安區仁愛路4段112巷3弄口對面"}},{"type":"Feature","geometry":{"type":"Point","coordinates":[121.5558058,25.0429351]},"properties":{"site_name":"臺北市身心障礙者創業輔導發展協會","tel":"(02)27775940","address":"延吉街131巷41號對面","full_address":"臺北市大安區延吉街131巷41號對面","resolved_county":"臺北市","resolved_district":"大安區","service_type":"回收","item":"舊衣類","taipei_oldcloth_approval_no":"849","taipei_oldcloth_remark":"","data_source":"臺北市舊衣回收核准名冊(CSV)","geocode_ok":true,"geocode_provider":"google","geocode_tier":"cache","geocode_query":"臺北市大安區延吉街131巷41號對面"}},{"type":"Feature","geometry":{"type":"Point","coordinates":[121.5433687,25.0367328]},"properties":{"site_name":"臺北市身心障礙者創業輔導發展協會","tel":"(02)27775940","address":"復興南路1段253巷15號旁","full_address":"臺北市大安區復興南路1段253巷15號旁","resolved_county":"臺北市","resolved_district":"大安區","service_type":"回收","item":"舊衣類","taipei_oldcloth_approval_no":"1041","taipei_oldcloth_remark":"","data_source":"臺北市舊衣回收核准名冊(CSV)","geocode_ok":true,"geocode_provider":"google","geocode_tier":"cache","geocode_query":"臺北市大安區復興南路1段253巷15號旁"}},{"type":"Feature","geometry":{"type":"Point","coordinates":[121.5248995,25.122895]},"properties":{"site_name":"台北市視障者重建發展協會","tel":"0937-862-107","address":"石牌路2段346號旁(電桿旁)","full_address":"臺北市北投區石牌路2段346號旁(電桿旁)","resolved_county":"臺北市","resolved_district":"北投區","service_type":"回收","item":"舊衣類","taipei_oldcloth_approval_no":"851","taipei_oldcloth_remark":"","data_source":"臺北市舊衣回收核准名冊(CSV)","geocode_ok":true,"geocode_provider":"google","geocode_tier":"cache","geocode_query":"臺北市北投區石牌路2段346號旁(電桿旁)"}},{"type":"Feature","geometry":{"type":"Point","coordinates":[121.5229719,25.0267596]},"properties":{"site_name":"臺北市身心障礙者創業發展協會","tel":"0937-862-107","address":"和平東路2段76巷23弄1號對面（電器設備與路燈中間）","full_address":"臺北市大安區和平東路2段76巷23弄1號對面（電器設備與路燈中間）","resolved_county":"臺北市","resolved_district":"大安區","service_type":"回收","item":"舊衣類","taipei_oldcloth_approval_no":"1276","taipei_oldcloth_remark":"","data_source":"臺北市舊衣回收核准名冊(CSV)","geocode_ok":true,"geocode_provider":"google","geocode_tier":"cache","geocode_query":"臺北市大安區和平東路2段76巷23弄1號對面（電器設備與路燈中間）"}},{"type":"Feature","geometry":{"type":"Point","coordinates":[121.520205,25.1167062]},"properties":{"site_name":"台北市視障者重建發展協會","tel":"0937-862-107","address":"明德路337巷1號對面(電氣設備旁)","full_address":"臺北市北投區明德路337巷1號對面(電氣設備旁)","resolved_county":"臺北市","resolved_district":"北投區","service_type":"回收","item":"舊衣類","taipei_oldcloth_approval_no":"853","taipei_oldcloth_remark":"","data_source":"臺北市舊衣回收核准名冊(CSV)","geocode_ok":true,"geocode_provider":"google","geocode_tier":"cache","geocode_query":"臺北市北投區明德路337巷1號對面(電氣設備旁)"}},{"type":"Feature","geometry":{"type":"Point","coordinates":[121.5264722,24.9943097]},"properties":{"site_name":"台北市視障者重建發展協會","tel":"0937-862-107","address":"成功路1段39號斜前方 (電氣設備旁)","full_address":"臺北市南港區成功路1段39號斜前方 (電氣設備旁)","resolved_county":"臺北市","resolved_district":"南港區","service_type":"回收","item":"舊衣類","taipei_oldcloth_approval_no":"854","taipei_oldcloth_remark":"","data_source":"臺北市舊衣回收核准名冊(CSV)","geocode_ok":true,"geocode_provider":"google","geocode_tier":"cache","geocode_query":"臺北市南港區成功路1段39號斜前方 (電氣設備旁)"}},{"type":"Feature","geometry":{"type":"Point","coordinates":[121.525904,25.1242902]},"properties":{"site_name":"台北市視障者重建發展協會","tel":"0937-862-107","address":"行義路7號對面(花臺旁)","full_address":"臺北市北投區行義路7號對面(花臺旁)","resolved_county":"臺北市","resolved_district":"北投區","service_type":"回收","item":"舊衣類","taipei_oldcloth_approval_no":"855","taipei_oldcloth_remark":"","data_source":"臺北市舊衣回收核准名冊(CSV)","geocode_ok":true,"geocode_provider":"google","geocode_tier":"cache","geocode_query":"臺北市北投區行義路7號對面(花臺旁)"}},{"type":"Feature","geometry":{"type":"Point","coordinates":[121.5274375,25.1255235]},"properties":{"site_name":"台北市視障者重建發展協會","tel":"0937-862-107","address":"行義路42號對面(電氣設備旁)","full_address":"臺北市北投區行義路42號對面(電氣設備旁)","resolved_county":"臺北市","resolved_district":"北投區","service_type":"回收","item":"舊衣類","taipei_oldcloth_approval_no":"856","taipei_oldcloth_remark":"","data_source":"臺北市舊衣回收核准名冊(CSV)","geocode_ok":true,"geocode_provider":"google","geocode_tier":"cache","geocode_query":"臺北市北投區行義路42號對面(電氣設備旁)"}},{"type":"Feature","geometry":{"type":"Point","coordinates":[121.5290888,25.1305115]},"properties":{"site_name":"台北市視障者重建發展協會","tel":"0937-862-107","address":"行義路154巷口(圍牆邊)","full_address":"臺北市北投區行義路154巷口(圍牆邊)","resolved_county":"臺北市","resolved_district":"北投區","service_type":"回收","item":"舊衣類","taipei_oldcloth_approval_no":"857","taipei_oldcloth_remark":"","data_source":"臺北市舊衣回收核准名冊(CSV)","geocode_ok":true,"geocode_provider":"google","geocode_tier":"cache","geocode_query":"臺北市北投區行義路154巷口(圍牆邊)"}},{"type":"Feature","geometry":{"type":"Point","coordinates":[121.5217587,25.0610621]},"properties":{"site_name":"台北市視障者重建發展協會","tel":"0937-862-107","address":"中山北路2段116巷17號旁","full_address":"臺北市中山區中山北路2段116巷17號旁","resolved_county":"臺北市","resolved_district":"中山區","service_type":"回收","item":"舊衣類","taipei_oldcloth_approval_no":"858","taipei_oldcloth_remark":"","data_source":"臺北市舊衣回收核准名冊(CSV)","geocode_ok":true,"geocode_provider":"google","geocode_tier":"cache","geocode_query":"臺北市中山區中山北路2段116巷17號旁"}},{"type":"Feature","geometry":{"type":"Point","coordinates":[121.5406293,25.0617893]},"properties":{"site_name":"台北市視障者重建發展協會","tel":"0937-862-107","address":"龍江路298巷底與合江街交叉口(路燈下方)","full_address":"臺北市中山區龍江路298巷底與合江街交叉口(路燈下方)","resolved_county":"臺北市","resolved_district":"中山區","service_type":"回收","item":"舊衣類","taipei_oldcloth_approval_no":"860","taipei_oldcloth_remark":"","data_source":"臺北市舊衣回收核准名冊(CSV)","geocode_ok":true,"geocode_provider":"google","geocode_tier":"cache","geocode_query":"臺北市中山區龍江路298巷底與合江街交叉口(路燈下方)"}},{"type":"Feature","geometry":{"type":"Point","coordinates":[121.5520115,25.0535563]},"properties":{"site_name":"台北市視障者重建發展協會","tel":"0937-862-107","address":"敦化北路145巷71號對面(電氣設備旁)","full_address":"臺北市松山區敦化北路145巷71號對面(電氣設備旁)","resolved_county":"臺北市","resolved_district":"松山區","service_type":"回收","item":"舊衣類","taipei_oldcloth_approval_no":"861","taipei_oldcloth_remark":"","data_source":"臺北市舊衣回收核准名冊(CSV)","geocode_ok":true,"geocode_provider":"google","geocode_tier":"cache","geocode_query":"臺北市松山區敦化北路145巷71號對面(電氣設備旁)"}},{"type":"Feature","geometry":{"type":"Point","coordinates":[121.5140572,25.1125414]},"properties":{"site_name":"台北市視障者重建發展協會","tel":"0937-862-107","address":"致遠一路2段70巷3號旁","full_address":"臺北市北投區致遠一路2段70巷3號旁","resolved_county":"臺北市","resolved_district":"北投區","service_type":"回收","item":"舊衣類","taipei_oldcloth_approval_no":"862","taipei_oldcloth_remark":"","data_source":"臺北市舊衣回收核准名冊(CSV)","geocode_ok":true,"geocode_provider":"google","geocode_tier":"cache","geocode_query":"臺北市北投區致遠一路2段70巷3號旁"}},{"type":"Feature","geometry":{"type":"Point","coordinates":[121.5134863,25.1128746]},"properties":{"site_name":"台北市視障者重建發展協會","tel":"0937-862-107","address":"致遠一路2段86巷口","full_address":"臺北市北投區致遠一路2段86巷口","resolved_county":"臺北市","resolved_district":"北投區","service_type":"回收","item":"舊衣類","taipei_oldcloth_approval_no":"864","taipei_oldcloth_remark":"","data_source":"臺北市舊衣回收核准名冊(CSV)","geocode_ok":true,"geocode_provider":"google","geocode_tier":"cache","geocode_query":"臺北市北投區致遠一路2段86巷口"}},{"type":"Feature","geometry":{"type":"Point","coordinates":[121.5612802,25.0608818]},"properties":{"site_name":"台北市視障者重建發展協會","tel":"0937-862-107","address":"富錦街427號對面(電氣設備旁)","full_address":"臺北市松山區富錦街427號對面(電氣設備旁)","resolved_county":"臺北市","resolved_district":"松山區","service_type":"回收","item":"舊衣類","taipei_oldcloth_approval_no":"865","taipei_oldcloth_remark":"","data_source":"臺北市舊衣回收核准名冊(CSV)","geocode_ok":true,"geocode_provider":"google","geocode_tier":"cache","geocode_query":"臺北市松山區富錦街427號對面(電氣設備旁)"}},{"type":"Feature","geometry":{"type":"Point","coordinates":[121.5219356,25.0594362]},"properties":{"site_name":"台北市視障者重建發展協會","tel":"0937-862-107","address":"民生西路3巷9號旁(圍牆邊)","full_address":"臺北市中山區民生西路3巷9號旁(圍牆邊)","resolved_county":"臺北市","resolved_district":"中山區","service_type":"回收","item":"舊衣類","taipei_oldcloth_approval_no":"866","taipei_oldcloth_remark":"","data_source":"臺北市舊衣回收核准名冊(CSV)","geocode_ok":true,"geocode_provider":"google","geocode_tier":"cache","geocode_query":"臺北市中山區民生西路3巷9號旁(圍牆邊)"}},{"type":"Feature","geometry":{"type":"Point","coordinates":[121.5109918,25.1362325]},"properties":{"site_name":"台北市視障者重建發展協會","tel":"0937-862-107","address":"溫泉路110-1號對面(燈桿旁)","full_address":"臺北市北投區溫泉路110-1號對面(燈桿旁)","resolved_county":"臺北市","resolved_district":"北投區","service_type":"回收","item":"舊衣類","taipei_oldcloth_approval_no":"867","taipei_oldcloth_remark":"","data_source":"臺北市舊衣回收核准名冊(CSV)","geocode_ok":true,"geocode_provider":"google","geocode_tier":"cache","geocode_query":"臺北市北投區溫泉路110-1號對面(燈桿旁)"}},{"type":"Feature","geometry":{"type":"Point","coordinates":[121.4995025,25.1285804]},"properties":{"site_name":"台北市視障者重建發展協會","tel":"0937-862-107","address":"大業路300巷33-1號旁(籃球場邊)","full_address":"臺北市北投區大業路300巷33-1號旁(籃球場邊)","resolved_county":"臺北市","resolved_district":"北投區","service_type":"回收","item":"舊衣類","taipei_oldcloth_approval_no":"870","taipei_oldcloth_remark":"","data_source":"臺北市舊衣回收核准名冊(CSV)","geocode_ok":true,"geocode_provider":"google","geocode_tier":"cache","geocode_query":"臺北市北投區大業路300巷33-1號旁(籃球場邊)"}},{"type":"Feature","geometry":{"type":"Point","coordinates":[121.5039568,25.134191]},"properties":{"site_name":"台北市視障者重建發展協會","tel":"0937-862-107","address":"溫泉路60號對面(圍牆邊)","full_address":"臺北市北投區溫泉路60號對面(圍牆邊)","resolved_county":"臺北市","resolved_district":"北投區","service_type":"回收","item":"舊衣類","taipei_oldcloth_approval_no":"871","taipei_oldcloth_remark":"","data_source":"臺北市舊衣回收核准名冊(CSV)","geocode_ok":true,"geocode_provider":"google","geocode_tier":"cache","geocode_query":"臺北市北投區溫泉路60號對面(圍牆邊)"}},{"type":"Feature","geometry":{"type":"Point","coordinates":[121.496433,25.1439276]},"properties":{"site_name":"台北市視障者重建發展協會","tel":"0937-862-107","address":"中和街455巷橋頭","full_address":"臺北市北投區中和街455巷橋頭","resolved_county":"臺北市","resolved_district":"北投區","service_type":"回收","item":"舊衣類","taipei_oldcloth_approval_no":"872","taipei_oldcloth_remark":"","data_source":"臺北市舊衣回收核准名冊(CSV)","geocode_ok":true,"geocode_provider":"google","geocode_tier":"cache","geocode_query":"臺北市北投區中和街455巷橋頭"}},{"type":"Feature","geometry":{"type":"Point","coordinates":[121.5572821,25.0802241]},"properties":{"site_name":"台北市視障者重建發展協會","tel":"0937-862-107","address":"樂群2路147號斜前方(行道樹旁)","full_address":"臺北市中山區樂群2路147號斜前方(行道樹旁)","resolved_county":"臺北市","resolved_district":"中山區","service_type":"回收","item":"舊衣類","taipei_oldcloth_approval_no":"873","taipei_oldcloth_remark":"","data_source":"臺北市舊衣回收核准名冊(CSV)","geocode_ok":true,"geocode_provider":"google","geocode_tier":"cache","geocode_query":"臺北市中山區樂群2路147號斜前方(行道樹旁)"}},{"type":"Feature","geometry":{"type":"Point","coordinates":[121.5448542,25.0811404]},"properties":{"site_name":"台北市視障者重建發展協會","tel":"0937-862-107","address":"大直街20巷34號對面","full_address":"臺北市中山區大直街20巷34號對面","resolved_county":"臺北市","resolved_district":"中山區","service_type":"回收","item":"舊衣類","taipei_oldcloth_approval_no":"874","taipei_oldcloth_remark":"","data_source":"臺北市舊衣回收核准名冊(CSV)","geocode_ok":true,"geocode_provider":"google","geocode_tier":"cache","geocode_query":"臺北市中山區大直街20巷34號對面"}},{"type":"Feature","geometry":{"type":"Point","coordinates":[121.5209511,25.0635468]},"properties":{"site_name":"台北市視障者重建發展協會","tel":"0937-862-107","address":"撫順街12號對面","full_address":"臺北市中山區撫順街12號對面","resolved_county":"臺北市","resolved_district":"中山區","service_type":"回收","item":"舊衣類","taipei_oldcloth_approval_no":"875","taipei_oldcloth_remark":"","data_source":"臺北市舊衣回收核准名冊(CSV)","geocode_ok":true,"geocode_provider":"google","geocode_tier":"cache","geocode_query":"臺北市中山區撫順街12號對面"}},{"type":"Feature","geometry":{"type":"Point","coordinates":[121.5593918,25.050528]},"properties":{"site_name":"臺北市障礙者發展協會","tel":"(02)25429529","address":"光復北路85巷25號對面","full_address":"臺北市松山區光復北路85巷25號對面","resolved_county":"臺北市","resolved_district":"松山區","service_type":"回收","item":"舊衣類","taipei_oldcloth_approval_no":"876","taipei_oldcloth_remark":"","data_source":"臺北市舊衣回收核准名冊(CSV)","geocode_ok":true,"geocode_provider":"google","geocode_tier":"cache","geocode_query":"臺北市松山區光復北路85巷25號對面"}},{"type":"Feature","geometry":{"type":"Point","coordinates":[121.49688,25.0340858]},"properties":{"site_name":"臺北市障礙者發展協會","tel":"(02)25429529","address":"大理街130巷口","full_address":"臺北市萬華區大理街130巷口","resolved_county":"臺北市","resolved_district":"萬華區","service_type":"回收","item":"舊衣類","taipei_oldcloth_approval_no":"878","taipei_oldcloth_remark":"","data_source":"臺北市舊衣回收核准名冊(CSV)","geocode_ok":true,"geocode_provider":"google","geocode_tier":"cache","geocode_query":"臺北市萬華區大理街130巷口"}},{"type":"Feature","geometry":{"type":"Point","coordinates":[121.4937668,25.0341761]},"properties":{"site_name":"臺北市障礙者發展協會","tel":"(02)25429529","address":"環河南路2段125巷口（電信箱旁）","full_address":"臺北市萬華區環河南路2段125巷口（電信箱旁）","resolved_county":"臺北市","resolved_district":"萬華區","service_type":"回收","item":"舊衣類","taipei_oldcloth_approval_no":"879","taipei_oldcloth_remark":"","data_source":"臺北市舊衣回收核准名冊(CSV)","geocode_ok":true,"geocode_provider":"google","geocode_tier":"cache","geocode_query":"臺北市萬華區環河南路2段125巷口（電信箱旁）"}},{"type":"Feature","geometry":{"type":"Point","coordinates":[121.5174837,25.0641488]},"properties":{"site_name":"臺北市障礙者發展協會","tel":"(02)25429529","address":"承德路3段24巷16號對面人行道樹旁","full_address":"臺北市大同區承德路3段24巷16號對面人行道樹旁","resolved_county":"臺北市","resolved_district":"大同區","service_type":"回收","item":"舊衣類","taipei_oldcloth_approval_no":"881","taipei_oldcloth_remark":"","data_source":"臺北市舊衣回收核准名冊(CSV)","geocode_ok":true,"geocode_provider":"google","geocode_tier":"cache","geocode_query":"臺北市大同區承德路3段24巷16號對面人行道樹旁"}},{"type":"Feature","geometry":{"type":"Point","coordinates":[121.5161579,25.0637693]},"properties":{"site_name":"臺北市障礙者發展協會","tel":"(02)25429529","address":"大龍街27號旁（變電箱旁）","full_address":"臺北市大同區大龍街27號旁（變電箱旁）","resolved_county":"臺北市","resolved_district":"大同區","service_type":"回收","item":"舊衣類","taipei_oldcloth_approval_no":"882","taipei_oldcloth_remark":"","data_source":"臺北市舊衣回收核准名冊(CSV)","geocode_ok":true,"geocode_provider":"google","geocode_tier":"cache","geocode_query":"臺北市大同區大龍街27號旁（變電箱旁）"}},{"type":"Feature","geometry":{"type":"Point","coordinates":[121.520008,25.0602451]},"properties":{"site_name":"臺北市障礙者發展協會","tel":"(02)25429529","address":"錦西街50號對面","full_address":"臺北市大同區錦西街50號對面","resolved_county":"臺北市","resolved_district":"大同區","service_type":"回收","item":"舊衣類","taipei_oldcloth_approval_no":"883","taipei_oldcloth_remark":"","data_source":"臺北市舊衣回收核准名冊(CSV)","geocode_ok":true,"geocode_provider":"google","geocode_tier":"cache","geocode_query":"臺北市大同區錦西街50號對面"}},{"type":"Feature","geometry":{"type":"Point","coordinates":[121.5035317,25.0929794]},"properties":{"site_name":"臺北市障礙者發展協會","tel":"(02)25429529","address":"社中街346巷3弄27號旁","full_address":"臺北市士林區社中街346巷3弄27號旁","resolved_county":"臺北市","resolved_district":"士林區","service_type":"回收","item":"舊衣類","taipei_oldcloth_approval_no":"884","taipei_oldcloth_remark":"","data_source":"臺北市舊衣回收核准名冊(CSV)","geocode_ok":true,"geocode_provider":"google","geocode_tier":"cache","geocode_query":"臺北市士林區社中街346巷3弄27號旁"}},{"type":"Feature","geometry":{"type":"Point","coordinates":[121.5101842,25.0508249]},"properties":{"site_name":"臺北市障礙者發展協會","tel":"(02)25429529","address":"塔城街24巷1號旁","full_address":"臺北市大同區塔城街24巷1號旁","resolved_county":"臺北市","resolved_district":"大同區","service_type":"回收","item":"舊衣類","taipei_oldcloth_approval_no":"885","taipei_oldcloth_remark":"","data_source":"臺北市舊衣回收核准名冊(CSV)","geocode_ok":true,"geocode_provider":"google","geocode_tier":"cache","geocode_query":"臺北市大同區塔城街24巷1號旁"}},{"type":"Feature","geometry":{"type":"Point","coordinates":[121.5072647,25.0475877]},"properties":{"site_name":"臺北市障礙者發展協會","tel":"(02)25429529","address":"西寧南路與洛陽街口","full_address":"臺北市萬華區西寧南路與洛陽街口","resolved_county":"臺北市","resolved_district":"萬華區","service_type":"回收","item":"舊衣類","taipei_oldcloth_approval_no":"886","taipei_oldcloth_remark":"","data_source":"臺北市舊衣回收核准名冊(CSV)","geocode_ok":true,"geocode_provider":"google","geocode_tier":"cache","geocode_query":"臺北市萬華區西寧南路與洛陽街口"}},{"type":"Feature","geometry":{"type":"Point","coordinates":[121.5101429,25.0519413]},"properties":{"site_name":"臺北市障礙者發展協會","tel":"(02)25429529","address":"長安西路342-1號交通號誌旁","full_address":"臺北市大同區長安西路342-1號交通號誌旁","resolved_county":"臺北市","resolved_district":"大同區","service_type":"回收","item":"舊衣類","taipei_oldcloth_approval_no":"887","taipei_oldcloth_remark":"","data_source":"臺北市舊衣回收核准名冊(CSV)","geocode_ok":true,"geocode_provider":"google","geocode_tier":"cache","geocode_query":"臺北市大同區長安西路342-1號交通號誌旁"}},{"type":"Feature","geometry":{"type":"Point","coordinates":[121.5165305,25.0673826]},"properties":{"site_name":"臺北市障礙者發展協會","tel":"(02)25429529","address":"大龍街91巷7號對面路燈旁","full_address":"臺北市大同區大龍街91巷7號對面路燈旁","resolved_county":"臺北市","resolved_district":"大同區","service_type":"回收","item":"舊衣類","taipei_oldcloth_approval_no":"888","taipei_oldcloth_remark":"","data_source":"臺北市舊衣回收核准名冊(CSV)","geocode_ok":true,"geocode_provider":"google","geocode_tier":"cache","geocode_query":"臺北市大同區大龍街91巷7號對面路燈旁"}},{"type":"Feature","geometry":{"type":"Point","coordinates":[121.5166603,25.0616059]},"properties":{"site_name":"臺北市障礙者發展協會","tel":"(02)25429529","address":"民權西路102巷4弄口","full_address":"臺北市大同區民權西路102巷4弄口","resolved_county":"臺北市","resolved_district":"大同區","service_type":"回收","item":"舊衣類","taipei_oldcloth_approval_no":"889","taipei_oldcloth_remark":"","data_source":"臺北市舊衣回收核准名冊(CSV)","geocode_ok":true,"geocode_provider":"google","geocode_tier":"cache","geocode_query":"臺北市大同區民權西路102巷4弄口"}},{"type":"Feature","geometry":{"type":"Point","coordinates":[121.5118666,25.0606882]},"properties":{"site_name":"臺北市障礙者發展協會","tel":"(02)25429529","address":"涼州街與寧夏路口（變電箱旁）","full_address":"臺北市大同區涼州街與寧夏路口（變電箱旁）","resolved_county":"臺北市","resolved_district":"大同區","service_type":"回收","item":"舊衣類","taipei_oldcloth_approval_no":"890","taipei_oldcloth_remark":"","data_source":"臺北市舊衣回收核准名冊(CSV)","geocode_ok":true,"geocode_provider":"google","geocode_tier":"cache","geocode_query":"臺北市大同區涼州街與寧夏路口（變電箱旁）"}},{"type":"Feature","geometry":{"type":"Point","coordinates":[121.5012164,25.0314098]},"properties":{"site_name":"臺北市障礙者發展協會","tel":"(02)25429529","address":"莒光路210號前（變電箱旁）","full_address":"臺北市萬華區莒光路210號前（變電箱旁）","resolved_county":"臺北市","resolved_district":"萬華區","service_type":"回收","item":"舊衣類","taipei_oldcloth_approval_no":"891","taipei_oldcloth_remark":"","data_source":"臺北市舊衣回收核准名冊(CSV)","geocode_ok":true,"geocode_provider":"google","geocode_tier":"cache","geocode_query":"臺北市萬華區莒光路210號前（變電箱旁）"}},{"type":"Feature","geometry":{"type":"Point","coordinates":[121.5580254,25.049089]},"properties":{"site_name":"臺北市障礙者發展協會","tel":"(02)25429529","address":"南京東路5段66巷與光復北路11巷交叉口","full_address":"臺北市松山區南京東路5段66巷與光復北路11巷交叉口","resolved_county":"臺北市","resolved_district":"松山區","service_type":"回收","item":"舊衣類","taipei_oldcloth_approval_no":"892","taipei_oldcloth_remark":"","data_source":"臺北市舊衣回收核准名冊(CSV)","geocode_ok":true,"geocode_provider":"google","geocode_tier":"cache","geocode_query":"臺北市松山區南京東路5段66巷與光復北路11巷交叉口"}},{"type":"Feature","geometry":{"type":"Point","coordinates":[121.5578693,25.0476424]},"properties":{"site_name":"臺北市障礙者發展協會","tel":"(02)25429529","address":"光復南路11巷與吉祥路交叉口","full_address":"臺北市松山區光復南路11巷與吉祥路交叉口","resolved_county":"臺北市","resolved_district":"松山區","service_type":"回收","item":"舊衣類","taipei_oldcloth_approval_no":"893","taipei_oldcloth_remark":"","data_source":"臺北市舊衣回收核准名冊(CSV)","geocode_ok":true,"geocode_provider":"google","geocode_tier":"cache","geocode_query":"臺北市松山區光復南路11巷與吉祥路交叉口"}},{"type":"Feature","geometry":{"type":"Point","coordinates":[121.5609657,25.0478269]},"properties":{"site_name":"臺北市障礙者發展協會","tel":"(02)25429529","address":"八德路4段106巷2弄2號對面","full_address":"臺北市松山區八德路4段106巷2弄2號對面","resolved_county":"臺北市","resolved_district":"松山區","service_type":"回收","item":"舊衣類","taipei_oldcloth_approval_no":"894","taipei_oldcloth_remark":"","data_source":"臺北市舊衣回收核准名冊(CSV)","geocode_ok":true,"geocode_provider":"google","geocode_tier":"cache","geocode_query":"臺北市松山區八德路4段106巷2弄2號對面"}},{"type":"Feature","geometry":{"type":"Point","coordinates":[121.5570226,25.0562218]},"properties":{"site_name":"臺北市障礙者發展協會","tel":"(02)25429529","address":"延壽街406號對面","full_address":"臺北市松山區延壽街406號對面","resolved_county":"臺北市","resolved_district":"松山區","service_type":"回收","item":"舊衣類","taipei_oldcloth_approval_no":"896","taipei_oldcloth_remark":"","data_source":"臺北市舊衣回收核准名冊(CSV)","geocode_ok":true,"geocode_provider":"google","geocode_tier":"cache","geocode_query":"臺北市松山區延壽街406號對面"}},{"type":"Feature","geometry":{"type":"Point","coordinates":[121.550882,25.0519352]},"properties":{"site_name":"臺北市障礙者發展協會","tel":"(02)25429529","address":"南京東路5段23巷1號旁","full_address":"臺北市松山區南京東路5段23巷1號旁","resolved_county":"臺北市","resolved_district":"松山區","service_type":"回收","item":"舊衣類","taipei_oldcloth_approval_no":"897","taipei_oldcloth_remark":"","data_source":"臺北市舊衣回收核准名冊(CSV)","geocode_ok":true,"geocode_provider":"google","geocode_tier":"cache","geocode_query":"臺北市松山區南京東路5段23巷1號旁"}},{"type":"Feature","geometry":{"type":"Point","coordinates":[121.5449019,24.9954063]},"properties":{"site_name":"臺北市障礙者發展協會","tel":"(02)25429529","address":"景興路97巷旁","full_address":"臺北市文山區景興路97巷旁","resolved_county":"臺北市","resolved_district":"文山區","service_type":"回收","item":"舊衣類","taipei_oldcloth_approval_no":"898","taipei_oldcloth_remark":"","data_source":"臺北市舊衣回收核准名冊(CSV)","geocode_ok":true,"geocode_provider":"google","geocode_tier":"cache","geocode_query":"臺北市文山區景興路97巷旁"}},{"type":"Feature","geometry":{"type":"Point","coordinates":[121.5565484,25.0506281]},"properties":{"site_name":"臺北市障礙者發展協會","tel":"(02)25429529","address":"光復北路100巷33號旁","full_address":"臺北市松山區光復北路100巷33號旁","resolved_county":"臺北市","resolved_district":"松山區","service_type":"回收","item":"舊衣類","taipei_oldcloth_approval_no":"900","taipei_oldcloth_remark":"","data_source":"臺北市舊衣回收核准名冊(CSV)","geocode_ok":true,"geocode_provider":"google","geocode_tier":"cache","geocode_query":"臺北市松山區光復北路100巷33號旁"}},{"type":"Feature","geometry":{"type":"Point","coordinates":[121.5182764,25.0756383]},"properties":{"site_name":"台北市視障者福利發展協會","tel":"(02)25912695","address":"敦煌路74巷口","full_address":"臺北市大同區敦煌路74巷口","resolved_county":"臺北市","resolved_district":"大同區","service_type":"回收","item":"舊衣類","taipei_oldcloth_approval_no":"901","taipei_oldcloth_remark":"","data_source":"臺北市舊衣回收核准名冊(CSV)","geocode_ok":true,"geocode_provider":"google","geocode_tier":"cache","geocode_query":"臺北市大同區敦煌路74巷口"}},{"type":"Feature","geometry":{"type":"Point","coordinates":[121.5175666,25.0252348]},"properties":{"site_name":"台北市視障者福利發展協會","tel":"(02)25912695","address":"廈門街61號旁","full_address":"臺北市中正區廈門街61號旁","resolved_county":"臺北市","resolved_district":"中正區","service_type":"回收","item":"舊衣類","taipei_oldcloth_approval_no":"902","taipei_oldcloth_remark":"","data_source":"臺北市舊衣回收核准名冊(CSV)","geocode_ok":true,"geocode_provider":"google","geocode_tier":"cache","geocode_query":"臺北市中正區廈門街61號旁"}},{"type":"Feature","geometry":{"type":"Point","coordinates":[121.5030341,25.0310445]},"properties":{"site_name":"台北市視障者福利發展協會","tel":"(02)25912695","address":"莒光路153巷口(人行道上)","full_address":"臺北市萬華區莒光路153巷口(人行道上)","resolved_county":"臺北市","resolved_district":"萬華區","service_type":"回收","item":"舊衣類","taipei_oldcloth_approval_no":"903","taipei_oldcloth_remark":"","data_source":"臺北市舊衣回收核准名冊(CSV)","geocode_ok":true,"geocode_provider":"google","geocode_tier":"cache","geocode_query":"臺北市萬華區莒光路153巷口(人行道上)"}},{"type":"Feature","geometry":{"type":"Point","coordinates":[121.4990893,25.0302842]},"properties":{"site_name":"台北市視障者福利發展協會","tel":"(02)25912695","address":"莒光路299巷口(電器設備旁)","full_address":"臺北市萬華區莒光路299巷口(電器設備旁)","resolved_county":"臺北市","resolved_district":"萬華區","service_type":"回收","item":"舊衣類","taipei_oldcloth_approval_no":"904","taipei_oldcloth_remark":"","data_source":"臺北市舊衣回收核准名冊(CSV)","geocode_ok":true,"geocode_provider":"google","geocode_tier":"cache","geocode_query":"臺北市萬華區莒光路299巷口(電器設備旁)"}},{"type":"Feature","geometry":{"type":"Point","coordinates":[121.5005356,25.0312133]},"properties":{"site_name":"台北市視障者福利發展協會","tel":"(02)25912695","address":"莒光路與萬大路口","full_address":"臺北市萬華區莒光路與萬大路口","resolved_county":"臺北市","resolved_district":"萬華區","service_type":"回收","item":"舊衣類","taipei_oldcloth_approval_no":"905","taipei_oldcloth_remark":"","data_source":"臺北市舊衣回收核准名冊(CSV)","geocode_ok":true,"geocode_provider":"google","geocode_tier":"cache","geocode_query":"臺北市萬華區莒光路與萬大路口"}},{"type":"Feature","geometry":{"type":"Point","coordinates":[121.5644002,25.0506946]},"properties":{"site_name":"台北市視障者福利發展協會","tel":"(02)25912695","address":"八德路4段245巷37號對面","full_address":"臺北市松山區八德路4段245巷37號對面","resolved_county":"臺北市","resolved_district":"松山區","service_type":"回收","item":"舊衣類","taipei_oldcloth_approval_no":"906","taipei_oldcloth_remark":"","data_source":"臺北市舊衣回收核准名冊(CSV)","geocode_ok":true,"geocode_provider":"google","geocode_tier":"cache","geocode_query":"臺北市松山區八德路4段245巷37號對面"}},{"type":"Feature","geometry":{"type":"Point","coordinates":[121.5773849,25.0371161]},"properties":{"site_name":"台北市視障者福利發展協會","tel":"(02)25912695","address":"虎林街247號對面","full_address":"臺北市信義區虎林街247號對面","resolved_county":"臺北市","resolved_district":"信義區","service_type":"回收","item":"舊衣類","taipei_oldcloth_approval_no":"907","taipei_oldcloth_remark":"","data_source":"臺北市舊衣回收核准名冊(CSV)","geocode_ok":true,"geocode_provider":"google","geocode_tier":"cache","geocode_query":"臺北市信義區虎林街247號對面"}},{"type":"Feature","geometry":{"type":"Point","coordinates":[121.5367283,25.0248843]},"properties":{"site_name":"台北市視障者福利發展協會","tel":"(02)25912695","address":"新生南路3段19巷32號與34號中間","full_address":"臺北市大安區新生南路3段19巷32號與34號中間","resolved_county":"臺北市","resolved_district":"大安區","service_type":"回收","item":"舊衣類","taipei_oldcloth_approval_no":"908","taipei_oldcloth_remark":"","data_source":"臺北市舊衣回收核准名冊(CSV)","geocode_ok":true,"geocode_provider":"google","geocode_tier":"cache","geocode_query":"臺北市大安區新生南路3段19巷32號與34號中間"}},{"type":"Feature","geometry":{"type":"Point","coordinates":[121.5379559,25.01046]},"properties":{"site_name":"台北市視障者福利發展協會","tel":"(02)25912695","address":"羅斯福路4段119巷20號對面","full_address":"臺北市大安區羅斯福路4段119巷20號對面","resolved_county":"臺北市","resolved_district":"大安區","service_type":"回收","item":"舊衣類","taipei_oldcloth_approval_no":"909","taipei_oldcloth_remark":"","data_source":"臺北市舊衣回收核准名冊(CSV)","geocode_ok":true,"geocode_provider":"google","geocode_tier":"cache","geocode_query":"臺北市大安區羅斯福路4段119巷20號對面"}},{"type":"Feature","geometry":{"type":"Point","coordinates":[121.5864328,25.0450535]},"properties":{"site_name":"台北市視障者福利發展協會","tel":"(02)25912695","address":"玉成街201巷與成福路交叉口電桿旁","full_address":"臺北市南港區玉成街201巷與成福路交叉口電桿旁","resolved_county":"臺北市","resolved_district":"南港區","service_type":"回收","item":"舊衣類","taipei_oldcloth_approval_no":"910","taipei_oldcloth_remark":"","data_source":"臺北市舊衣回收核准名冊(CSV)","geocode_ok":true,"geocode_provider":"google","geocode_tier":"cache","geocode_query":"臺北市南港區玉成街201巷與成福路交叉口電桿旁"}},{"type":"Feature","geometry":{"type":"Point","coordinates":[121.5238985,25.0640286]},"properties":{"site_name":"台北市視障者福利發展協會","tel":"(02)25912695","address":"雙城街10巷6號","full_address":"臺北市中山區雙城街10巷6號","resolved_county":"臺北市","resolved_district":"中山區","service_type":"回收","item":"舊衣類","taipei_oldcloth_approval_no":"911","taipei_oldcloth_remark":"","data_source":"臺北市舊衣回收核准名冊(CSV)","geocode_ok":true,"geocode_provider":"google","geocode_tier":"cache","geocode_query":"臺北市中山區雙城街10巷6號"}},{"type":"Feature","geometry":{"type":"Point","coordinates":[121.606681,25.0581199]},"properties":{"site_name":"台北市視障者福利發展協會","tel":"(02)25912695","address":"興中路與重陽路交叉口","full_address":"臺北市南港區興中路與重陽路交叉口","resolved_county":"臺北市","resolved_district":"南港區","service_type":"回收","item":"舊衣類","taipei_oldcloth_approval_no":"912","taipei_oldcloth_remark":"","data_source":"臺北市舊衣回收核准名冊(CSV)","geocode_ok":true,"geocode_provider":"google","geocode_tier":"cache","geocode_query":"臺北市南港區興中路與重陽路交叉口"}},{"type":"Feature","geometry":{"type":"Point","coordinates":[121.5323534,25.0592368]},"properties":{"site_name":"台北市視障者福利發展協會","tel":"(02)25912695","address":"松江路252巷5號斜對面（圍牆邊）","full_address":"臺北市中山區松江路252巷5號斜對面（圍牆邊）","resolved_county":"臺北市","resolved_district":"中山區","service_type":"回收","item":"舊衣類","taipei_oldcloth_approval_no":"913","taipei_oldcloth_remark":"","data_source":"臺北市舊衣回收核准名冊(CSV)","geocode_ok":true,"geocode_provider":"google","geocode_tier":"cache","geocode_query":"臺北市中山區松江路252巷5號斜對面（圍牆邊）"}},{"type":"Feature","geometry":{"type":"Point","coordinates":[121.5158512,25.0749548]},"properties":{"site_name":"台北市視障者福利發展協會","tel":"(02)25912695","address":"哈密街59巷29號對面","full_address":"臺北市大同區哈密街59巷29號對面","resolved_county":"臺北市","resolved_district":"大同區","service_type":"回收","item":"舊衣類","taipei_oldcloth_approval_no":"914","taipei_oldcloth_remark":"","data_source":"臺北市舊衣回收核准名冊(CSV)","geocode_ok":true,"geocode_provider":"google","geocode_tier":"cache","geocode_query":"臺北市大同區哈密街59巷29號對面"}},{"type":"Feature","geometry":{"type":"Point","coordinates":[121.5193554,25.0678327]},"properties":{"site_name":"台北市視障者福利發展協會","tel":"(02)25912695","address":"承德路3段143巷21號對面(電氣設備旁)","full_address":"臺北市大同區承德路3段143巷21號對面(電氣設備旁)","resolved_county":"臺北市","resolved_district":"大同區","service_type":"回收","item":"舊衣類","taipei_oldcloth_approval_no":"916","taipei_oldcloth_remark":"","data_source":"臺北市舊衣回收核准名冊(CSV)","geocode_ok":true,"geocode_provider":"google","geocode_tier":"cache","geocode_query":"臺北市大同區承德路3段143巷21號對面(電氣設備旁)"}},{"type":"Feature","geometry":{"type":"Point","coordinates":[121.5501534,25.0841298]},"properties":{"site_name":"台北市視障者福利發展協會","tel":"(02)25912695","address":"北安路670巷14號旁（公布欄邊）","full_address":"臺北市中山區北安路670巷14號旁（公布欄邊）","resolved_county":"臺北市","resolved_district":"中山區","service_type":"回收","item":"舊衣類","taipei_oldcloth_approval_no":"917","taipei_oldcloth_remark":"","data_source":"臺北市舊衣回收核准名冊(CSV)","geocode_ok":true,"geocode_provider":"google","geocode_tier":"cache","geocode_query":"臺北市中山區北安路670巷14號旁（公布欄邊）"}},{"type":"Feature","geometry":{"type":"Point","coordinates":[121.5372582,25.0243846]},"properties":{"site_name":"台北市視障者福利發展協會","tel":"(02)25912695","address":"建國南路2段296號旁人行道","full_address":"臺北市大安區建國南路2段296號旁人行道","resolved_county":"臺北市","resolved_district":"大安區","service_type":"回收","item":"舊衣類","taipei_oldcloth_approval_no":"919","taipei_oldcloth_remark":"","data_source":"臺北市舊衣回收核准名冊(CSV)","geocode_ok":true,"geocode_provider":"google","geocode_tier":"cache","geocode_query":"臺北市大安區建國南路2段296號旁人行道"}},{"type":"Feature","geometry":{"type":"Point","coordinates":[121.5754952,24.9923011]},"properties":{"site_name":"台北市視障者福利發展協會","tel":"(02)25912695","address":"秀明路2段15號對面變電箱旁","full_address":"臺北市文山區秀明路2段15號對面變電箱旁","resolved_county":"臺北市","resolved_district":"文山區","service_type":"回收","item":"舊衣類","taipei_oldcloth_approval_no":"920","taipei_oldcloth_remark":"","data_source":"臺北市舊衣回收核准名冊(CSV)","geocode_ok":true,"geocode_provider":"google","geocode_tier":"cache","geocode_query":"臺北市文山區秀明路2段15號對面變電箱旁"}},{"type":"Feature","geometry":{"type":"Point","coordinates":[121.5763174,24.9899038]},"properties":{"site_name":"台北市視障者福利發展協會","tel":"(02)25912695","address":"秀明路2段114號前","full_address":"臺北市文山區秀明路2段114號前","resolved_county":"臺北市","resolved_district":"文山區","service_type":"回收","item":"舊衣類","taipei_oldcloth_approval_no":"921","taipei_oldcloth_remark":"","data_source":"臺北市舊衣回收核准名冊(CSV)","geocode_ok":true,"geocode_provider":"google","geocode_tier":"cache","geocode_query":"臺北市文山區秀明路2段114號前"}},{"type":"Feature","geometry":{"type":"Point","coordinates":[121.5184258,25.0849078]},"properties":{"site_name":"台北市啟明權益促進會","tel":"(02)28978300","address":"前港街110巷對面電箱旁","full_address":"臺北市士林區前港街110巷對面電箱旁","resolved_county":"臺北市","resolved_district":"士林區","service_type":"回收","item":"舊衣類","taipei_oldcloth_approval_no":"926","taipei_oldcloth_remark":"","data_source":"臺北市舊衣回收核准名冊(CSV)","geocode_ok":true,"geocode_provider":"google","geocode_tier":"cache","geocode_query":"臺北市士林區前港街110巷對面電箱旁"}},{"type":"Feature","geometry":{"type":"Point","coordinates":[121.5359457,25.0359908]},"properties":{"site_name":"台北市啟明權益促進會","tel":"(02)28978300","address":"仁愛路3段24巷3號對面","full_address":"臺北市大安區仁愛路3段24巷3號對面","resolved_county":"臺北市","resolved_district":"大安區","service_type":"回收","item":"舊衣類","taipei_oldcloth_approval_no":"930","taipei_oldcloth_remark":"","data_source":"臺北市舊衣回收核准名冊(CSV)","geocode_ok":true,"geocode_provider":"google","geocode_tier":"cache","geocode_query":"臺北市大安區仁愛路3段24巷3號對面"}},{"type":"Feature","geometry":{"type":"Point","coordinates":[121.5372832,25.0228567]},"properties":{"site_name":"臺北市身心障礙者創業發展協會","tel":"(02)28978300","address":"建國南路1段44巷口桿邊","full_address":"臺北市大安區建國南路1段44巷口桿邊","resolved_county":"臺北市","resolved_district":"大安區","service_type":"回收","item":"舊衣類","taipei_oldcloth_approval_no":"1269","taipei_oldcloth_remark":"","data_source":"臺北市舊衣回收核准名冊(CSV)","geocode_ok":true,"geocode_provider":"google","geocode_tier":"cache","geocode_query":"臺北市大安區建國南路1段44巷口桿邊"}},{"type":"Feature","geometry":{"type":"Point","coordinates":[121.5287862,25.0366554]},"properties":{"site_name":"台北市啟明權益促進會","tel":"(02)28978300","address":"金山南路1段79巷與臨沂街63巷口","full_address":"臺北市中正區金山南路1段79巷與臨沂街63巷口","resolved_county":"臺北市","resolved_district":"中正區","service_type":"回收","item":"舊衣類","taipei_oldcloth_approval_no":"932","taipei_oldcloth_remark":"","data_source":"臺北市舊衣回收核准名冊(CSV)","geocode_ok":true,"geocode_provider":"google","geocode_tier":"cache","geocode_query":"臺北市中正區金山南路1段79巷與臨沂街63巷口"}},{"type":"Feature","geometry":{"type":"Point","coordinates":[121.5311589,25.0342267]},"properties":{"site_name":"台北市啟明權益促進會","tel":"(02)28978300","address":"信義路2段243巷電箱邊","full_address":"臺北市中正區信義路2段243巷電箱邊","resolved_county":"臺北市","resolved_district":"中正區","service_type":"回收","item":"舊衣類","taipei_oldcloth_approval_no":"933","taipei_oldcloth_remark":"","data_source":"臺北市舊衣回收核准名冊(CSV)","geocode_ok":true,"geocode_provider":"google","geocode_tier":"cache","geocode_query":"臺北市中正區信義路2段243巷電箱邊"}},{"type":"Feature","geometry":{"type":"Point","coordinates":[121.5839668,25.0758755]},"properties":{"site_name":"台北市啟明權益促進會","tel":"(02)28978300","address":"陽光街68巷102弄2號對面","full_address":"臺北市內湖區陽光街68巷102弄2號對面","resolved_county":"臺北市","resolved_district":"內湖區","service_type":"回收","item":"舊衣類","taipei_oldcloth_approval_no":"935","taipei_oldcloth_remark":"","data_source":"臺北市舊衣回收核准名冊(CSV)","geocode_ok":true,"geocode_provider":"google","geocode_tier":"cache","geocode_query":"臺北市內湖區陽光街68巷102弄2號對面"}},{"type":"Feature","geometry":{"type":"Point","coordinates":[121.6164704,25.068312]},"properties":{"site_name":"台北市啟明權益促進會","tel":"(02)28978300","address":"東湖路121號119巷口","full_address":"臺北市內湖區東湖路121號119巷口","resolved_county":"臺北市","resolved_district":"內湖區","service_type":"回收","item":"舊衣類","taipei_oldcloth_approval_no":"936","taipei_oldcloth_remark":"","data_source":"臺北市舊衣回收核准名冊(CSV)","geocode_ok":true,"geocode_provider":"google","geocode_tier":"cache","geocode_query":"臺北市內湖區東湖路121號119巷口"}},{"type":"Feature","geometry":{"type":"Point","coordinates":[121.5900641,25.0825737]},"properties":{"site_name":"台北市啟明權益促進會","tel":"(02)28978300","address":"內湖路2段263巷4號右側","full_address":"臺北市內湖區內湖路2段263巷4號右側","resolved_county":"臺北市","resolved_district":"內湖區","service_type":"回收","item":"舊衣類","taipei_oldcloth_approval_no":"937","taipei_oldcloth_remark":"","data_source":"臺北市舊衣回收核准名冊(CSV)","geocode_ok":true,"geocode_provider":"google","geocode_tier":"cache","geocode_query":"臺北市內湖區內湖路2段263巷4號右側"}},{"type":"Feature","geometry":{"type":"Point","coordinates":[121.6049456,25.0721445]},"properties":{"site_name":"台北市啟明權益促進會","tel":"(02)28978300","address":"民權東路6段280巷與康寧路3段56巷交叉口","full_address":"臺北市內湖區民權東路6段280巷與康寧路3段56巷交叉口","resolved_county":"臺北市","resolved_district":"內湖區","service_type":"回收","item":"舊衣類","taipei_oldcloth_approval_no":"938","taipei_oldcloth_remark":"","data_source":"臺北市舊衣回收核准名冊(CSV)","geocode_ok":true,"geocode_provider":"google","geocode_tier":"cache","geocode_query":"臺北市內湖區民權東路6段280巷與康寧路3段56巷交叉口"}},{"type":"Feature","geometry":{"type":"Point","coordinates":[121.5893888,25.0875421]},"properties":{"site_name":"台北市啟明權益促進會","tel":"(02)28978300","address":"內湖路3段173巷口電桿旁(175號旁)","full_address":"臺北市內湖區內湖路3段173巷口電桿旁(175號旁)","resolved_county":"臺北市","resolved_district":"內湖區","service_type":"回收","item":"舊衣類","taipei_oldcloth_approval_no":"939","taipei_oldcloth_remark":"","data_source":"臺北市舊衣回收核准名冊(CSV)","geocode_ok":true,"geocode_provider":"google","geocode_tier":"cache","geocode_query":"臺北市內湖區內湖路3段173巷口電桿旁(175號旁)"}},{"type":"Feature","geometry":{"type":"Point","coordinates":[121.5885669,25.0878257]},"properties":{"site_name":"台北市啟明權益促進會","tel":"(02)28978300","address":"內湖路3段191巷18號旁公佈欄邊","full_address":"臺北市內湖區內湖路3段191巷18號旁公佈欄邊","resolved_county":"臺北市","resolved_district":"內湖區","service_type":"回收","item":"舊衣類","taipei_oldcloth_approval_no":"940","taipei_oldcloth_remark":"","data_source":"臺北市舊衣回收核准名冊(CSV)","geocode_ok":true,"geocode_provider":"google","geocode_tier":"cache","geocode_query":"臺北市內湖區內湖路3段191巷18號旁公佈欄邊"}},{"type":"Feature","geometry":{"type":"Point","coordinates":[121.5987296,25.0857347]},"properties":{"site_name":"台北市啟明權益促進會","tel":"(02)28978300","address":"成功路4段324巷電桿邊","full_address":"臺北市內湖區成功路4段324巷電桿邊","resolved_county":"臺北市","resolved_district":"內湖區","service_type":"回收","item":"舊衣類","taipei_oldcloth_approval_no":"941","taipei_oldcloth_remark":"","data_source":"臺北市舊衣回收核准名冊(CSV)","geocode_ok":true,"geocode_provider":"google","geocode_tier":"cache","geocode_query":"臺北市內湖區成功路4段324巷電桿邊"}},{"type":"Feature","geometry":{"type":"Point","coordinates":[121.595972,25.082939]},"properties":{"site_name":"台北市啟明權益促進會","tel":"(02)28978300","address":"金湖路31號旁公佈欄旁","full_address":"臺北市內湖區金湖路31號旁公佈欄旁","resolved_county":"臺北市","resolved_district":"內湖區","service_type":"回收","item":"舊衣類","taipei_oldcloth_approval_no":"942","taipei_oldcloth_remark":"","data_source":"臺北市舊衣回收核准名冊(CSV)","geocode_ok":true,"geocode_provider":"google","geocode_tier":"cache","geocode_query":"臺北市內湖區金湖路31號旁公佈欄旁"}},{"type":"Feature","geometry":{"type":"Point","coordinates":[121.6189271,25.0707811]},"properties":{"site_name":"台北市啟明權益促進會","tel":"(02)28978300","address":"康樂街110巷電箱旁","full_address":"臺北市內湖區康樂街110巷電箱旁","resolved_county":"臺北市","resolved_district":"內湖區","service_type":"回收","item":"舊衣類","taipei_oldcloth_approval_no":"943","taipei_oldcloth_remark":"","data_source":"臺北市舊衣回收核准名冊(CSV)","geocode_ok":true,"geocode_provider":"google","geocode_tier":"cache","geocode_query":"臺北市內湖區康樂街110巷電箱旁"}},{"type":"Feature","geometry":{"type":"Point","coordinates":[121.5207873,25.1095091]},"properties":{"site_name":"台北市啟明權益促進會","tel":"(02)28978300","address":"明德路118巷口","full_address":"臺北市北投區明德路118巷口","resolved_county":"臺北市","resolved_district":"北投區","service_type":"回收","item":"舊衣類","taipei_oldcloth_approval_no":"944","taipei_oldcloth_remark":"","data_source":"臺北市舊衣回收核准名冊(CSV)","geocode_ok":true,"geocode_provider":"google","geocode_tier":"cache","geocode_query":"臺北市北投區明德路118巷口"}},{"type":"Feature","geometry":{"type":"Point","coordinates":[121.5874567,25.0393433]},"properties":{"site_name":"台北市啟明權益促進會","tel":"(02)28978300","address":"福德街308巷對面309巷口人行道","full_address":"臺北市信義區福德街308巷對面309巷口人行道","resolved_county":"臺北市","resolved_district":"信義區","service_type":"回收","item":"舊衣類","taipei_oldcloth_approval_no":"946","taipei_oldcloth_remark":"","data_source":"臺北市舊衣回收核准名冊(CSV)","geocode_ok":true,"geocode_provider":"google","geocode_tier":"cache","geocode_query":"臺北市信義區福德街308巷對面309巷口人行道"}},{"type":"Feature","geometry":{"type":"Point","coordinates":[121.5855745,25.0404327]},"properties":{"site_name":"台北市啟明權益促進會","tel":"(02)28978300","address":"福德街268巷34之2號電桿下","full_address":"臺北市信義區福德街268巷34之2號電桿下","resolved_county":"臺北市","resolved_district":"信義區","service_type":"回收","item":"舊衣類","taipei_oldcloth_approval_no":"947","taipei_oldcloth_remark":"","data_source":"臺北市舊衣回收核准名冊(CSV)","geocode_ok":true,"geocode_provider":"google","geocode_tier":"cache","geocode_query":"臺北市信義區福德街268巷34之2號電桿下"}},{"type":"Feature","geometry":{"type":"Point","coordinates":[121.6071609,25.0551132]},"properties":{"site_name":"台北市啟明權益促進會","tel":"(02)28978300","address":"興中路20號對面","full_address":"臺北市南港區興中路20號對面","resolved_county":"臺北市","resolved_district":"南港區","service_type":"回收","item":"舊衣類","taipei_oldcloth_approval_no":"948","taipei_oldcloth_remark":"","data_source":"臺北市舊衣回收核准名冊(CSV)","geocode_ok":true,"geocode_provider":"google","geocode_tier":"cache","geocode_query":"臺北市南港區興中路20號對面"}},{"type":"Feature","geometry":{"type":"Point","coordinates":[121.613465,25.056454]},"properties":{"site_name":"台北市啟明權益促進會","tel":"(02)28978300","address":"南港路1段137巷口","full_address":"臺北市南港區南港路1段137巷口","resolved_county":"臺北市","resolved_district":"南港區","service_type":"回收","item":"舊衣類","taipei_oldcloth_approval_no":"949","taipei_oldcloth_remark":"","data_source":"臺北市舊衣回收核准名冊(CSV)","geocode_ok":true,"geocode_provider":"google","geocode_tier":"cache","geocode_query":"臺北市南港區南港路1段137巷口"}},{"type":"Feature","geometry":{"type":"Point","coordinates":[121.61062,25.0594892]},"properties":{"site_name":"台北市啟明權益促進會","tel":"(02)28978300","address":"重陽路與園區街大樹旁","full_address":"臺北市南港區重陽路與園區街大樹旁","resolved_county":"臺北市","resolved_district":"南港區","service_type":"回收","item":"舊衣類","taipei_oldcloth_approval_no":"950","taipei_oldcloth_remark":"","data_source":"臺北市舊衣回收核准名冊(CSV)","geocode_ok":true,"geocode_provider":"google","geocode_tier":"cache","geocode_query":"臺北市南港區重陽路與園區街大樹旁"}},{"type":"Feature","geometry":{"type":"Point","coordinates":[121.5328702,25.1241256]},"properties":{"site_name":"台北市視障多元就業促進會","tel":"(02)25991234","address":"中山北路7段154巷3號對面電線桿旁","full_address":"臺北市士林區中山北路7段154巷3號對面電線桿旁","resolved_county":"臺北市","resolved_district":"士林區","service_type":"回收","item":"舊衣類","taipei_oldcloth_approval_no":"951","taipei_oldcloth_remark":"","data_source":"臺北市舊衣回收核准名冊(CSV)","geocode_ok":true,"geocode_provider":"google","geocode_tier":"cache","geocode_query":"臺北市士林區中山北路7段154巷3號對面電線桿旁"}},{"type":"Feature","geometry":{"type":"Point","coordinates":[121.5153806,25.0640102]},"properties":{"site_name":"台北市視障多元就業促進會","tel":"(02)25991234","address":"蘭州街89巷1弄蘭州公園電線桿旁","full_address":"臺北市大同區蘭州街89巷1弄蘭州公園電線桿旁","resolved_county":"臺北市","resolved_district":"大同區","service_type":"回收","item":"舊衣類","taipei_oldcloth_approval_no":"952","taipei_oldcloth_remark":"","data_source":"臺北市舊衣回收核准名冊(CSV)","geocode_ok":true,"geocode_provider":"google","geocode_tier":"cache","geocode_query":"臺北市大同區蘭州街89巷1弄蘭州公園電線桿旁"}},{"type":"Feature","geometry":{"type":"Point","coordinates":[121.5158993,25.0664038]},"properties":{"site_name":"台北市視障多元就業促進會","tel":"(02)25991234","address":"大龍街94號旁","full_address":"臺北市大同區大龍街94號旁","resolved_county":"臺北市","resolved_district":"大同區","service_type":"回收","item":"舊衣類","taipei_oldcloth_approval_no":"953","taipei_oldcloth_remark":"","data_source":"臺北市舊衣回收核准名冊(CSV)","geocode_ok":true,"geocode_provider":"google","geocode_tier":"cache","geocode_query":"臺北市大同區大龍街94號旁"}},{"type":"Feature","geometry":{"type":"Point","coordinates":[121.5291935,25.1069253]},"properties":{"site_name":"台北市視障多元就業促進會","tel":"(02)25991234","address":"德行東路104巷9弄11號前電桿旁","full_address":"臺北市士林區德行東路104巷9弄11號前電桿旁","resolved_county":"臺北市","resolved_district":"士林區","service_type":"回收","item":"舊衣類","taipei_oldcloth_approval_no":"954","taipei_oldcloth_remark":"","data_source":"臺北市舊衣回收核准名冊(CSV)","geocode_ok":true,"geocode_provider":"google","geocode_tier":"cache","geocode_query":"臺北市士林區德行東路104巷9弄11號前電桿旁"}},{"type":"Feature","geometry":{"type":"Point","coordinates":[121.6122876,25.0606974]},"properties":{"site_name":"台北市視障多元就業促進會","tel":"(02)25991234","address":"重陽路504巷1弄1號旁","full_address":"臺北市南港區重陽路504巷1弄1號旁","resolved_county":"臺北市","resolved_district":"南港區","service_type":"回收","item":"舊衣類","taipei_oldcloth_approval_no":"955","taipei_oldcloth_remark":"","data_source":"臺北市舊衣回收核准名冊(CSV)","geocode_ok":true,"geocode_provider":"google","geocode_tier":"cache","geocode_query":"臺北市南港區重陽路504巷1弄1號旁"}},{"type":"Feature","geometry":{"type":"Point","coordinates":[121.6141087,25.0599058]},"properties":{"site_name":"台北市視障多元就業促進會","tel":"(02)25991234","address":"三重路41巷43號燈桿旁","full_address":"臺北市南港區三重路41巷43號燈桿旁","resolved_county":"臺北市","resolved_district":"南港區","service_type":"回收","item":"舊衣類","taipei_oldcloth_approval_no":"956","taipei_oldcloth_remark":"","data_source":"臺北市舊衣回收核准名冊(CSV)","geocode_ok":true,"geocode_provider":"google","geocode_tier":"cache","geocode_query":"臺北市南港區三重路41巷43號燈桿旁"}},{"type":"Feature","geometry":{"type":"Point","coordinates":[121.5823042,25.0454968]},"properties":{"site_name":"台北市視障多元就業促進會","tel":"(02)25991234","address":"永吉路605號電箱旁","full_address":"臺北市南港區永吉路605號電箱旁","resolved_county":"臺北市","resolved_district":"南港區","service_type":"回收","item":"舊衣類","taipei_oldcloth_approval_no":"957","taipei_oldcloth_remark":"","data_source":"臺北市舊衣回收核准名冊(CSV)","geocode_ok":true,"geocode_provider":"google","geocode_tier":"cache","geocode_query":"臺北市南港區永吉路605號電箱旁"}},{"type":"Feature","geometry":{"type":"Point","coordinates":[121.5818826,25.0488814]},"properties":{"site_name":"台北市視障多元就業促進會","tel":"(02)25991234","address":"玉成街69號(人行道前)","full_address":"臺北市南港區玉成街69號(人行道前)","resolved_county":"臺北市","resolved_district":"南港區","service_type":"回收","item":"舊衣類","taipei_oldcloth_approval_no":"958","taipei_oldcloth_remark":"","data_source":"臺北市舊衣回收核准名冊(CSV)","geocode_ok":true,"geocode_provider":"google","geocode_tier":"cache","geocode_query":"臺北市南港區玉成街69號(人行道前)"}},{"type":"Feature","geometry":{"type":"Point","coordinates":[121.6024998,25.0548582]},"properties":{"site_name":"台北市視障多元就業促進會","tel":"(02)25991234","address":"興南街64巷與東明街電桿旁","full_address":"臺北市南港區興南街64巷與東明街電桿旁","resolved_county":"臺北市","resolved_district":"南港區","service_type":"回收","item":"舊衣類","taipei_oldcloth_approval_no":"959","taipei_oldcloth_remark":"","data_source":"臺北市舊衣回收核准名冊(CSV)","geocode_ok":true,"geocode_provider":"google","geocode_tier":"cache","geocode_query":"臺北市南港區興南街64巷與東明街電桿旁"}},{"type":"Feature","geometry":{"type":"Point","coordinates":[121.603274,25.0574954]},"properties":{"site_name":"台北市視障多元就業促進會","tel":"(02)25991234","address":"重陽路218-1號斜對面電信箱旁","full_address":"臺北市南港區重陽路218-1號斜對面電信箱旁","resolved_county":"臺北市","resolved_district":"南港區","service_type":"回收","item":"舊衣類","taipei_oldcloth_approval_no":"960","taipei_oldcloth_remark":"","data_source":"臺北市舊衣回收核准名冊(CSV)","geocode_ok":true,"geocode_provider":"google","geocode_tier":"cache","geocode_query":"臺北市南港區重陽路218-1號斜對面電信箱旁"}},{"type":"Feature","geometry":{"type":"Point","coordinates":[121.610381,25.0557202]},"properties":{"site_name":"台北市視障多元就業促進會","tel":"(02)25991234","address":"惠民街7號(對面迴轉鏡旁)","full_address":"臺北市南港區惠民街7號(對面迴轉鏡旁)","resolved_county":"臺北市","resolved_district":"南港區","service_type":"回收","item":"舊衣類","taipei_oldcloth_approval_no":"961","taipei_oldcloth_remark":"","data_source":"臺北市舊衣回收核准名冊(CSV)","geocode_ok":true,"geocode_provider":"google","geocode_tier":"cache","geocode_query":"臺北市南港區惠民街7號(對面迴轉鏡旁)"}},{"type":"Feature","geometry":{"type":"Point","coordinates":[121.5549613,25.0479046]},"properties":{"site_name":"台北市視障多元就業促進會","tel":"(02)25991234","address":"八德路3段156號旁電箱左側","full_address":"臺北市松山區八德路3段156號旁電箱左側","resolved_county":"臺北市","resolved_district":"松山區","service_type":"回收","item":"舊衣類","taipei_oldcloth_approval_no":"964","taipei_oldcloth_remark":"","data_source":"臺北市舊衣回收核准名冊(CSV)","geocode_ok":true,"geocode_provider":"google","geocode_tier":"cache","geocode_query":"臺北市松山區八德路3段156號旁電箱左側"}},{"type":"Feature","geometry":{"type":"Point","coordinates":[121.581577,25.0460381]},"properties":{"site_name":"台北市視障多元就業促進會","tel":"(02)25991234","address":"永吉路553巷與中坡北路40巷交叉口燈桿旁","full_address":"臺北市南港區永吉路553巷與中坡北路40巷交叉口燈桿旁","resolved_county":"臺北市","resolved_district":"南港區","service_type":"回收","item":"舊衣類","taipei_oldcloth_approval_no":"965","taipei_oldcloth_remark":"","data_source":"臺北市舊衣回收核准名冊(CSV)","geocode_ok":true,"geocode_provider":"google","geocode_tier":"cache","geocode_query":"臺北市南港區永吉路553巷與中坡北路40巷交叉口燈桿旁"}},{"type":"Feature","geometry":{"type":"Point","coordinates":[121.5198725,25.0879024]},"properties":{"site_name":"台北市視障多元就業促進會","tel":"(02)25991234","address":"華齡街196號對面電線桿旁","full_address":"臺北市士林區華齡街196號對面電線桿旁","resolved_county":"臺北市","resolved_district":"士林區","service_type":"回收","item":"舊衣類","taipei_oldcloth_approval_no":"967","taipei_oldcloth_remark":"","data_source":"臺北市舊衣回收核准名冊(CSV)","geocode_ok":true,"geocode_provider":"google","geocode_tier":"cache","geocode_query":"臺北市士林區華齡街196號對面電線桿旁"}},{"type":"Feature","geometry":{"type":"Point","coordinates":[121.5187179,25.0691691]},"properties":{"site_name":"台北市視障多元就業促進會","tel":"(02)25991234","address":"承德路3段179號旁","full_address":"臺北市大同區承德路3段179號旁","resolved_county":"臺北市","resolved_district":"大同區","service_type":"回收","item":"舊衣類","taipei_oldcloth_approval_no":"968","taipei_oldcloth_remark":"","data_source":"臺北市舊衣回收核准名冊(CSV)","geocode_ok":true,"geocode_provider":"google","geocode_tier":"cache","geocode_query":"臺北市大同區承德路3段179號旁"}},{"type":"Feature","geometry":{"type":"Point","coordinates":[121.5366925,25.0637372]},"properties":{"site_name":"台北市視障多元就業促進會","tel":"(02)25991234","address":"建國北路3段22巷(民權東路2段135巷口)","full_address":"臺北市中山區建國北路3段22巷(民權東路2段135巷口)","resolved_county":"臺北市","resolved_district":"中山區","service_type":"回收","item":"舊衣類","taipei_oldcloth_approval_no":"969","taipei_oldcloth_remark":"","data_source":"臺北市舊衣回收核准名冊(CSV)","geocode_ok":true,"geocode_provider":"google","geocode_tier":"cache","geocode_query":"臺北市中山區建國北路3段22巷(民權東路2段135巷口)"}},{"type":"Feature","geometry":{"type":"Point","coordinates":[121.5343418,25.0645369]},"properties":{"site_name":"台北市視障多元就業促進會","tel":"(02)25991234","address":"農安街166巷口","full_address":"臺北市中山區農安街166巷口","resolved_county":"臺北市","resolved_district":"中山區","service_type":"回收","item":"舊衣類","taipei_oldcloth_approval_no":"970","taipei_oldcloth_remark":"","data_source":"臺北市舊衣回收核准名冊(CSV)","geocode_ok":true,"geocode_provider":"google","geocode_tier":"cache","geocode_query":"臺北市中山區農安街166巷口"}},{"type":"Feature","geometry":{"type":"Point","coordinates":[121.5395736,24.9928315]},"properties":{"site_name":"台北市視障多元就業促進會","tel":"(02)25991234","address":"萬慶街22-2號斜對面燈桿旁","full_address":"臺北市文山區萬慶街22-2號斜對面燈桿旁","resolved_county":"臺北市","resolved_district":"文山區","service_type":"回收","item":"舊衣類","taipei_oldcloth_approval_no":"971","taipei_oldcloth_remark":"","data_source":"臺北市舊衣回收核准名冊(CSV)","geocode_ok":true,"geocode_provider":"google","geocode_tier":"cache","geocode_query":"臺北市文山區萬慶街22-2號斜對面燈桿旁"}},{"type":"Feature","geometry":{"type":"Point","coordinates":[121.5139786,25.0693426]},"properties":{"site_name":"台北市視障多元就業促進會","tel":"(02)25991234","address":"重慶北路3段189號旁","full_address":"臺北市大同區重慶北路3段189號旁","resolved_county":"臺北市","resolved_district":"大同區","service_type":"回收","item":"舊衣類","taipei_oldcloth_approval_no":"972","taipei_oldcloth_remark":"","data_source":"臺北市舊衣回收核准名冊(CSV)","geocode_ok":true,"geocode_provider":"google","geocode_tier":"cache","geocode_query":"臺北市大同區重慶北路3段189號旁"}},{"type":"Feature","geometry":{"type":"Point","coordinates":[121.5372034,24.9954989]},"properties":{"site_name":"台北市視障多元就業促進會","tel":"(02)25991234","address":"景福街133巷40號前燈桿","full_address":"臺北市文山區景福街133巷40號前燈桿","resolved_county":"臺北市","resolved_district":"文山區","service_type":"回收","item":"舊衣類","taipei_oldcloth_approval_no":"973","taipei_oldcloth_remark":"","data_source":"臺北市舊衣回收核准名冊(CSV)","geocode_ok":true,"geocode_provider":"google","geocode_tier":"cache","geocode_query":"臺北市文山區景福街133巷40號前燈桿"}},{"type":"Feature","geometry":{"type":"Point","coordinates":[121.6128398,25.0554231]},"properties":{"site_name":"台北市視障多元就業促進會","tel":"(02)25991234","address":"南港路1段185號對面公佈欄(興南宮後方)","full_address":"臺北市南港區南港路1段185號對面公佈欄(興南宮後方)","resolved_county":"臺北市","resolved_district":"南港區","service_type":"回收","item":"舊衣類","taipei_oldcloth_approval_no":"974","taipei_oldcloth_remark":"","data_source":"臺北市舊衣回收核准名冊(CSV)","geocode_ok":true,"geocode_provider":"google","geocode_tier":"cache","geocode_query":"臺北市南港區南港路1段185號對面公佈欄(興南宮後方)"}},{"type":"Feature","geometry":{"type":"Point","coordinates":[121.6011348,25.0549049]},"properties":{"site_name":"台北市視障多元就業促進會","tel":"(02)25991234","address":"東明街97巷5號斜對面(里活動中心旁)","full_address":"臺北市南港區東明街97巷5號斜對面(里活動中心旁)","resolved_county":"臺北市","resolved_district":"南港區","service_type":"回收","item":"舊衣類","taipei_oldcloth_approval_no":"975","taipei_oldcloth_remark":"","data_source":"臺北市舊衣回收核准名冊(CSV)","geocode_ok":true,"geocode_provider":"google","geocode_tier":"cache","geocode_query":"臺北市南港區東明街97巷5號斜對面(里活動中心旁)"}},{"type":"Feature","geometry":{"type":"Point","coordinates":[121.5254628,25.0247655]},"properties":{"site_name":"台北市艾馨公益慈善會","tel":"(02)23360896","address":"羅斯福路2段101巷口","full_address":"臺北市大安區羅斯福路2段101巷口","resolved_county":"臺北市","resolved_district":"大安區","service_type":"回收","item":"舊衣類","taipei_oldcloth_approval_no":"976","taipei_oldcloth_remark":"","data_source":"臺北市舊衣回收核准名冊(CSV)","geocode_ok":true,"geocode_provider":"google","geocode_tier":"cache","geocode_query":"臺北市大安區羅斯福路2段101巷口"}},{"type":"Feature","geometry":{"type":"Point","coordinates":[121.5387851,25.1111546]},"properties":{"site_name":"台北市艾馨公益慈善會","tel":"(02)23360896","address":"德行東路365巷口","full_address":"臺北市士林區德行東路365巷口","resolved_county":"臺北市","resolved_district":"士林區","service_type":"回收","item":"舊衣類","taipei_oldcloth_approval_no":"977","taipei_oldcloth_remark":"","data_source":"臺北市舊衣回收核准名冊(CSV)","geocode_ok":true,"geocode_provider":"google","geocode_tier":"cache","geocode_query":"臺北市士林區德行東路365巷口"}},{"type":"Feature","geometry":{"type":"Point","coordinates":[121.5760432,25.0344075]},"properties":{"site_name":"台北市艾馨公益慈善會","tel":"(02)23360896","address":"信義路6段76巷2弄22號","full_address":"臺北市信義區信義路6段76巷2弄22號","resolved_county":"臺北市","resolved_district":"信義區","service_type":"回收","item":"舊衣類","taipei_oldcloth_approval_no":"979","taipei_oldcloth_remark":"","data_source":"臺北市舊衣回收核准名冊(CSV)","geocode_ok":true,"geocode_provider":"google","geocode_tier":"cache","geocode_query":"臺北市信義區信義路6段76巷2弄22號"}},{"type":"Feature","geometry":{"type":"Point","coordinates":[121.5803458,25.0356929]},"properties":{"site_name":"台北市艾馨公益慈善會","tel":"(02)23360896","address":"松山路655號左側路燈下","full_address":"臺北市信義區松山路655號左側路燈下","resolved_county":"臺北市","resolved_district":"信義區","service_type":"回收","item":"舊衣類","taipei_oldcloth_approval_no":"980","taipei_oldcloth_remark":"","data_source":"臺北市舊衣回收核准名冊(CSV)","geocode_ok":true,"geocode_provider":"google","geocode_tier":"cache","geocode_query":"臺北市信義區松山路655號左側路燈下"}},{"type":"Feature","geometry":{"type":"Point","coordinates":[121.5541585,25.0189248]},"properties":{"site_name":"台北市艾馨公益慈善會","tel":"(02)23360896","address":"樂業街188號路燈桿旁","full_address":"臺北市大安區樂業街188號路燈桿旁","resolved_county":"臺北市","resolved_district":"大安區","service_type":"回收","item":"舊衣類","taipei_oldcloth_approval_no":"981","taipei_oldcloth_remark":"","data_source":"臺北市舊衣回收核准名冊(CSV)","geocode_ok":true,"geocode_provider":"google","geocode_tier":"cache","geocode_query":"臺北市大安區樂業街188號路燈桿旁"}},{"type":"Feature","geometry":{"type":"Point","coordinates":[121.5085595,25.0911584]},"properties":{"site_name":"台北市艾馨公益慈善會","tel":"(02)23360896","address":"社中街214號電信箱旁","full_address":"臺北市士林區社中街214號電信箱旁","resolved_county":"臺北市","resolved_district":"士林區","service_type":"回收","item":"舊衣類","taipei_oldcloth_approval_no":"982","taipei_oldcloth_remark":"","data_source":"臺北市舊衣回收核准名冊(CSV)","geocode_ok":true,"geocode_provider":"google","geocode_tier":"cache","geocode_query":"臺北市士林區社中街214號電信箱旁"}},{"type":"Feature","geometry":{"type":"Point","coordinates":[121.5746772,25.0328812]},"properties":{"site_name":"台北市艾馨公益慈善會","tel":"(02)23360896","address":"松德路271號(對面電箱邊)","full_address":"臺北市信義區松德路271號(對面電箱邊)","resolved_county":"臺北市","resolved_district":"信義區","service_type":"回收","item":"舊衣類","taipei_oldcloth_approval_no":"984","taipei_oldcloth_remark":"","data_source":"臺北市舊衣回收核准名冊(CSV)","geocode_ok":true,"geocode_provider":"google","geocode_tier":"cache","geocode_query":"臺北市信義區松德路271號(對面電箱邊)"}},{"type":"Feature","geometry":{"type":"Point","coordinates":[121.5802809,25.0401774]},"properties":{"site_name":"台北市艾馨公益慈善會","tel":"(02)23360896","address":"永吉街321巷28號(斜對面路燈下)","full_address":"臺北市信義區永吉街321巷28號(斜對面路燈下)","resolved_county":"臺北市","resolved_district":"信義區","service_type":"回收","item":"舊衣類","taipei_oldcloth_approval_no":"985","taipei_oldcloth_remark":"","data_source":"臺北市舊衣回收核准名冊(CSV)","geocode_ok":true,"geocode_provider":"google","geocode_tier":"cache","geocode_query":"臺北市信義區永吉街321巷28號(斜對面路燈下)"}},{"type":"Feature","geometry":{"type":"Point","coordinates":[121.5770997,25.0486496]},"properties":{"site_name":"台北市艾馨公益慈善會","tel":"(02)23360896","address":"松隆路215巷4弄底圍牆邊","full_address":"臺北市信義區松隆路215巷4弄底圍牆邊","resolved_county":"臺北市","resolved_district":"信義區","service_type":"回收","item":"舊衣類","taipei_oldcloth_approval_no":"986","taipei_oldcloth_remark":"","data_source":"臺北市舊衣回收核准名冊(CSV)","geocode_ok":true,"geocode_provider":"google","geocode_tier":"cache","geocode_query":"臺北市信義區松隆路215巷4弄底圍牆邊"}},{"type":"Feature","geometry":{"type":"Point","coordinates":[121.5503603,25.0232543]},"properties":{"site_name":"台北市艾馨公益慈善會","tel":"(02)23360896","address":"樂業街41巷14號","full_address":"臺北市大安區樂業街41巷14號","resolved_county":"臺北市","resolved_district":"大安區","service_type":"回收","item":"舊衣類","taipei_oldcloth_approval_no":"987","taipei_oldcloth_remark":"","data_source":"臺北市舊衣回收核准名冊(CSV)","geocode_ok":true,"geocode_provider":"google","geocode_tier":"cache","geocode_query":"臺北市大安區樂業街41巷14號"}},{"type":"Feature","geometry":{"type":"Point","coordinates":[121.5708147,25.0358074]},"properties":{"site_name":"台北市艾馨公益慈善會","tel":"(02)23360896","address":"松仁路95巷20號旁(安康公園內)","full_address":"臺北市信義區松仁路95巷20號旁(安康公園內)","resolved_county":"臺北市","resolved_district":"信義區","service_type":"回收","item":"舊衣類","taipei_oldcloth_approval_no":"988","taipei_oldcloth_remark":"","data_source":"臺北市舊衣回收核准名冊(CSV)","geocode_ok":true,"geocode_provider":"google","geocode_tier":"cache","geocode_query":"臺北市信義區松仁路95巷20號旁(安康公園內)"}},{"type":"Feature","geometry":{"type":"Point","coordinates":[105.50681,26.837758]},"properties":{"site_name":"台北市艾馨公益慈善會","tel":"(02)23360896","address":"松山路650巷15弄(永春高中對面圍牆邊)","full_address":"臺北市信義區松山路650巷15弄(永春高中對面圍牆邊)","resolved_county":"臺北市","resolved_district":"信義區","service_type":"回收","item":"舊衣類","taipei_oldcloth_approval_no":"989","taipei_oldcloth_remark":"","data_source":"臺北市舊衣回收核准名冊(CSV)","geocode_ok":true,"geocode_provider":"google","geocode_tier":"cache","geocode_query":"臺北市信義區松山路650巷15弄(永春高中對面圍牆邊)"}},{"type":"Feature","geometry":{"type":"Point","coordinates":[121.578823,25.0443973]},"properties":{"site_name":"台北市艾馨公益慈善會","tel":"(02)23360896","address":"永吉路468巷48號對面","full_address":"臺北市信義區永吉路468巷48號對面","resolved_county":"臺北市","resolved_district":"信義區","service_type":"回收","item":"舊衣類","taipei_oldcloth_approval_no":"990","taipei_oldcloth_remark":"","data_source":"臺北市舊衣回收核准名冊(CSV)","geocode_ok":true,"geocode_provider":"google","geocode_tier":"cache","geocode_query":"臺北市信義區永吉路468巷48號對面"}},{"type":"Feature","geometry":{"type":"Point","coordinates":[121.582596,25.0425111]},"properties":{"site_name":"台北市艾馨公益慈善會","tel":"(02)23360896","address":"忠孝東路5段790巷20弄11號(電線杆邊)","full_address":"臺北市信義區忠孝東路5段790巷20弄11號(電線杆邊)","resolved_county":"臺北市","resolved_district":"信義區","service_type":"回收","item":"舊衣類","taipei_oldcloth_approval_no":"991","taipei_oldcloth_remark":"","data_source":"臺北市舊衣回收核准名冊(CSV)","geocode_ok":true,"geocode_provider":"google","geocode_tier":"cache","geocode_query":"臺北市信義區忠孝東路5段790巷20弄11號(電線杆邊)"}},{"type":"Feature","geometry":{"type":"Point","coordinates":[121.5294359,25.0670047]},"properties":{"site_name":"台北市艾馨公益慈善會","tel":"(02)23360896","address":"吉林路456巷(巷口路燈下)","full_address":"臺北市中山區吉林路456巷(巷口路燈下)","resolved_county":"臺北市","resolved_district":"中山區","service_type":"回收","item":"舊衣類","taipei_oldcloth_approval_no":"992","taipei_oldcloth_remark":"","data_source":"臺北市舊衣回收核准名冊(CSV)","geocode_ok":true,"geocode_provider":"google","geocode_tier":"cache","geocode_query":"臺北市中山區吉林路456巷(巷口路燈下)"}},{"type":"Feature","geometry":{"type":"Point","coordinates":[121.5491442,25.0840238]},"properties":{"site_name":"台北市艾馨公益慈善會","tel":"(02)23360896","address":"北安路649號旁","full_address":"臺北市中山區北安路649號旁","resolved_county":"臺北市","resolved_district":"中山區","service_type":"回收","item":"舊衣類","taipei_oldcloth_approval_no":"993","taipei_oldcloth_remark":"","data_source":"臺北市舊衣回收核准名冊(CSV)","geocode_ok":true,"geocode_provider":"google","geocode_tier":"cache","geocode_query":"臺北市中山區北安路649號旁"}},{"type":"Feature","geometry":{"type":"Point","coordinates":[121.5514504,25.0231634]},"properties":{"site_name":"台北市艾馨公益慈善會","tel":"(02)23360896","address":"基隆路2段209巷口電線杆旁","full_address":"臺北市大安區基隆路2段209巷口電線杆旁","resolved_county":"臺北市","resolved_district":"大安區","service_type":"回收","item":"舊衣類","taipei_oldcloth_approval_no":"994","taipei_oldcloth_remark":"","data_source":"臺北市舊衣回收核准名冊(CSV)","geocode_ok":true,"geocode_provider":"google","geocode_tier":"cache","geocode_query":"臺北市大安區基隆路2段209巷口電線杆旁"}},{"type":"Feature","geometry":{"type":"Point","coordinates":[121.5541908,25.0388489]},"properties":{"site_name":"台北市艾馨公益慈善會","tel":"(02)23360896","address":"仁愛路4段345巷15弄2號旁","full_address":"臺北市大安區仁愛路4段345巷15弄2號旁","resolved_county":"臺北市","resolved_district":"大安區","service_type":"回收","item":"舊衣類","taipei_oldcloth_approval_no":"995","taipei_oldcloth_remark":"","data_source":"臺北市舊衣回收核准名冊(CSV)","geocode_ok":true,"geocode_provider":"google","geocode_tier":"cache","geocode_query":"臺北市大安區仁愛路4段345巷15弄2號旁"}},{"type":"Feature","geometry":{"type":"Point","coordinates":[121.5274525,25.0219503]},"properties":{"site_name":"台北市艾馨公益慈善會","tel":"(02)23360896","address":"師大路102巷24號旁","full_address":"臺北市大安區師大路102巷24號旁","resolved_county":"臺北市","resolved_district":"大安區","service_type":"回收","item":"舊衣類","taipei_oldcloth_approval_no":"996","taipei_oldcloth_remark":"","data_source":"臺北市舊衣回收核准名冊(CSV)","geocode_ok":true,"geocode_provider":"google","geocode_tier":"cache","geocode_query":"臺北市大安區師大路102巷24號旁"}},{"type":"Feature","geometry":{"type":"Point","coordinates":[121.5541318,25.0424783]},"properties":{"site_name":"台北市艾馨公益慈善會","tel":"(02)23360896","address":"延吉街72號旁(7-11超商的招牌下)","full_address":"臺北市大安區延吉街72號旁(7-11超商的招牌下)","resolved_county":"臺北市","resolved_district":"大安區","service_type":"回收","item":"舊衣類","taipei_oldcloth_approval_no":"998","taipei_oldcloth_remark":"","data_source":"臺北市舊衣回收核准名冊(CSV)","geocode_ok":true,"geocode_provider":"google","geocode_tier":"cache","geocode_query":"臺北市大安區延吉街72號旁(7-11超商的招牌下)"}},{"type":"Feature","geometry":{"type":"Point","coordinates":[121.5537962,25.0436015]},"properties":{"site_name":"台北市艾馨公益慈善會","tel":"(02)23360896","address":"延吉街62巷6弄2號對面","full_address":"臺北市大安區延吉街62巷6弄2號對面","resolved_county":"臺北市","resolved_district":"大安區","service_type":"回收","item":"舊衣類","taipei_oldcloth_approval_no":"999","taipei_oldcloth_remark":"","data_source":"臺北市舊衣回收核准名冊(CSV)","geocode_ok":true,"geocode_provider":"google","geocode_tier":"cache","geocode_query":"臺北市大安區延吉街62巷6弄2號對面"}},{"type":"Feature","geometry":{"type":"Point","coordinates":[121.5282131,25.0242641]},"properties":{"site_name":"台北市艾馨公益慈善會","tel":"(02)23360896","address":"師大路64號斜對面綠地","full_address":"臺北市大安區師大路64號斜對面綠地","resolved_county":"臺北市","resolved_district":"大安區","service_type":"回收","item":"舊衣類","taipei_oldcloth_approval_no":"1000","taipei_oldcloth_remark":"","data_source":"臺北市舊衣回收核准名冊(CSV)","geocode_ok":true,"geocode_provider":"google","geocode_tier":"cache","geocode_query":"臺北市大安區師大路64號斜對面綠地"}},{"type":"Feature","geometry":{"type":"Point","coordinates":[121.5571364,25.0263463]},"properties":{"site_name":"台北市身障體育發展協會","tel":"0910-111-255","address":"嘉興街181巷9弄13號轉角","full_address":"臺北市信義區嘉興街181巷9弄13號轉角","resolved_county":"臺北市","resolved_district":"信義區","service_type":"回收","item":"舊衣類","taipei_oldcloth_approval_no":"1001","taipei_oldcloth_remark":"","data_source":"臺北市舊衣回收核准名冊(CSV)","geocode_ok":true,"geocode_provider":"google","geocode_tier":"cache","geocode_query":"臺北市信義區嘉興街181巷9弄13號轉角"}},{"type":"Feature","geometry":{"type":"Point","coordinates":[121.5446743,24.9969787]},"properties":{"site_name":"台北市身心障礙者權益促進會","tel":"0910-111-255","address":"景興街42巷8弄口對面樹邊","full_address":"臺北市文山區景興街42巷8弄口對面樹邊","resolved_county":"臺北市","resolved_district":"文山區","service_type":"回收","item":"舊衣類","taipei_oldcloth_approval_no":"1002","taipei_oldcloth_remark":"","data_source":"臺北市舊衣回收核准名冊(CSV)","geocode_ok":true,"geocode_provider":"google","geocode_tier":"cache","geocode_query":"臺北市文山區景興街42巷8弄口對面樹邊"}},{"type":"Feature","geometry":{"type":"Point","coordinates":[121.5356044,24.99996]},"properties":{"site_name":"台北市身障體育發展協會","tel":"0910-111-255","address":"溪洲街137巷94號右邊電桿旁","full_address":"臺北市文山區溪洲街137巷94號右邊電桿旁","resolved_county":"臺北市","resolved_district":"文山區","service_type":"回收","item":"舊衣類","taipei_oldcloth_approval_no":"1003","taipei_oldcloth_remark":"","data_source":"臺北市舊衣回收核准名冊(CSV)","geocode_ok":true,"geocode_provider":"google","geocode_tier":"cache","geocode_query":"臺北市文山區溪洲街137巷94號右邊電桿旁"}},{"type":"Feature","geometry":{"type":"Point","coordinates":[121.5363042,24.996689]},"properties":{"site_name":"台北市身障體育發展協會","tel":"0910-111-255","address":"景福街123號右邊","full_address":"臺北市文山區景福街123號右邊","resolved_county":"臺北市","resolved_district":"文山區","service_type":"回收","item":"舊衣類","taipei_oldcloth_approval_no":"1004","taipei_oldcloth_remark":"","data_source":"臺北市舊衣回收核准名冊(CSV)","geocode_ok":true,"geocode_provider":"google","geocode_tier":"cache","geocode_query":"臺北市文山區景福街123號右邊"}},{"type":"Feature","geometry":{"type":"Point","coordinates":[121.5383439,25.0015716]},"properties":{"site_name":"台北市身障體育發展協會","tel":"0910-111-255","address":"羅斯福路5段236巷左邊","full_address":"臺北市文山區羅斯福路5段236巷左邊","resolved_county":"臺北市","resolved_district":"文山區","service_type":"回收","item":"舊衣類","taipei_oldcloth_approval_no":"1005","taipei_oldcloth_remark":"","data_source":"臺北市舊衣回收核准名冊(CSV)","geocode_ok":true,"geocode_provider":"google","geocode_tier":"cache","geocode_query":"臺北市文山區羅斯福路5段236巷左邊"}},{"type":"Feature","geometry":{"type":"Point","coordinates":[121.5369193,25.0019596]},"properties":{"site_name":"台北市身障體育發展協會","tel":"0910-111-255","address":"羅斯福路5段218巷39號左邊","full_address":"臺北市文山區羅斯福路5段218巷39號左邊","resolved_county":"臺北市","resolved_district":"文山區","service_type":"回收","item":"舊衣類","taipei_oldcloth_approval_no":"1006","taipei_oldcloth_remark":"","data_source":"臺北市舊衣回收核准名冊(CSV)","geocode_ok":true,"geocode_provider":"google","geocode_tier":"cache","geocode_query":"臺北市文山區羅斯福路5段218巷39號左邊"}},{"type":"Feature","geometry":{"type":"Point","coordinates":[121.5567869,24.9819511]},"properties":{"site_name":"台北市身障體育發展協會","tel":"0910-111-255","address":"木新路3段310巷口陸橋旁","full_address":"臺北市文山區木新路3段310巷口陸橋旁","resolved_county":"臺北市","resolved_district":"文山區","service_type":"回收","item":"舊衣類","taipei_oldcloth_approval_no":"1007","taipei_oldcloth_remark":"","data_source":"臺北市舊衣回收核准名冊(CSV)","geocode_ok":true,"geocode_provider":"google","geocode_tier":"cache","geocode_query":"臺北市文山區木新路3段310巷口陸橋旁"}},{"type":"Feature","geometry":{"type":"Point","coordinates":[121.536113,25.0031454]},"properties":{"site_name":"台北市身障體育發展協會","tel":"0910-111-255","address":"汀州路4段209號左前方","full_address":"臺北市文山區汀州路4段209號左前方","resolved_county":"臺北市","resolved_district":"文山區","service_type":"回收","item":"舊衣類","taipei_oldcloth_approval_no":"1008","taipei_oldcloth_remark":"","data_source":"臺北市舊衣回收核准名冊(CSV)","geocode_ok":true,"geocode_provider":"google","geocode_tier":"cache","geocode_query":"臺北市文山區汀州路4段209號左前方"}},{"type":"Feature","geometry":{"type":"Point","coordinates":[121.5375021,24.9989802]},"properties":{"site_name":"台北市身障體育發展協會","tel":"0910-111-255","address":"景福街54巷口","full_address":"臺北市文山區景福街54巷口","resolved_county":"臺北市","resolved_district":"文山區","service_type":"回收","item":"舊衣類","taipei_oldcloth_approval_no":"1009","taipei_oldcloth_remark":"","data_source":"臺北市舊衣回收核准名冊(CSV)","geocode_ok":true,"geocode_provider":"google","geocode_tier":"cache","geocode_query":"臺北市文山區景福街54巷口"}},{"type":"Feature","geometry":{"type":"Point","coordinates":[121.5371579,24.9983868]},"properties":{"site_name":"台北市身障體育發展協會","tel":"0910-111-255","address":"景福街43號對面","full_address":"臺北市文山區景福街43號對面","resolved_county":"臺北市","resolved_district":"文山區","service_type":"回收","item":"舊衣類","taipei_oldcloth_approval_no":"1010","taipei_oldcloth_remark":"","data_source":"臺北市舊衣回收核准名冊(CSV)","geocode_ok":true,"geocode_provider":"google","geocode_tier":"cache","geocode_query":"臺北市文山區景福街43號對面"}},{"type":"Feature","geometry":{"type":"Point","coordinates":[121.5561098,24.9802518]},"properties":{"site_name":"台北市身障體育發展協會","tel":"0910-111-255","address":"木柵路1段294巷中山村巷口","full_address":"臺北市文山區木柵路1段294巷中山村巷口","resolved_county":"臺北市","resolved_district":"文山區","service_type":"回收","item":"舊衣類","taipei_oldcloth_approval_no":"1011","taipei_oldcloth_remark":"","data_source":"臺北市舊衣回收核准名冊(CSV)","geocode_ok":true,"geocode_provider":"google","geocode_tier":"cache","geocode_query":"臺北市文山區木柵路1段294巷中山村巷口"}},{"type":"Feature","geometry":{"type":"Point","coordinates":[121.5407333,24.9939893]},"properties":{"site_name":"台北市身障體育發展協會","tel":"0910-111-255","address":"溪口街1巷口","full_address":"臺北市文山區溪口街1巷口","resolved_county":"臺北市","resolved_district":"文山區","service_type":"回收","item":"舊衣類","taipei_oldcloth_approval_no":"1012","taipei_oldcloth_remark":"","data_source":"臺北市舊衣回收核准名冊(CSV)","geocode_ok":true,"geocode_provider":"google","geocode_tier":"cache","geocode_query":"臺北市文山區溪口街1巷口"}},{"type":"Feature","geometry":{"type":"Point","coordinates":[121.5401108,24.9969999]},"properties":{"site_name":"台北市身障體育發展協會","tel":"0910-111-255","address":"羅斯福路6段142巷20弄2-3號旁(公佈欄旁)","full_address":"臺北市文山區羅斯福路6段142巷20弄2-3號旁(公佈欄旁)","resolved_county":"臺北市","resolved_district":"文山區","service_type":"回收","item":"舊衣類","taipei_oldcloth_approval_no":"1013","taipei_oldcloth_remark":"","data_source":"臺北市舊衣回收核准名冊(CSV)","geocode_ok":true,"geocode_provider":"google","geocode_tier":"cache","geocode_query":"臺北市文山區羅斯福路6段142巷20弄2-3號旁(公佈欄旁)"}},{"type":"Feature","geometry":{"type":"Point","coordinates":[121.539295,24.997322]},"properties":{"site_name":"台北市身障體育發展協會","tel":"0910-111-255","address":"羅斯福路6段142巷20弄19號對面(電信箱旁)","full_address":"臺北市文山區羅斯福路6段142巷20弄19號對面(電信箱旁)","resolved_county":"臺北市","resolved_district":"文山區","service_type":"回收","item":"舊衣類","taipei_oldcloth_approval_no":"1014","taipei_oldcloth_remark":"","data_source":"臺北市舊衣回收核准名冊(CSV)","geocode_ok":true,"geocode_provider":"google","geocode_tier":"cache","geocode_query":"臺北市文山區羅斯福路6段142巷20弄19號對面(電信箱旁)"}},{"type":"Feature","geometry":{"type":"Point","coordinates":[121.5398719,24.9983281]},"properties":{"site_name":"台北市身障體育發展協會","tel":"0910-111-255","address":"景福街3巷31號對面(變電箱旁)","full_address":"臺北市文山區景福街3巷31號對面(變電箱旁)","resolved_county":"臺北市","resolved_district":"文山區","service_type":"回收","item":"舊衣類","taipei_oldcloth_approval_no":"1015","taipei_oldcloth_remark":"","data_source":"臺北市舊衣回收核准名冊(CSV)","geocode_ok":true,"geocode_provider":"google","geocode_tier":"cache","geocode_query":"臺北市文山區景福街3巷31號對面(變電箱旁)"}},{"type":"Feature","geometry":{"type":"Point","coordinates":[121.5394549,24.9959515]},"properties":{"site_name":"台北市身障體育發展協會","tel":"0910-111-255","address":"溪口街66巷7號左邊(電線桿旁)","full_address":"臺北市文山區溪口街66巷7號左邊(電線桿旁)","resolved_county":"臺北市","resolved_district":"文山區","service_type":"回收","item":"舊衣類","taipei_oldcloth_approval_no":"1016","taipei_oldcloth_remark":"","data_source":"臺北市舊衣回收核准名冊(CSV)","geocode_ok":true,"geocode_provider":"google","geocode_tier":"cache","geocode_query":"臺北市文山區溪口街66巷7號左邊(電線桿旁)"}},{"type":"Feature","geometry":{"type":"Point","coordinates":[121.5373179,24.9950205]},"properties":{"site_name":"台北市身障體育發展協會","tel":"0910-111-255","address":"景福街175巷口","full_address":"臺北市文山區景福街175巷口","resolved_county":"臺北市","resolved_district":"文山區","service_type":"回收","item":"舊衣類","taipei_oldcloth_approval_no":"1017","taipei_oldcloth_remark":"","data_source":"臺北市舊衣回收核准名冊(CSV)","geocode_ok":true,"geocode_provider":"google","geocode_tier":"cache","geocode_query":"臺北市文山區景福街175巷口"}},{"type":"Feature","geometry":{"type":"Point","coordinates":[121.5130747,25.0740007]},"properties":{"site_name":"台北市身障體育發展協會","tel":"0910-111-255","address":"重慶北路3段312巷18號對面電信箱旁","full_address":"臺北市大同區重慶北路3段312巷18號對面電信箱旁","resolved_county":"臺北市","resolved_district":"大同區","service_type":"回收","item":"舊衣類","taipei_oldcloth_approval_no":"1018","taipei_oldcloth_remark":"","data_source":"臺北市舊衣回收核准名冊(CSV)","geocode_ok":true,"geocode_provider":"google","geocode_tier":"cache","geocode_query":"臺北市大同區重慶北路3段312巷18號對面電信箱旁"}},{"type":"Feature","geometry":{"type":"Point","coordinates":[121.5110604,25.0773278]},"properties":{"site_name":"台北市身障體育發展協會","tel":"0910-111-255","address":"延平北路4段294巷口","full_address":"臺北市大同區延平北路4段294巷口","resolved_county":"臺北市","resolved_district":"大同區","service_type":"回收","item":"舊衣類","taipei_oldcloth_approval_no":"1019","taipei_oldcloth_remark":"","data_source":"臺北市舊衣回收核准名冊(CSV)","geocode_ok":true,"geocode_provider":"google","geocode_tier":"cache","geocode_query":"臺北市大同區延平北路4段294巷口"}},{"type":"Feature","geometry":{"type":"Point","coordinates":[121.5483957,25.0985171]},"properties":{"site_name":"台北市身障體育發展協會","tel":"0910-111-255","address":"至善路2段132號右邊電桿旁","full_address":"臺北市士林區至善路2段132號右邊電桿旁","resolved_county":"臺北市","resolved_district":"士林區","service_type":"回收","item":"舊衣類","taipei_oldcloth_approval_no":"1020","taipei_oldcloth_remark":"","data_source":"臺北市舊衣回收核准名冊(CSV)","geocode_ok":true,"geocode_provider":"google","geocode_tier":"cache","geocode_query":"臺北市士林區至善路2段132號右邊電桿旁"}},{"type":"Feature","geometry":{"type":"Point","coordinates":[121.5476826,25.0963511]},"properties":{"site_name":"台北市身障體育發展協會","tel":"0910-111-255","address":"故宮路49號右邊電桿旁","full_address":"臺北市士林區故宮路49號右邊電桿旁","resolved_county":"臺北市","resolved_district":"士林區","service_type":"回收","item":"舊衣類","taipei_oldcloth_approval_no":"1021","taipei_oldcloth_remark":"","data_source":"臺北市舊衣回收核准名冊(CSV)","geocode_ok":true,"geocode_provider":"google","geocode_tier":"cache","geocode_query":"臺北市士林區故宮路49號右邊電桿旁"}},{"type":"Feature","geometry":{"type":"Point","coordinates":[121.5280517,25.1225893]},"properties":{"site_name":"台北市身障體育發展協會","tel":"0910-111-255","address":"天母北路87巷22弄25號對面兩支電桿中間","full_address":"臺北市士林區天母北路87巷22弄25號對面兩支電桿中間","resolved_county":"臺北市","resolved_district":"士林區","service_type":"回收","item":"舊衣類","taipei_oldcloth_approval_no":"1022","taipei_oldcloth_remark":"","data_source":"臺北市舊衣回收核准名冊(CSV)","geocode_ok":true,"geocode_provider":"google","geocode_tier":"cache","geocode_query":"臺北市士林區天母北路87巷22弄25號對面兩支電桿中間"}},{"type":"Feature","geometry":{"type":"Point","coordinates":[121.5322194,25.1248012]},"properties":{"site_name":"台北市身障體育發展協會","tel":"0910-111-255","address":"中山北路7段181巷6號對面","full_address":"臺北市士林區中山北路7段181巷6號對面","resolved_county":"臺北市","resolved_district":"士林區","service_type":"回收","item":"舊衣類","taipei_oldcloth_approval_no":"1023","taipei_oldcloth_remark":"","data_source":"臺北市舊衣回收核准名冊(CSV)","geocode_ok":true,"geocode_provider":"google","geocode_tier":"cache","geocode_query":"臺北市士林區中山北路7段181巷6號對面"}},{"type":"Feature","geometry":{"type":"Point","coordinates":[121.5314988,25.037266]},"properties":{"site_name":"台北市身心障礙者自立更生創業協會","tel":"(02)27099961","address":"臨沂街57巷40號電桿旁","full_address":"臺北市中正區臨沂街57巷40號電桿旁","resolved_county":"臺北市","resolved_district":"中正區","service_type":"回收","item":"舊衣類","taipei_oldcloth_approval_no":"1026","taipei_oldcloth_remark":"","data_source":"臺北市舊衣回收核准名冊(CSV)","geocode_ok":true,"geocode_provider":"google","geocode_tier":"cache","geocode_query":"臺北市中正區臨沂街57巷40號電桿旁"}},{"type":"Feature","geometry":{"type":"Point","coordinates":[121.5485066,25.0813098]},"properties":{"site_name":"台北市身心障礙者自立更生創業協會","tel":"(02)27099961","address":"北安路575號旁電桿旁邊","full_address":"臺北市中山區北安路575號旁電桿旁邊","resolved_county":"臺北市","resolved_district":"中山區","service_type":"回收","item":"舊衣類","taipei_oldcloth_approval_no":"1027","taipei_oldcloth_remark":"","data_source":"臺北市舊衣回收核准名冊(CSV)","geocode_ok":true,"geocode_provider":"google","geocode_tier":"cache","geocode_query":"臺北市中山區北安路575號旁電桿旁邊"}},{"type":"Feature","geometry":{"type":"Point","coordinates":[121.5561912,25.0850143]},"properties":{"site_name":"台北市身心障礙者自立更生創業協會","tel":"(02)27099961","address":"北安路819號之1對面郵筒旁","full_address":"臺北市中山區北安路819號之1對面郵筒旁","resolved_county":"臺北市","resolved_district":"中山區","service_type":"回收","item":"舊衣類","taipei_oldcloth_approval_no":"1028","taipei_oldcloth_remark":"","data_source":"臺北市舊衣回收核准名冊(CSV)","geocode_ok":true,"geocode_provider":"google","geocode_tier":"cache","geocode_query":"臺北市中山區北安路819號之1對面郵筒旁"}},{"type":"Feature","geometry":{"type":"Point","coordinates":[121.5402887,25.0476992]},"properties":{"site_name":"台北市身心障礙者自立更生創業協會","tel":"(02)27099961","address":"龍江路12-1號旁","full_address":"臺北市中山區龍江路12-1號旁","resolved_county":"臺北市","resolved_district":"中山區","service_type":"回收","item":"舊衣類","taipei_oldcloth_approval_no":"1029","taipei_oldcloth_remark":"","data_source":"臺北市舊衣回收核准名冊(CSV)","geocode_ok":true,"geocode_provider":"google","geocode_tier":"cache","geocode_query":"臺北市中山區龍江路12-1號旁"}},{"type":"Feature","geometry":{"type":"Point","coordinates":[121.556328,25.0217946]},"properties":{"site_name":"台北市身心障礙者自立更生創業協會","tel":"(02)27099961","address":"富陽街72巷口","full_address":"臺北市信義區富陽街72巷口","resolved_county":"臺北市","resolved_district":"信義區","service_type":"回收","item":"舊衣類","taipei_oldcloth_approval_no":"1030","taipei_oldcloth_remark":"","data_source":"臺北市舊衣回收核准名冊(CSV)","geocode_ok":true,"geocode_provider":"google","geocode_tier":"cache","geocode_query":"臺北市信義區富陽街72巷口"}},{"type":"Feature","geometry":{"type":"Point","coordinates":[121.5450613,25.025791]},"properties":{"site_name":"台北市身心障礙者自立更生創業協會","tel":"(02)27099961","address":"和平東路2段311巷36號對面電箱旁","full_address":"臺北市大安區和平東路2段311巷36號對面電箱旁","resolved_county":"臺北市","resolved_district":"大安區","service_type":"回收","item":"舊衣類","taipei_oldcloth_approval_no":"1031","taipei_oldcloth_remark":"","data_source":"臺北市舊衣回收核准名冊(CSV)","geocode_ok":true,"geocode_provider":"google","geocode_tier":"cache","geocode_query":"臺北市大安區和平東路2段311巷36號對面電箱旁"}},{"type":"Feature","geometry":{"type":"Point","coordinates":[121.5553094,25.0348768]},"properties":{"site_name":"台北市身心障礙者自立更生創業協會","tel":"(02)27099961","address":"和平東路2段265巷42號前電燈桿旁","full_address":"臺北市大安區和平東路2段265巷42號前電燈桿旁","resolved_county":"臺北市","resolved_district":"大安區","service_type":"回收","item":"舊衣類","taipei_oldcloth_approval_no":"1032","taipei_oldcloth_remark":"","data_source":"臺北市舊衣回收核准名冊(CSV)","geocode_ok":true,"geocode_provider":"google","geocode_tier":"cache","geocode_query":"臺北市大安區和平東路2段265巷42號前電燈桿旁"}},{"type":"Feature","geometry":{"type":"Point","coordinates":[121.5421649,25.0441642]},"properties":{"site_name":"台北市身心障礙者自立更生創業協會","tel":"(02)27099961","address":"安東街40巷1號對面","full_address":"臺北市大安區安東街40巷1號對面","resolved_county":"臺北市","resolved_district":"大安區","service_type":"回收","item":"舊衣類","taipei_oldcloth_approval_no":"1033","taipei_oldcloth_remark":"","data_source":"臺北市舊衣回收核准名冊(CSV)","geocode_ok":true,"geocode_provider":"google","geocode_tier":"cache","geocode_query":"臺北市大安區安東街40巷1號對面"}},{"type":"Feature","geometry":{"type":"Point","coordinates":[121.5416303,25.0417177]},"properties":{"site_name":"台北市身心障礙者自立更生創業協會","tel":"(02)27099961","address":"忠孝東路3段251巷2弄1號對面","full_address":"臺北市大安區忠孝東路3段251巷2弄1號對面","resolved_county":"臺北市","resolved_district":"大安區","service_type":"回收","item":"舊衣類","taipei_oldcloth_approval_no":"1034","taipei_oldcloth_remark":"","data_source":"臺北市舊衣回收核准名冊(CSV)","geocode_ok":true,"geocode_provider":"google","geocode_tier":"cache","geocode_query":"臺北市大安區忠孝東路3段251巷2弄1號對面"}},{"type":"Feature","geometry":{"type":"Point","coordinates":[121.5431059,25.0351302]},"properties":{"site_name":"台北市身心障礙者自立更生創業協會","tel":"(02)27099961","address":"信義路3段147巷15弄27號邊","full_address":"臺北市大安區信義路3段147巷15弄27號邊","resolved_county":"臺北市","resolved_district":"大安區","service_type":"回收","item":"舊衣類","taipei_oldcloth_approval_no":"1035","taipei_oldcloth_remark":"","data_source":"臺北市舊衣回收核准名冊(CSV)","geocode_ok":true,"geocode_provider":"google","geocode_tier":"cache","geocode_query":"臺北市大安區信義路3段147巷15弄27號邊"}},{"type":"Feature","geometry":{"type":"Point","coordinates":[121.5569541,25.0170045]},"properties":{"site_name":"台北市身心障礙者自立更生創業協會","tel":"(02)27099961","address":"富陽街180巷與臥龍街272巷（慈仁八村門口）","full_address":"臺北市大安區富陽街180巷與臥龍街272巷（慈仁八村門口）","resolved_county":"臺北市","resolved_district":"大安區","service_type":"回收","item":"舊衣類","taipei_oldcloth_approval_no":"1036","taipei_oldcloth_remark":"","data_source":"臺北市舊衣回收核准名冊(CSV)","geocode_ok":true,"geocode_provider":"google","geocode_tier":"cache","geocode_query":"臺北市大安區富陽街180巷與臥龍街272巷（慈仁八村門口）"}},{"type":"Feature","geometry":{"type":"Point","coordinates":[121.4986128,25.1299065]},"properties":{"site_name":"台北市身心障礙者自立更生創業協會","tel":"(02)27099961","address":"大興街24巷口","full_address":"臺北市北投區大興街24巷口","resolved_county":"臺北市","resolved_district":"北投區","service_type":"回收","item":"舊衣類","taipei_oldcloth_approval_no":"1037","taipei_oldcloth_remark":"","data_source":"臺北市舊衣回收核准名冊(CSV)","geocode_ok":true,"geocode_provider":"google","geocode_tier":"cache","geocode_query":"臺北市北投區大興街24巷口"}},{"type":"Feature","geometry":{"type":"Point","coordinates":[121.5655876,25.0296354]},"properties":{"site_name":"台北市身心障礙者自立更生創業協會","tel":"(02)27099961","address":"松智路39巷口人行道","full_address":"臺北市信義區松智路39巷口人行道","resolved_county":"臺北市","resolved_district":"信義區","service_type":"回收","item":"舊衣類","taipei_oldcloth_approval_no":"1038","taipei_oldcloth_remark":"","data_source":"臺北市舊衣回收核准名冊(CSV)","geocode_ok":true,"geocode_provider":"google","geocode_tier":"cache","geocode_query":"臺北市信義區松智路39巷口人行道"}},{"type":"Feature","geometry":{"type":"Point","coordinates":[121.5885672,25.0350548]},"properties":{"site_name":"台北市身心障礙者自立更生創業協會","tel":"(02)27099961","address":"福德街251巷口電信箱旁","full_address":"臺北市信義區福德街251巷口電信箱旁","resolved_county":"臺北市","resolved_district":"信義區","service_type":"回收","item":"舊衣類","taipei_oldcloth_approval_no":"1039","taipei_oldcloth_remark":"","data_source":"臺北市舊衣回收核准名冊(CSV)","geocode_ok":true,"geocode_provider":"google","geocode_tier":"cache","geocode_query":"臺北市信義區福德街251巷口電信箱旁"}},{"type":"Feature","geometry":{"type":"Point","coordinates":[121.5514972,25.0216581]},"properties":{"site_name":"台北市身心障礙者自立更生創業協會","tel":"(02)27099961","address":"樂業街87號右側後","full_address":"臺北市大安區樂業街87號右側後","resolved_county":"臺北市","resolved_district":"大安區","service_type":"回收","item":"舊衣類","taipei_oldcloth_approval_no":"1040","taipei_oldcloth_remark":"","data_source":"臺北市舊衣回收核准名冊(CSV)","geocode_ok":true,"geocode_provider":"google","geocode_tier":"cache","geocode_query":"臺北市大安區樂業街87號右側後"}},{"type":"Feature","geometry":{"type":"Point","coordinates":[121.5241901,25.0300423]},"properties":{"site_name":"台北市身心障礙者自立更生創業協會","tel":"(02)27099961","address":"潮州街55巷告示牌旁","full_address":"臺北市大安區潮州街55巷告示牌旁","resolved_county":"臺北市","resolved_district":"大安區","service_type":"回收","item":"舊衣類","taipei_oldcloth_approval_no":"1042","taipei_oldcloth_remark":"","data_source":"臺北市舊衣回收核准名冊(CSV)","geocode_ok":true,"geocode_provider":"google","geocode_tier":"cache","geocode_query":"臺北市大安區潮州街55巷告示牌旁"}},{"type":"Feature","geometry":{"type":"Point","coordinates":[121.564027,25.053877]},"properties":{"site_name":"台北市身心障礙者自立更生創業協會","tel":"(02)27099961","address":"健康路與三民路(西松公園電箱旁)","full_address":"臺北市松山區健康路與三民路(西松公園電箱旁)","resolved_county":"臺北市","resolved_district":"松山區","service_type":"回收","item":"舊衣類","taipei_oldcloth_approval_no":"1043","taipei_oldcloth_remark":"","data_source":"臺北市舊衣回收核准名冊(CSV)","geocode_ok":true,"geocode_provider":"google","geocode_tier":"cache","geocode_query":"臺北市松山區健康路與三民路(西松公園電箱旁)"}},{"type":"Feature","geometry":{"type":"Point","coordinates":[121.5408718,25.0624386]},"properties":{"site_name":"台北市身心障礙者自立更生創業協會","tel":"(02)27099961","address":"民權東路3段191巷29號電線桿旁","full_address":"臺北市松山區民權東路3段191巷29號電線桿旁","resolved_county":"臺北市","resolved_district":"松山區","service_type":"回收","item":"舊衣類","taipei_oldcloth_approval_no":"1045","taipei_oldcloth_remark":"","data_source":"臺北市舊衣回收核准名冊(CSV)","geocode_ok":true,"geocode_provider":"google","geocode_tier":"cache","geocode_query":"臺北市松山區民權東路3段191巷29號電線桿旁"}},{"type":"Feature","geometry":{"type":"Point","coordinates":[121.555653,25.0580788]},"properties":{"site_name":"台北市身心障礙者自立更生創業協會","tel":"(02)27099961","address":"民生東路4段80巷4號旁公園電箱旁","full_address":"臺北市松山區民生東路4段80巷4號旁公園電箱旁","resolved_county":"臺北市","resolved_district":"松山區","service_type":"回收","item":"舊衣類","taipei_oldcloth_approval_no":"1046","taipei_oldcloth_remark":"","data_source":"臺北市舊衣回收核准名冊(CSV)","geocode_ok":true,"geocode_provider":"google","geocode_tier":"cache","geocode_query":"臺北市松山區民生東路4段80巷4號旁公園電箱旁"}},{"type":"Feature","geometry":{"type":"Point","coordinates":[121.5541908,25.0203135]},"properties":{"site_name":"台北市身心障礙者自立更生創業協會","tel":"(02)27099961","address":"安居街35巷口與46巷口對面","full_address":"臺北市大安區安居街35巷口與46巷口對面","resolved_county":"臺北市","resolved_district":"大安區","service_type":"回收","item":"舊衣類","taipei_oldcloth_approval_no":"1047","taipei_oldcloth_remark":"","data_source":"臺北市舊衣回收核准名冊(CSV)","geocode_ok":true,"geocode_provider":"google","geocode_tier":"cache","geocode_query":"臺北市大安區安居街35巷口與46巷口對面"}},{"type":"Feature","geometry":{"type":"Point","coordinates":[121.5222108,25.0296848]},"properties":{"site_name":"台北市身心障礙者自立更生創業協會","tel":"(02)27099961","address":"杭州南路2段67號前電箱旁","full_address":"臺北市大安區杭州南路2段67號前電箱旁","resolved_county":"臺北市","resolved_district":"大安區","service_type":"回收","item":"舊衣類","taipei_oldcloth_approval_no":"1048","taipei_oldcloth_remark":"","data_source":"臺北市舊衣回收核准名冊(CSV)","geocode_ok":true,"geocode_provider":"google","geocode_tier":"cache","geocode_query":"臺北市大安區杭州南路2段67號前電箱旁"}},{"type":"Feature","geometry":{"type":"Point","coordinates":[121.5536538,25.0198544]},"properties":{"site_name":"台北市身心障礙者自立更生創業協會","tel":"(02)27099961","address":"和平東路3段260號與安居街公佈欄旁","full_address":"臺北市大安區和平東路3段260號與安居街公佈欄旁","resolved_county":"臺北市","resolved_district":"大安區","service_type":"回收","item":"舊衣類","taipei_oldcloth_approval_no":"1049","taipei_oldcloth_remark":"","data_source":"臺北市舊衣回收核准名冊(CSV)","geocode_ok":true,"geocode_provider":"google","geocode_tier":"cache","geocode_query":"臺北市大安區和平東路3段260號與安居街公佈欄旁"}},{"type":"Feature","geometry":{"type":"Point","coordinates":[121.617714,25.052966]},"properties":{"site_name":"台北市身障就業發展協會","tel":"0910-111-255","address":"富康街47巷16號對面","full_address":"臺北市南港區富康街47巷16號對面","resolved_county":"臺北市","resolved_district":"南港區","service_type":"回收","item":"舊衣類","taipei_oldcloth_approval_no":"1051","taipei_oldcloth_remark":"","data_source":"臺北市舊衣回收核准名冊(CSV)","geocode_ok":true,"geocode_provider":"google","geocode_tier":"cache","geocode_query":"臺北市南港區富康街47巷16號對面"}},{"type":"Feature","geometry":{"type":"Point","coordinates":[121.554412,25.0283025]},"properties":{"site_name":"臺北市至善無障愛關懷協會","tel":"(02)27096731","address":"通化街165巷口電線桿旁","full_address":"臺北市大安區通化街165巷口電線桿旁","resolved_county":"臺北市","resolved_district":"大安區","service_type":"回收","item":"舊衣類","taipei_oldcloth_approval_no":"1076","taipei_oldcloth_remark":"","data_source":"臺北市舊衣回收核准名冊(CSV)","geocode_ok":true,"geocode_provider":"google","geocode_tier":"cache","geocode_query":"臺北市大安區通化街165巷口電線桿旁"}},{"type":"Feature","geometry":{"type":"Point","coordinates":[121.5770228,25.0756038]},"properties":{"site_name":"臺北市至善無障愛關懷協會","tel":"(02)27096731","address":"江南街71巷16弄41號旁","full_address":"臺北市內湖區江南街71巷16弄41號旁","resolved_county":"臺北市","resolved_district":"內湖區","service_type":"回收","item":"舊衣類","taipei_oldcloth_approval_no":"1077","taipei_oldcloth_remark":"","data_source":"臺北市舊衣回收核准名冊(CSV)","geocode_ok":true,"geocode_provider":"google","geocode_tier":"cache","geocode_query":"臺北市內湖區江南街71巷16弄41號旁"}},{"type":"Feature","geometry":{"type":"Point","coordinates":[121.5785579,25.0770969]},"properties":{"site_name":"臺北市至善無障愛關懷協會","tel":"(02)27096731","address":"江南街65巷16弄口","full_address":"臺北市內湖區江南街65巷16弄口","resolved_county":"臺北市","resolved_district":"內湖區","service_type":"回收","item":"舊衣類","taipei_oldcloth_approval_no":"1078","taipei_oldcloth_remark":"","data_source":"臺北市舊衣回收核准名冊(CSV)","geocode_ok":true,"geocode_provider":"google","geocode_tier":"cache","geocode_query":"臺北市內湖區江南街65巷16弄口"}},{"type":"Feature","geometry":{"type":"Point","coordinates":[121.5784128,25.078257]},"properties":{"site_name":"臺北市至善無障愛關懷協會","tel":"(02)27096731","address":"江南街19號對面","full_address":"臺北市內湖區江南街19號對面","resolved_county":"臺北市","resolved_district":"內湖區","service_type":"回收","item":"舊衣類","taipei_oldcloth_approval_no":"1079","taipei_oldcloth_remark":"","data_source":"臺北市舊衣回收核准名冊(CSV)","geocode_ok":true,"geocode_provider":"google","geocode_tier":"cache","geocode_query":"臺北市內湖區江南街19號對面"}},{"type":"Feature","geometry":{"type":"Point","coordinates":[121.5392214,25.0454803]},"properties":{"site_name":"臺北市至善無障愛關懷協會","tel":"(02)27096731","address":"八德路2段210巷10號斜對面公佈告欄","full_address":"臺北市中山區八德路2段210巷10號斜對面公佈告欄","resolved_county":"臺北市","resolved_district":"中山區","service_type":"回收","item":"舊衣類","taipei_oldcloth_approval_no":"1080","taipei_oldcloth_remark":"","data_source":"臺北市舊衣回收核准名冊(CSV)","geocode_ok":true,"geocode_provider":"google","geocode_tier":"cache","geocode_query":"臺北市中山區八德路2段210巷10號斜對面公佈告欄"}},{"type":"Feature","geometry":{"type":"Point","coordinates":[121.541192,25.0467399]},"properties":{"site_name":"臺北市至善無障愛關懷協會","tel":"(02)27096731","address":"八德路2段266號電箱旁(中影八德大樓旁)","full_address":"臺北市中山區八德路2段266號電箱旁(中影八德大樓旁)","resolved_county":"臺北市","resolved_district":"中山區","service_type":"回收","item":"舊衣類","taipei_oldcloth_approval_no":"1081","taipei_oldcloth_remark":"","data_source":"臺北市舊衣回收核准名冊(CSV)","geocode_ok":true,"geocode_provider":"google","geocode_tier":"cache","geocode_query":"臺北市中山區八德路2段266號電箱旁(中影八德大樓旁)"}},{"type":"Feature","geometry":{"type":"Point","coordinates":[121.5512673,25.0298055]},"properties":{"site_name":"臺北市至善無障愛關懷協會","tel":"(02)27096731","address":"敦化南路2段81巷46號前","full_address":"臺北市大安區敦化南路2段81巷46號前","resolved_county":"臺北市","resolved_district":"大安區","service_type":"回收","item":"舊衣類","taipei_oldcloth_approval_no":"1082","taipei_oldcloth_remark":"","data_source":"臺北市舊衣回收核准名冊(CSV)","geocode_ok":true,"geocode_provider":"google","geocode_tier":"cache","geocode_query":"臺北市大安區敦化南路2段81巷46號前"}},{"type":"Feature","geometry":{"type":"Point","coordinates":[121.5058125,25.0930169]},"properties":{"site_name":"臺北市至善無障愛關懷協會","tel":"(02)27096731","address":"通河西街2段140號對面","full_address":"臺北市士林區通河西街2段140號對面","resolved_county":"臺北市","resolved_district":"士林區","service_type":"回收","item":"舊衣類","taipei_oldcloth_approval_no":"1083","taipei_oldcloth_remark":"","data_source":"臺北市舊衣回收核准名冊(CSV)","geocode_ok":true,"geocode_provider":"google","geocode_tier":"cache","geocode_query":"臺北市士林區通河西街2段140號對面"}},{"type":"Feature","geometry":{"type":"Point","coordinates":[121.5192494,25.0971207]},"properties":{"site_name":"臺北市至善無障愛關懷協會","tel":"(02)27096731","address":"美崙街152巷與美崙街交叉口右側反射鏡旁","full_address":"臺北市士林區美崙街152巷與美崙街交叉口右側反射鏡旁","resolved_county":"臺北市","resolved_district":"士林區","service_type":"回收","item":"舊衣類","taipei_oldcloth_approval_no":"1084","taipei_oldcloth_remark":"","data_source":"臺北市舊衣回收核准名冊(CSV)","geocode_ok":true,"geocode_provider":"google","geocode_tier":"cache","geocode_query":"臺北市士林區美崙街152巷與美崙街交叉口右側反射鏡旁"}},{"type":"Feature","geometry":{"type":"Point","coordinates":[121.5281074,25.1066051]},"properties":{"site_name":"臺北市至善無障愛關懷協會","tel":"(02)27096731","address":"德行東路90巷23號旁及90巷21弄口","full_address":"臺北市士林區德行東路90巷23號旁及90巷21弄口","resolved_county":"臺北市","resolved_district":"士林區","service_type":"回收","item":"舊衣類","taipei_oldcloth_approval_no":"1085","taipei_oldcloth_remark":"","data_source":"臺北市舊衣回收核准名冊(CSV)","geocode_ok":true,"geocode_provider":"google","geocode_tier":"cache","geocode_query":"臺北市士林區德行東路90巷23號旁及90巷21弄口"}},{"type":"Feature","geometry":{"type":"Point","coordinates":[121.5767691,25.0420355]},"properties":{"site_name":"臺北市至善無障愛關懷協會","tel":"(02)27096731","address":"忠孝東路5段275巷與虎林街120巷交叉路燈設備旁","full_address":"臺北市信義區忠孝東路5段275巷與虎林街120巷交叉路燈設備旁","resolved_county":"臺北市","resolved_district":"信義區","service_type":"回收","item":"舊衣類","taipei_oldcloth_approval_no":"1086","taipei_oldcloth_remark":"","data_source":"臺北市舊衣回收核准名冊(CSV)","geocode_ok":true,"geocode_provider":"google","geocode_tier":"cache","geocode_query":"臺北市信義區忠孝東路5段275巷與虎林街120巷交叉路燈設備旁"}},{"type":"Feature","geometry":{"type":"Point","coordinates":[121.5208788,25.0924487]},"properties":{"site_name":"臺北市至善無障愛關懷協會","tel":"(02)27096731","address":"基河路311號斜對面258號人行道右側","full_address":"臺北市士林區基河路311號斜對面258號人行道右側","resolved_county":"臺北市","resolved_district":"士林區","service_type":"回收","item":"舊衣類","taipei_oldcloth_approval_no":"1087","taipei_oldcloth_remark":"","data_source":"臺北市舊衣回收核准名冊(CSV)","geocode_ok":true,"geocode_provider":"google","geocode_tier":"cache","geocode_query":"臺北市士林區基河路311號斜對面258號人行道右側"}},{"type":"Feature","geometry":{"type":"Point","coordinates":[121.524364,25.094369]},"properties":{"site_name":"臺北市至善無障愛關懷協會","tel":"(02)27096731","address":"文林路421巷6號電線桿旁","full_address":"臺北市士林區文林路421巷6號電線桿旁","resolved_county":"臺北市","resolved_district":"士林區","service_type":"回收","item":"舊衣類","taipei_oldcloth_approval_no":"1088","taipei_oldcloth_remark":"","data_source":"臺北市舊衣回收核准名冊(CSV)","geocode_ok":true,"geocode_provider":"google","geocode_tier":"cache","geocode_query":"臺北市士林區文林路421巷6號電線桿旁"}},{"type":"Feature","geometry":{"type":"Point","coordinates":[121.5294681,25.1076924]},"properties":{"site_name":"臺北市至善無障愛關懷協會","tel":"(02)27096731","address":"德行東路132巷1弄口電線桿下","full_address":"臺北市士林區德行東路132巷1弄口電線桿下","resolved_county":"臺北市","resolved_district":"士林區","service_type":"回收","item":"舊衣類","taipei_oldcloth_approval_no":"1089","taipei_oldcloth_remark":"","data_source":"臺北市舊衣回收核准名冊(CSV)","geocode_ok":true,"geocode_provider":"google","geocode_tier":"cache","geocode_query":"臺北市士林區德行東路132巷1弄口電線桿下"}},{"type":"Feature","geometry":{"type":"Point","coordinates":[121.5199072,25.0911575]},"properties":{"site_name":"臺北市至善無障愛關懷協會","tel":"(02)27096731","address":"士商路57號旁","full_address":"臺北市士林區士商路57號旁","resolved_county":"臺北市","resolved_district":"士林區","service_type":"回收","item":"舊衣類","taipei_oldcloth_approval_no":"1090","taipei_oldcloth_remark":"","data_source":"臺北市舊衣回收核准名冊(CSV)","geocode_ok":true,"geocode_provider":"google","geocode_tier":"cache","geocode_query":"臺北市士林區士商路57號旁"}},{"type":"Feature","geometry":{"type":"Point","coordinates":[121.5051692,25.0896086]},"properties":{"site_name":"臺北市至善無障愛關懷協會","tel":"(02)27096731","address":"延平北路6段202號旁路燈","full_address":"臺北市士林區延平北路6段202號旁路燈","resolved_county":"臺北市","resolved_district":"士林區","service_type":"回收","item":"舊衣類","taipei_oldcloth_approval_no":"1091","taipei_oldcloth_remark":"","data_source":"臺北市舊衣回收核准名冊(CSV)","geocode_ok":true,"geocode_provider":"google","geocode_tier":"cache","geocode_query":"臺北市士林區延平北路6段202號旁路燈"}},{"type":"Feature","geometry":{"type":"Point","coordinates":[121.5028732,25.0919637]},"properties":{"site_name":"臺北市至善無障愛關懷協會","tel":"(02)27096731","address":"延平北路6段258巷與社中街口","full_address":"臺北市士林區延平北路6段258巷與社中街口","resolved_county":"臺北市","resolved_district":"士林區","service_type":"回收","item":"舊衣類","taipei_oldcloth_approval_no":"1092","taipei_oldcloth_remark":"","data_source":"臺北市舊衣回收核准名冊(CSV)","geocode_ok":true,"geocode_provider":"google","geocode_tier":"cache","geocode_query":"臺北市士林區延平北路6段258巷與社中街口"}},{"type":"Feature","geometry":{"type":"Point","coordinates":[121.5052109,25.0917241]},"properties":{"site_name":"臺北市至善無障愛關懷協會","tel":"(02)27096731","address":"永平街82號對面","full_address":"臺北市士林區永平街82號對面","resolved_county":"臺北市","resolved_district":"士林區","service_type":"回收","item":"舊衣類","taipei_oldcloth_approval_no":"1093","taipei_oldcloth_remark":"","data_source":"臺北市舊衣回收核准名冊(CSV)","geocode_ok":true,"geocode_provider":"google","geocode_tier":"cache","geocode_query":"臺北市士林區永平街82號對面"}},{"type":"Feature","geometry":{"type":"Point","coordinates":[121.5545606,25.0276177]},"properties":{"site_name":"臺北市至善無障愛關懷協會","tel":"(02)27096731","address":"通化街171巷22弄口","full_address":"臺北市大安區通化街171巷22弄口","resolved_county":"臺北市","resolved_district":"大安區","service_type":"回收","item":"舊衣類","taipei_oldcloth_approval_no":"1094","taipei_oldcloth_remark":"","data_source":"臺北市舊衣回收核准名冊(CSV)","geocode_ok":true,"geocode_provider":"google","geocode_tier":"cache","geocode_query":"臺北市大安區通化街171巷22弄口"}},{"type":"Feature","geometry":{"type":"Point","coordinates":[121.5568827,25.0342357]},"properties":{"site_name":"臺北市至善無障愛關懷協會","tel":"(02)27096731","address":"延吉街261號之3電桿旁","full_address":"臺北市大安區延吉街261號之3電桿旁","resolved_county":"臺北市","resolved_district":"大安區","service_type":"回收","item":"舊衣類","taipei_oldcloth_approval_no":"1095","taipei_oldcloth_remark":"","data_source":"臺北市舊衣回收核准名冊(CSV)","geocode_ok":true,"geocode_provider":"google","geocode_tier":"cache","geocode_query":"臺北市大安區延吉街261號之3電桿旁"}},{"type":"Feature","geometry":{"type":"Point","coordinates":[121.5346141,25.0488055]},"properties":{"site_name":"臺北市至善無障愛關懷協會","tel":"(02)27096731","address":"松江路63巷18號對面","full_address":"臺北市中山區松江路63巷18號對面","resolved_county":"臺北市","resolved_district":"中山區","service_type":"回收","item":"舊衣類","taipei_oldcloth_approval_no":"1096","taipei_oldcloth_remark":"","data_source":"臺北市舊衣回收核准名冊(CSV)","geocode_ok":true,"geocode_provider":"google","geocode_tier":"cache","geocode_query":"臺北市中山區松江路63巷18號對面"}},{"type":"Feature","geometry":{"type":"Point","coordinates":[121.5349397,25.0507233]},"properties":{"site_name":"臺北市至善無障愛關懷協會","tel":"(02)27096731","address":"伊通街39號","full_address":"臺北市中山區伊通街39號","resolved_county":"臺北市","resolved_district":"中山區","service_type":"回收","item":"舊衣類","taipei_oldcloth_approval_no":"1097","taipei_oldcloth_remark":"","data_source":"臺北市舊衣回收核准名冊(CSV)","geocode_ok":true,"geocode_provider":"google","geocode_tier":"cache","geocode_query":"臺北市中山區伊通街39號"}},{"type":"Feature","geometry":{"type":"Point","coordinates":[121.5419539,25.066907]},"properties":{"site_name":"臺北市至善無障愛關懷協會","tel":"(02)27096731","address":"民族東路512巷26號對面","full_address":"臺北市中山區民族東路512巷26號對面","resolved_county":"臺北市","resolved_district":"中山區","service_type":"回收","item":"舊衣類","taipei_oldcloth_approval_no":"1099","taipei_oldcloth_remark":"","data_source":"臺北市舊衣回收核准名冊(CSV)","geocode_ok":true,"geocode_provider":"google","geocode_tier":"cache","geocode_query":"臺北市中山區民族東路512巷26號對面"}},{"type":"Feature","geometry":{"type":"Point","coordinates":[121.5411665,25.0630219]},"properties":{"site_name":"臺北市至善無障愛關懷協會","tel":"(02)27096731","address":"龍江路331巷1號","full_address":"臺北市中山區龍江路331巷1號","resolved_county":"臺北市","resolved_district":"中山區","service_type":"回收","item":"舊衣類","taipei_oldcloth_approval_no":"1100","taipei_oldcloth_remark":"","data_source":"臺北市舊衣回收核准名冊(CSV)","geocode_ok":true,"geocode_provider":"google","geocode_tier":"cache","geocode_query":"臺北市中山區龍江路331巷1號"}},{"type":"Feature","geometry":{"type":"Point","coordinates":[121.5555074,25.0051307]},"properties":{"site_name":"台北市身心障礙運動體育會","tel":"(02)25975091","address":"辛亥路4段166巷26弄興泰公園旁","full_address":"臺北市文山區辛亥路4段166巷26弄興泰公園旁","resolved_county":"臺北市","resolved_district":"文山區","service_type":"回收","item":"舊衣類","taipei_oldcloth_approval_no":"1101","taipei_oldcloth_remark":"","data_source":"臺北市舊衣回收核准名冊(CSV)","geocode_ok":true,"geocode_provider":"google","geocode_tier":"cache","geocode_query":"臺北市文山區辛亥路4段166巷26弄興泰公園旁"}},{"type":"Feature","geometry":{"type":"Point","coordinates":[121.5551881,24.9996189]},"properties":{"site_name":"台北市身心障礙運動體育會","tel":"(02)25975091","address":"興隆路3段36巷17弄1號旁","full_address":"臺北市文山區興隆路3段36巷17弄1號旁","resolved_county":"臺北市","resolved_district":"文山區","service_type":"回收","item":"舊衣類","taipei_oldcloth_approval_no":"1102","taipei_oldcloth_remark":"","data_source":"臺北市舊衣回收核准名冊(CSV)","geocode_ok":true,"geocode_provider":"google","geocode_tier":"cache","geocode_query":"臺北市文山區興隆路3段36巷17弄1號旁"}},{"type":"Feature","geometry":{"type":"Point","coordinates":[121.5394113,25.0013688]},"properties":{"site_name":"台北市身心障礙運動體育會","tel":"(02)25975091","address":"羅斯福路5段255之1號後巷","full_address":"臺北市文山區羅斯福路5段255之1號後巷","resolved_county":"臺北市","resolved_district":"文山區","service_type":"回收","item":"舊衣類","taipei_oldcloth_approval_no":"1103","taipei_oldcloth_remark":"","data_source":"臺北市舊衣回收核准名冊(CSV)","geocode_ok":true,"geocode_provider":"google","geocode_tier":"cache","geocode_query":"臺北市文山區羅斯福路5段255之1號後巷"}},{"type":"Feature","geometry":{"type":"Point","coordinates":[121.5573981,25.0383541]},"properties":{"site_name":"台北市身心障礙運動體育會","tel":"(02)25975091","address":"光復南路348號前","full_address":"臺北市大安區光復南路348號前","resolved_county":"臺北市","resolved_district":"大安區","service_type":"回收","item":"舊衣類","taipei_oldcloth_approval_no":"1104","taipei_oldcloth_remark":"","data_source":"臺北市舊衣回收核准名冊(CSV)","geocode_ok":true,"geocode_provider":"google","geocode_tier":"cache","geocode_query":"臺北市大安區光復南路348號前"}},{"type":"Feature","geometry":{"type":"Point","coordinates":[121.5340419,25.0363527]},"properties":{"site_name":"台北市身心障礙運動體育會","tel":"(02)25975091","address":"仁愛路3段20巷12號對面","full_address":"臺北市大安區仁愛路3段20巷12號對面","resolved_county":"臺北市","resolved_district":"大安區","service_type":"回收","item":"舊衣類","taipei_oldcloth_approval_no":"1105","taipei_oldcloth_remark":"","data_source":"臺北市舊衣回收核准名冊(CSV)","geocode_ok":true,"geocode_provider":"google","geocode_tier":"cache","geocode_query":"臺北市大安區仁愛路3段20巷12號對面"}},{"type":"Feature","geometry":{"type":"Point","coordinates":[121.5330387,25.0345579]},"properties":{"site_name":"台北市身心障礙運動體育會","tel":"(02)25975091","address":"新生南路1段161巷8之1號旁","full_address":"臺北市大安區新生南路1段161巷8之1號旁","resolved_county":"臺北市","resolved_district":"大安區","service_type":"回收","item":"舊衣類","taipei_oldcloth_approval_no":"1106","taipei_oldcloth_remark":"","data_source":"臺北市舊衣回收核准名冊(CSV)","geocode_ok":true,"geocode_provider":"google","geocode_tier":"cache","geocode_query":"臺北市大安區新生南路1段161巷8之1號旁"}},{"type":"Feature","geometry":{"type":"Point","coordinates":[121.5359619,25.0346365]},"properties":{"site_name":"台北市身心障礙運動體育會","tel":"(02)25975091","address":"新生南路1段161巷底","full_address":"臺北市大安區新生南路1段161巷底","resolved_county":"臺北市","resolved_district":"大安區","service_type":"回收","item":"舊衣類","taipei_oldcloth_approval_no":"1109","taipei_oldcloth_remark":"","data_source":"臺北市舊衣回收核准名冊(CSV)","geocode_ok":true,"geocode_provider":"google","geocode_tier":"cache","geocode_query":"臺北市大安區新生南路1段161巷底"}},{"type":"Feature","geometry":{"type":"Point","coordinates":[121.5570727,25.0384319]},"properties":{"site_name":"台北市身心障礙運動體育會","tel":"(02)25975091","address":"光復南路346巷底","full_address":"臺北市大安區光復南路346巷底","resolved_county":"臺北市","resolved_district":"大安區","service_type":"回收","item":"舊衣類","taipei_oldcloth_approval_no":"1110","taipei_oldcloth_remark":"","data_source":"臺北市舊衣回收核准名冊(CSV)","geocode_ok":true,"geocode_provider":"google","geocode_tier":"cache","geocode_query":"臺北市大安區光復南路346巷底"}},{"type":"Feature","geometry":{"type":"Point","coordinates":[121.5431386,25.0328073]},"properties":{"site_name":"台北市身心障礙運動體育會","tel":"(02)25975091","address":"復興南路2段12巷1號對面","full_address":"臺北市大安區復興南路2段12巷1號對面","resolved_county":"臺北市","resolved_district":"大安區","service_type":"回收","item":"舊衣類","taipei_oldcloth_approval_no":"1111","taipei_oldcloth_remark":"","data_source":"臺北市舊衣回收核准名冊(CSV)","geocode_ok":true,"geocode_provider":"google","geocode_tier":"cache","geocode_query":"臺北市大安區復興南路2段12巷1號對面"}},{"type":"Feature","geometry":{"type":"Point","coordinates":[121.5226388,25.0452201]},"properties":{"site_name":"台北市身心障礙運動體育會","tel":"(02)25975091","address":"林森北路與民權東路1段口樹旁","full_address":"臺北市中山區林森北路與民權東路1段口樹旁","resolved_county":"臺北市","resolved_district":"中山區","service_type":"回收","item":"舊衣類","taipei_oldcloth_approval_no":"1112","taipei_oldcloth_remark":"","data_source":"臺北市舊衣回收核准名冊(CSV)","geocode_ok":true,"geocode_provider":"google","geocode_tier":"cache","geocode_query":"臺北市中山區林森北路與民權東路1段口樹旁"}},{"type":"Feature","geometry":{"type":"Point","coordinates":[121.5417757,24.9960433]},"properties":{"site_name":"台北市身心障礙運動體育會","tel":"(02)25975091","address":"三福街2號旁","full_address":"臺北市文山區三福街2號旁","resolved_county":"臺北市","resolved_district":"文山區","service_type":"回收","item":"舊衣類","taipei_oldcloth_approval_no":"1113","taipei_oldcloth_remark":"","data_source":"臺北市舊衣回收核准名冊(CSV)","geocode_ok":true,"geocode_provider":"google","geocode_tier":"cache","geocode_query":"臺北市文山區三福街2號旁"}},{"type":"Feature","geometry":{"type":"Point","coordinates":[121.5535024,25.0327205]},"properties":{"site_name":"台北市身心障礙運動體育會","tel":"(02)25975091","address":"通安街5號前","full_address":"臺北市大安區通安街5號前","resolved_county":"臺北市","resolved_district":"大安區","service_type":"回收","item":"舊衣類","taipei_oldcloth_approval_no":"1114","taipei_oldcloth_remark":"","data_source":"臺北市舊衣回收核准名冊(CSV)","geocode_ok":true,"geocode_provider":"google","geocode_tier":"cache","geocode_query":"臺北市大安區通安街5號前"}},{"type":"Feature","geometry":{"type":"Point","coordinates":[121.5536718,25.0279952]},"properties":{"site_name":"台北市身心障礙運動體育會","tel":"(02)25975091","address":"通化街171巷2號對面","full_address":"臺北市大安區通化街171巷2號對面","resolved_county":"臺北市","resolved_district":"大安區","service_type":"回收","item":"舊衣類","taipei_oldcloth_approval_no":"1115","taipei_oldcloth_remark":"","data_source":"臺北市舊衣回收核准名冊(CSV)","geocode_ok":true,"geocode_provider":"google","geocode_tier":"cache","geocode_query":"臺北市大安區通化街171巷2號對面"}},{"type":"Feature","geometry":{"type":"Point","coordinates":[121.5566578,25.0288882]},"properties":{"site_name":"台北市身心障礙運動體育會","tel":"(02)25975091","address":"基隆路2段132巷2號旁","full_address":"臺北市大安區基隆路2段132巷2號旁","resolved_county":"臺北市","resolved_district":"大安區","service_type":"回收","item":"舊衣類","taipei_oldcloth_approval_no":"1116","taipei_oldcloth_remark":"","data_source":"臺北市舊衣回收核准名冊(CSV)","geocode_ok":true,"geocode_provider":"google","geocode_tier":"cache","geocode_query":"臺北市大安區基隆路2段132巷2號旁"}},{"type":"Feature","geometry":{"type":"Point","coordinates":[121.5402283,24.9923425]},"properties":{"site_name":"台北市身心障礙者保護協會","tel":"(02)25975091","address":"萬慶街8號對面2桿間","full_address":"臺北市文山區萬慶街8號對面2桿間","resolved_county":"臺北市","resolved_district":"文山區","service_type":"回收","item":"舊衣類","taipei_oldcloth_approval_no":"1126","taipei_oldcloth_remark":"","data_source":"臺北市舊衣回收核准名冊(CSV)","geocode_ok":true,"geocode_provider":"google","geocode_tier":"cache","geocode_query":"臺北市文山區萬慶街8號對面2桿間"}},{"type":"Feature","geometry":{"type":"Point","coordinates":[121.5395606,24.9914322]},"properties":{"site_name":"台北市身心障礙者保護協會","tel":"(02)25975091","address":"羅斯福路6段276巷底","full_address":"臺北市文山區羅斯福路6段276巷底","resolved_county":"臺北市","resolved_district":"文山區","service_type":"回收","item":"舊衣類","taipei_oldcloth_approval_no":"1127","taipei_oldcloth_remark":"","data_source":"臺北市舊衣回收核准名冊(CSV)","geocode_ok":true,"geocode_provider":"google","geocode_tier":"cache","geocode_query":"臺北市文山區羅斯福路6段276巷底"}},{"type":"Feature","geometry":{"type":"Point","coordinates":[121.5591901,25.0074814]},"properties":{"site_name":"台北市身心障礙者保護協會","tel":"(02)25975091","address":"辛亥路4段77巷1~15號前","full_address":"臺北市文山區辛亥路4段77巷1~15號前","resolved_county":"臺北市","resolved_district":"文山區","service_type":"回收","item":"舊衣類","taipei_oldcloth_approval_no":"1128","taipei_oldcloth_remark":"","data_source":"臺北市舊衣回收核准名冊(CSV)","geocode_ok":true,"geocode_provider":"google","geocode_tier":"cache","geocode_query":"臺北市文山區辛亥路4段77巷1~15號前"}},{"type":"Feature","geometry":{"type":"Point","coordinates":[121.546989,24.9951625]},"properties":{"site_name":"台北市身心障礙者保護協會","tel":"(02)25975091","address":"景華街128巷2弄口","full_address":"臺北市文山區景華街128巷2弄口","resolved_county":"臺北市","resolved_district":"文山區","service_type":"回收","item":"舊衣類","taipei_oldcloth_approval_no":"1129","taipei_oldcloth_remark":"","data_source":"臺北市舊衣回收核准名冊(CSV)","geocode_ok":true,"geocode_provider":"google","geocode_tier":"cache","geocode_query":"臺北市文山區景華街128巷2弄口"}},{"type":"Feature","geometry":{"type":"Point","coordinates":[121.5468018,25.0230067]},"properties":{"site_name":"台北市身心障礙者保護協會","tel":"(02)25975091","address":"臥龍街26號對面","full_address":"臺北市大安區臥龍街26號對面","resolved_county":"臺北市","resolved_district":"大安區","service_type":"回收","item":"舊衣類","taipei_oldcloth_approval_no":"1130","taipei_oldcloth_remark":"","data_source":"臺北市舊衣回收核准名冊(CSV)","geocode_ok":true,"geocode_provider":"google","geocode_tier":"cache","geocode_query":"臺北市大安區臥龍街26號對面"}},{"type":"Feature","geometry":{"type":"Point","coordinates":[121.5276954,25.0298223]},"properties":{"site_name":"台北市身心障礙者保護協會","tel":"(02)25975091","address":"潮州街107巷14號對面","full_address":"臺北市大安區潮州街107巷14號對面","resolved_county":"臺北市","resolved_district":"大安區","service_type":"回收","item":"舊衣類","taipei_oldcloth_approval_no":"1131","taipei_oldcloth_remark":"","data_source":"臺北市舊衣回收核准名冊(CSV)","geocode_ok":true,"geocode_provider":"google","geocode_tier":"cache","geocode_query":"臺北市大安區潮州街107巷14號對面"}},{"type":"Feature","geometry":{"type":"Point","coordinates":[121.5297502,25.0280915]},"properties":{"site_name":"台北市身心障礙者保護協會","tel":"(02)25975091","address":"麗水街33巷15號對面","full_address":"臺北市大安區麗水街33巷15號對面","resolved_county":"臺北市","resolved_district":"大安區","service_type":"回收","item":"舊衣類","taipei_oldcloth_approval_no":"1132","taipei_oldcloth_remark":"","data_source":"臺北市舊衣回收核准名冊(CSV)","geocode_ok":true,"geocode_provider":"google","geocode_tier":"cache","geocode_query":"臺北市大安區麗水街33巷15號對面"}},{"type":"Feature","geometry":{"type":"Point","coordinates":[121.5459225,25.0391239]},"properties":{"site_name":"台北市身心障礙者保護協會","tel":"(02)25975091","address":"仁愛路3段123巷13弄與復興南路1段196巷交口","full_address":"臺北市大安區仁愛路3段123巷13弄與復興南路1段196巷交口","resolved_county":"臺北市","resolved_district":"大安區","service_type":"回收","item":"舊衣類","taipei_oldcloth_approval_no":"1133","taipei_oldcloth_remark":"","data_source":"臺北市舊衣回收核准名冊(CSV)","geocode_ok":true,"geocode_provider":"google","geocode_tier":"cache","geocode_query":"臺北市大安區仁愛路3段123巷13弄與復興南路1段196巷交口"}},{"type":"Feature","geometry":{"type":"Point","coordinates":[121.5564708,25.0405626]},"properties":{"site_name":"台北市身心障礙者保護協會","tel":"(02)25975091","address":"光復南路240巷23號前","full_address":"臺北市大安區光復南路240巷23號前","resolved_county":"臺北市","resolved_district":"大安區","service_type":"回收","item":"舊衣類","taipei_oldcloth_approval_no":"1134","taipei_oldcloth_remark":"","data_source":"臺北市舊衣回收核准名冊(CSV)","geocode_ok":true,"geocode_provider":"google","geocode_tier":"cache","geocode_query":"臺北市大安區光復南路240巷23號前"}},{"type":"Feature","geometry":{"type":"Point","coordinates":[121.5687424,25.0219282]},"properties":{"site_name":"台北市身心障礙者保護協會","tel":"(02)25975091","address":"吳興街524巷口","full_address":"臺北市信義區吳興街524巷口","resolved_county":"臺北市","resolved_district":"信義區","service_type":"回收","item":"舊衣類","taipei_oldcloth_approval_no":"1135","taipei_oldcloth_remark":"","data_source":"臺北市舊衣回收核准名冊(CSV)","geocode_ok":true,"geocode_provider":"google","geocode_tier":"cache","geocode_query":"臺北市信義區吳興街524巷口"}},{"type":"Feature","geometry":{"type":"Point","coordinates":[121.5308677,25.096607]},"properties":{"site_name":"台北市身心障礙者保護協會","tel":"(02)25975091","address":"中正路志成路口","full_address":"臺北市士林區中正路志成路口","resolved_county":"臺北市","resolved_district":"士林區","service_type":"回收","item":"舊衣類","taipei_oldcloth_approval_no":"1137","taipei_oldcloth_remark":"","data_source":"臺北市舊衣回收核准名冊(CSV)","geocode_ok":true,"geocode_provider":"google","geocode_tier":"cache","geocode_query":"臺北市士林區中正路志成路口"}},{"type":"Feature","geometry":{"type":"Point","coordinates":[121.4922504,25.0338724]},"properties":{"site_name":"台北市身心障礙者保護協會","tel":"(02)25975091","address":"環河南路2段250巷28弄38號公園旁","full_address":"臺北市萬華區環河南路2段250巷28弄38號公園旁","resolved_county":"臺北市","resolved_district":"萬華區","service_type":"回收","item":"舊衣類","taipei_oldcloth_approval_no":"1139","taipei_oldcloth_remark":"","data_source":"臺北市舊衣回收核准名冊(CSV)","geocode_ok":true,"geocode_provider":"google","geocode_tier":"cache","geocode_query":"臺北市萬華區環河南路2段250巷28弄38號公園旁"}},{"type":"Feature","geometry":{"type":"Point","coordinates":[121.5864039,25.0454575]},"properties":{"site_name":"台北市身心障礙者保護協會","tel":"(02)25975091","address":"東新街80巷10弄20號對面佈告欄旁","full_address":"臺北市南港區東新街80巷10弄20號對面佈告欄旁","resolved_county":"臺北市","resolved_district":"南港區","service_type":"回收","item":"舊衣類","taipei_oldcloth_approval_no":"1141","taipei_oldcloth_remark":"","data_source":"臺北市舊衣回收核准名冊(CSV)","geocode_ok":true,"geocode_provider":"google","geocode_tier":"cache","geocode_query":"臺北市南港區東新街80巷10弄20號對面佈告欄旁"}},{"type":"Feature","geometry":{"type":"Point","coordinates":[121.5880309,25.0422849]},"properties":{"site_name":"台北市身心障礙者保護協會","tel":"(02)25975091","address":"成福路121巷24號電桿旁","full_address":"臺北市南港區成福路121巷24號電桿旁","resolved_county":"臺北市","resolved_district":"南港區","service_type":"回收","item":"舊衣類","taipei_oldcloth_approval_no":"1142","taipei_oldcloth_remark":"","data_source":"臺北市舊衣回收核准名冊(CSV)","geocode_ok":true,"geocode_provider":"google","geocode_tier":"cache","geocode_query":"臺北市南港區成福路121巷24號電桿旁"}},{"type":"Feature","geometry":{"type":"Point","coordinates":[121.569877,24.9876835]},"properties":{"site_name":"台北市身心障礙者權益促進會","tel":"(02)25975091","address":"指南路1段14巷3號旁","full_address":"臺北市文山區指南路1段14巷3號旁","resolved_county":"臺北市","resolved_district":"文山區","service_type":"回收","item":"舊衣類","taipei_oldcloth_approval_no":"1151","taipei_oldcloth_remark":"","data_source":"臺北市舊衣回收核准名冊(CSV)","geocode_ok":true,"geocode_provider":"google","geocode_tier":"cache","geocode_query":"臺北市文山區指南路1段14巷3號旁"}},{"type":"Feature","geometry":{"type":"Point","coordinates":[121.5703402,24.9852551]},"properties":{"site_name":"台北市身心障礙者權益促進會","tel":"(02)25975091","address":"木新路2段96號對面","full_address":"臺北市文山區木新路2段96號對面","resolved_county":"臺北市","resolved_district":"文山區","service_type":"回收","item":"舊衣類","taipei_oldcloth_approval_no":"1152","taipei_oldcloth_remark":"","data_source":"臺北市舊衣回收核准名冊(CSV)","geocode_ok":true,"geocode_provider":"google","geocode_tier":"cache","geocode_query":"臺北市文山區木新路2段96號對面"}},{"type":"Feature","geometry":{"type":"Point","coordinates":[121.5684545,24.9858973]},"properties":{"site_name":"台北市身心障礙者權益促進會","tel":"(02)25975091","address":"保儀路109巷口","full_address":"臺北市文山區保儀路109巷口","resolved_county":"臺北市","resolved_district":"文山區","service_type":"回收","item":"舊衣類","taipei_oldcloth_approval_no":"1153","taipei_oldcloth_remark":"","data_source":"臺北市舊衣回收核准名冊(CSV)","geocode_ok":true,"geocode_provider":"google","geocode_tier":"cache","geocode_query":"臺北市文山區保儀路109巷口"}},{"type":"Feature","geometry":{"type":"Point","coordinates":[121.5585129,24.9977601]},"properties":{"site_name":"台北市身心障礙者權益促進會","tel":"(02)25975091","address":"興隆路3段192巷口","full_address":"臺北市文山區興隆路3段192巷口","resolved_county":"臺北市","resolved_district":"文山區","service_type":"回收","item":"舊衣類","taipei_oldcloth_approval_no":"1154","taipei_oldcloth_remark":"","data_source":"臺北市舊衣回收核准名冊(CSV)","geocode_ok":true,"geocode_provider":"google","geocode_tier":"cache","geocode_query":"臺北市文山區興隆路3段192巷口"}},{"type":"Feature","geometry":{"type":"Point","coordinates":[121.5513962,25.0027443]},"properties":{"site_name":"台北市身心障礙者權益促進會","tel":"(02)25975091","address":"福興路21巷口","full_address":"臺北市文山區福興路21巷口","resolved_county":"臺北市","resolved_district":"文山區","service_type":"回收","item":"舊衣類","taipei_oldcloth_approval_no":"1155","taipei_oldcloth_remark":"","data_source":"臺北市舊衣回收核准名冊(CSV)","geocode_ok":true,"geocode_provider":"google","geocode_tier":"cache","geocode_query":"臺北市文山區福興路21巷口"}},{"type":"Feature","geometry":{"type":"Point","coordinates":[121.5535003,25.0020011]},"properties":{"site_name":"台北市身心障礙者權益促進會","tel":"(02)25975091","address":"興隆路2段301巷口內桿邊","full_address":"臺北市文山區興隆路2段301巷口內桿邊","resolved_county":"臺北市","resolved_district":"文山區","service_type":"回收","item":"舊衣類","taipei_oldcloth_approval_no":"1156","taipei_oldcloth_remark":"","data_source":"臺北市舊衣回收核准名冊(CSV)","geocode_ok":true,"geocode_provider":"google","geocode_tier":"cache","geocode_query":"臺北市文山區興隆路2段301巷口內桿邊"}},{"type":"Feature","geometry":{"type":"Point","coordinates":[121.5390902,25.0005079]},"properties":{"site_name":"台北市身心障礙者權益促進會","tel":"(02)25975091","address":"萬隆街2號對面2桿間","full_address":"臺北市文山區萬隆街2號對面2桿間","resolved_county":"臺北市","resolved_district":"文山區","service_type":"回收","item":"舊衣類","taipei_oldcloth_approval_no":"1157","taipei_oldcloth_remark":"","data_source":"臺北市舊衣回收核准名冊(CSV)","geocode_ok":true,"geocode_provider":"google","geocode_tier":"cache","geocode_query":"臺北市文山區萬隆街2號對面2桿間"}},{"type":"Feature","geometry":{"type":"Point","coordinates":[121.5437189,24.9981351]},"properties":{"site_name":"台北市身心障礙者權益促進會","tel":"(02)25975091","address":"景隆街36巷2號對面公園路燈旁","full_address":"臺北市文山區景隆街36巷2號對面公園路燈旁","resolved_county":"臺北市","resolved_district":"文山區","service_type":"回收","item":"舊衣類","taipei_oldcloth_approval_no":"1158","taipei_oldcloth_remark":"","data_source":"臺北市舊衣回收核准名冊(CSV)","geocode_ok":true,"geocode_provider":"google","geocode_tier":"cache","geocode_query":"臺北市文山區景隆街36巷2號對面公園路燈旁"}},{"type":"Feature","geometry":{"type":"Point","coordinates":[121.5438643,24.9945136]},"properties":{"site_name":"台北市身心障礙者權益促進會","tel":"(02)25975091","address":"景華街52巷7號對面","full_address":"臺北市文山區景華街52巷7號對面","resolved_county":"臺北市","resolved_district":"文山區","service_type":"回收","item":"舊衣類","taipei_oldcloth_approval_no":"1159","taipei_oldcloth_remark":"","data_source":"臺北市舊衣回收核准名冊(CSV)","geocode_ok":true,"geocode_provider":"google","geocode_tier":"cache","geocode_query":"臺北市文山區景華街52巷7號對面"}},{"type":"Feature","geometry":{"type":"Point","coordinates":[121.5288335,25.0220043]},"properties":{"site_name":"台北市身心障礙者權益促進會","tel":"(02)25975091","address":"龍泉街93巷口","full_address":"臺北市大安區龍泉街93巷口","resolved_county":"臺北市","resolved_district":"大安區","service_type":"回收","item":"舊衣類","taipei_oldcloth_approval_no":"1161","taipei_oldcloth_remark":"","data_source":"臺北市舊衣回收核准名冊(CSV)","geocode_ok":true,"geocode_provider":"google","geocode_tier":"cache","geocode_query":"臺北市大安區龍泉街93巷口"}},{"type":"Feature","geometry":{"type":"Point","coordinates":[121.5564297,25.0399415]},"properties":{"site_name":"台北市身心障礙者權益促進會","tel":"(02)25975091","address":"光復南路280巷24號旁(前)","full_address":"臺北市大安區光復南路280巷24號旁(前)","resolved_county":"臺北市","resolved_district":"大安區","service_type":"回收","item":"舊衣類","taipei_oldcloth_approval_no":"1162","taipei_oldcloth_remark":"","data_source":"臺北市舊衣回收核准名冊(CSV)","geocode_ok":true,"geocode_provider":"google","geocode_tier":"cache","geocode_query":"臺北市大安區光復南路280巷24號旁(前)"}},{"type":"Feature","geometry":{"type":"Point","coordinates":[121.5231616,25.1116194]},"properties":{"site_name":"台北市身心障礙者權益促進會","tel":"(02)25975091","address":"榮華一路20巷口","full_address":"臺北市北投區榮華一路20巷口","resolved_county":"臺北市","resolved_district":"北投區","service_type":"回收","item":"舊衣類","taipei_oldcloth_approval_no":"1163","taipei_oldcloth_remark":"","data_source":"臺北市舊衣回收核准名冊(CSV)","geocode_ok":true,"geocode_provider":"google","geocode_tier":"cache","geocode_query":"臺北市北投區榮華一路20巷口"}},{"type":"Feature","geometry":{"type":"Point","coordinates":[121.5570027,25.0464297]},"properties":{"site_name":"台北市身心障礙者權益促進會","tel":"(02)25975091","address":"光復南路32巷1之1號臺電電箱右側","full_address":"臺北市松山區光復南路32巷1之1號臺電電箱右側","resolved_county":"臺北市","resolved_district":"松山區","service_type":"回收","item":"舊衣類","taipei_oldcloth_approval_no":"1164","taipei_oldcloth_remark":"","data_source":"臺北市舊衣回收核准名冊(CSV)","geocode_ok":true,"geocode_provider":"google","geocode_tier":"cache","geocode_query":"臺北市松山區光復南路32巷1之1號臺電電箱右側"}},{"type":"Feature","geometry":{"type":"Point","coordinates":[121.5557004,25.0367838]},"properties":{"site_name":"台北市身心障礙者權益促進會","tel":"(02)25975091","address":"延吉街233巷口","full_address":"臺北市大安區延吉街233巷口","resolved_county":"臺北市","resolved_district":"大安區","service_type":"回收","item":"舊衣類","taipei_oldcloth_approval_no":"1165","taipei_oldcloth_remark":"","data_source":"臺北市舊衣回收核准名冊(CSV)","geocode_ok":true,"geocode_provider":"google","geocode_tier":"cache","geocode_query":"臺北市大安區延吉街233巷口"}},{"type":"Feature","geometry":{"type":"Point","coordinates":[121.5920452,25.0389689]},"properties":{"site_name":"台北市身心障礙者權益促進會","tel":"(02)25975091","address":"福德街373巷41號對面","full_address":"臺北市南港區福德街373巷41號對面","resolved_county":"臺北市","resolved_district":"南港區","service_type":"回收","item":"舊衣類","taipei_oldcloth_approval_no":"1166","taipei_oldcloth_remark":"","data_source":"臺北市舊衣回收核准名冊(CSV)","geocode_ok":true,"geocode_provider":"google","geocode_tier":"cache","geocode_query":"臺北市南港區福德街373巷41號對面"}},{"type":"Feature","geometry":{"type":"Point","coordinates":[121.5525761,25.0462743]},"properties":{"site_name":"台北市身心障礙者權益促進會","tel":"(02)25975091","address":"八德路3段74巷43號旁","full_address":"臺北市松山區八德路3段74巷43號旁","resolved_county":"臺北市","resolved_district":"松山區","service_type":"回收","item":"舊衣類","taipei_oldcloth_approval_no":"1167","taipei_oldcloth_remark":"","data_source":"臺北市舊衣回收核准名冊(CSV)","geocode_ok":true,"geocode_provider":"google","geocode_tier":"cache","geocode_query":"臺北市松山區八德路3段74巷43號旁"}},{"type":"Feature","geometry":{"type":"Point","coordinates":[121.575522,25.0444948]},"properties":{"site_name":"臺北市身障關愛福利協會","tel":"0933-494-219","address":"虎林街70巷底(永吉路326巷21號旁)","full_address":"臺北市信義區虎林街70巷底(永吉路326巷21號旁)","resolved_county":"臺北市","resolved_district":"信義區","service_type":"回收","item":"舊衣類","taipei_oldcloth_approval_no":"1176","taipei_oldcloth_remark":"","data_source":"臺北市舊衣回收核准名冊(CSV)","geocode_ok":true,"geocode_provider":"google","geocode_tier":"cache","geocode_query":"臺北市信義區虎林街70巷底(永吉路326巷21號旁)"}},{"type":"Feature","geometry":{"type":"Point","coordinates":[121.5766,25.043984]},"properties":{"site_name":"臺北市身障關愛福利協會","tel":"0933-494-219","address":"信義區虎林街74巷12號(停車場口)","full_address":"臺北市信義區信義區虎林街74巷12號(停車場口)","resolved_county":"臺北市","resolved_district":"信義區","service_type":"回收","item":"舊衣類","taipei_oldcloth_approval_no":"1177","taipei_oldcloth_remark":"","data_source":"臺北市舊衣回收核准名冊(CSV)","geocode_ok":true,"geocode_provider":"google","geocode_tier":"cache","geocode_query":"臺北市信義區信義區虎林街74巷12號(停車場口)"}},{"type":"Feature","geometry":{"type":"Point","coordinates":[121.5777462,25.0432671]},"properties":{"site_name":"臺北市身障關愛福利協會","tel":"0933-494-219","address":"松山路292巷口(紅色郵筒旁)","full_address":"臺北市信義區松山路292巷口(紅色郵筒旁)","resolved_county":"臺北市","resolved_district":"信義區","service_type":"回收","item":"舊衣類","taipei_oldcloth_approval_no":"1178","taipei_oldcloth_remark":"","data_source":"臺北市舊衣回收核准名冊(CSV)","geocode_ok":true,"geocode_provider":"google","geocode_tier":"cache","geocode_query":"臺北市信義區松山路292巷口(紅色郵筒旁)"}},{"type":"Feature","geometry":{"type":"Point","coordinates":[121.5266331,25.0994815]},"properties":{"site_name":"臺北市身障關愛福利協會","tel":"0933-494-219","address":"中山北路5段777巷口(中山北路5段775號對面河堤樓梯旁)","full_address":"臺北市士林區中山北路5段777巷口(中山北路5段775號對面河堤樓梯旁)","resolved_county":"臺北市","resolved_district":"士林區","service_type":"回收","item":"舊衣類","taipei_oldcloth_approval_no":"1179","taipei_oldcloth_remark":"","data_source":"臺北市舊衣回收核准名冊(CSV)","geocode_ok":true,"geocode_provider":"google","geocode_tier":"cache","geocode_query":"臺北市士林區中山北路5段777巷口(中山北路5段775號對面河堤樓梯旁)"}},{"type":"Feature","geometry":{"type":"Point","coordinates":[121.5392603,25.0533504]},"properties":{"site_name":"臺北市身障關愛福利協會","tel":"0933-494-219","address":"龍江路120巷如意新村圍牆外登桿旁","full_address":"臺北市中山區龍江路120巷如意新村圍牆外登桿旁","resolved_county":"臺北市","resolved_district":"中山區","service_type":"回收","item":"舊衣類","taipei_oldcloth_approval_no":"1180","taipei_oldcloth_remark":"","data_source":"臺北市舊衣回收核准名冊(CSV)","geocode_ok":true,"geocode_provider":"google","geocode_tier":"cache","geocode_query":"臺北市中山區龍江路120巷如意新村圍牆外登桿旁"}},{"type":"Feature","geometry":{"type":"Point","coordinates":[121.5526965,25.0321132]},"properties":{"site_name":"臺北市身障關愛福利協會","tel":"0933-494-219","address":"安和路二段23巷口左側側面燈桿旁","full_address":"臺北市大安區安和路二段23巷口左側側面燈桿旁","resolved_county":"臺北市","resolved_district":"大安區","service_type":"回收","item":"舊衣類","taipei_oldcloth_approval_no":"1182","taipei_oldcloth_remark":"","data_source":"臺北市舊衣回收核准名冊(CSV)","geocode_ok":true,"geocode_provider":"google","geocode_tier":"cache","geocode_query":"臺北市大安區安和路二段23巷口左側側面燈桿旁"}},{"type":"Feature","geometry":{"type":"Point","coordinates":[121.5527398,25.0300497]},"properties":{"site_name":"臺北市身障關愛福利協會","tel":"0933-494-219","address":"安和路二段71巷口左側","full_address":"臺北市大安區安和路二段71巷口左側","resolved_county":"臺北市","resolved_district":"大安區","service_type":"回收","item":"舊衣類","taipei_oldcloth_approval_no":"1183","taipei_oldcloth_remark":"","data_source":"臺北市舊衣回收核准名冊(CSV)","geocode_ok":true,"geocode_provider":"google","geocode_tier":"cache","geocode_query":"臺北市大安區安和路二段71巷口左側"}},{"type":"Feature","geometry":{"type":"Point","coordinates":[121.5560103,25.0856456]},"properties":{"site_name":"臺北市身障關愛福利協會","tel":"0933-494-219","address":"北安路821巷4弄底(樓梯入口前人行道左側)","full_address":"臺北市中山區北安路821巷4弄底(樓梯入口前人行道左側)","resolved_county":"臺北市","resolved_district":"中山區","service_type":"回收","item":"舊衣類","taipei_oldcloth_approval_no":"1185","taipei_oldcloth_remark":"","data_source":"臺北市舊衣回收核准名冊(CSV)","geocode_ok":true,"geocode_provider":"google","geocode_tier":"cache","geocode_query":"臺北市中山區北安路821巷4弄底(樓梯入口前人行道左側)"}},{"type":"Feature","geometry":{"type":"Point","coordinates":[121.5283154,25.0632542]},"properties":{"site_name":"臺北市身障關愛福利協會","tel":"0933-494-219","address":"新生北路3段3巷17號對面路燈下","full_address":"臺北市中山區新生北路3段3巷17號對面路燈下","resolved_county":"臺北市","resolved_district":"中山區","service_type":"回收","item":"舊衣類","taipei_oldcloth_approval_no":"1186","taipei_oldcloth_remark":"","data_source":"臺北市舊衣回收核准名冊(CSV)","geocode_ok":true,"geocode_provider":"google","geocode_tier":"cache","geocode_query":"臺北市中山區新生北路3段3巷17號對面路燈下"}},{"type":"Feature","geometry":{"type":"Point","coordinates":[121.5531095,25.0399422]},"properties":{"site_name":"臺北市身障關愛福利協會","tel":"0933-494-219","address":"忠孝東路4段216巷27弄16號對面","full_address":"臺北市大安區忠孝東路4段216巷27弄16號對面","resolved_county":"臺北市","resolved_district":"大安區","service_type":"回收","item":"舊衣類","taipei_oldcloth_approval_no":"1187","taipei_oldcloth_remark":"","data_source":"臺北市舊衣回收核准名冊(CSV)","geocode_ok":true,"geocode_provider":"google","geocode_tier":"cache","geocode_query":"臺北市大安區忠孝東路4段216巷27弄16號對面"}},{"type":"Feature","geometry":{"type":"Point","coordinates":[121.5526779,25.0405157]},"properties":{"site_name":"臺北市身障關愛福利協會","tel":"0933-494-219","address":"忠孝東路4段216巷11弄口路名牌前","full_address":"臺北市大安區忠孝東路4段216巷11弄口路名牌前","resolved_county":"臺北市","resolved_district":"大安區","service_type":"回收","item":"舊衣類","taipei_oldcloth_approval_no":"1188","taipei_oldcloth_remark":"","data_source":"臺北市舊衣回收核准名冊(CSV)","geocode_ok":true,"geocode_provider":"google","geocode_tier":"cache","geocode_query":"臺北市大安區忠孝東路4段216巷11弄口路名牌前"}},{"type":"Feature","geometry":{"type":"Point","coordinates":[121.5161025,25.0893342]},"properties":{"site_name":"臺北市身障關愛福利協會","tel":"0933-494-219","address":"大南路388巷口","full_address":"臺北市士林區大南路388巷口","resolved_county":"臺北市","resolved_district":"士林區","service_type":"回收","item":"舊衣類","taipei_oldcloth_approval_no":"1189","taipei_oldcloth_remark":"","data_source":"臺北市舊衣回收核准名冊(CSV)","geocode_ok":true,"geocode_provider":"google","geocode_tier":"cache","geocode_query":"臺北市士林區大南路388巷口"}},{"type":"Feature","geometry":{"type":"Point","coordinates":[121.5163533,25.0902474]},"properties":{"site_name":"臺北市身障關愛福利協會","tel":"0933-494-219","address":"大南路428巷口布告欄旁","full_address":"臺北市士林區大南路428巷口布告欄旁","resolved_county":"臺北市","resolved_district":"士林區","service_type":"回收","item":"舊衣類","taipei_oldcloth_approval_no":"1190","taipei_oldcloth_remark":"","data_source":"臺北市舊衣回收核准名冊(CSV)","geocode_ok":true,"geocode_provider":"google","geocode_tier":"cache","geocode_query":"臺北市士林區大南路428巷口布告欄旁"}},{"type":"Feature","geometry":{"type":"Point","coordinates":[121.520051,25.0891194]},"properties":{"site_name":"臺北市身障關愛福利協會","tel":"0933-494-219","address":"承德路4段266巷2號旁","full_address":"臺北市士林區承德路4段266巷2號旁","resolved_county":"臺北市","resolved_district":"士林區","service_type":"回收","item":"舊衣類","taipei_oldcloth_approval_no":"1191","taipei_oldcloth_remark":"","data_source":"臺北市舊衣回收核准名冊(CSV)","geocode_ok":true,"geocode_provider":"google","geocode_tier":"cache","geocode_query":"臺北市士林區承德路4段266巷2號旁"}},{"type":"Feature","geometry":{"type":"Point","coordinates":[121.5408484,25.044929]},"properties":{"site_name":"臺北市身障關愛福利協會","tel":"0933-494-219","address":"安東街16巷18弄口電桿下","full_address":"臺北市中山區安東街16巷18弄口電桿下","resolved_county":"臺北市","resolved_district":"中山區","service_type":"回收","item":"舊衣類","taipei_oldcloth_approval_no":"1193","taipei_oldcloth_remark":"","data_source":"臺北市舊衣回收核准名冊(CSV)","geocode_ok":true,"geocode_provider":"google","geocode_tier":"cache","geocode_query":"臺北市中山區安東街16巷18弄口電桿下"}},{"type":"Feature","geometry":{"type":"Point","coordinates":[121.5419706,25.0534855]},"properties":{"site_name":"臺北市身障福利發展協會","tel":"(02)25912695","address":"遼寧街132號對面路燈桿前","full_address":"臺北市中山區遼寧街132號對面路燈桿前","resolved_county":"臺北市","resolved_district":"中山區","service_type":"回收","item":"舊衣類","taipei_oldcloth_approval_no":"1194","taipei_oldcloth_remark":"","data_source":"臺北市舊衣回收核准名冊(CSV)","geocode_ok":true,"geocode_provider":"google","geocode_tier":"cache","geocode_query":"臺北市中山區遼寧街132號對面路燈桿前"}},{"type":"Feature","geometry":{"type":"Point","coordinates":[121.5421785,25.0521448]},"properties":{"site_name":"臺北市身障福利發展協會","tel":"(02)25912695","address":"遼寧街133號對面路燈桿前","full_address":"臺北市中山區遼寧街133號對面路燈桿前","resolved_county":"臺北市","resolved_district":"中山區","service_type":"回收","item":"舊衣類","taipei_oldcloth_approval_no":"1195","taipei_oldcloth_remark":"","data_source":"臺北市舊衣回收核准名冊(CSV)","geocode_ok":true,"geocode_provider":"google","geocode_tier":"cache","geocode_query":"臺北市中山區遼寧街133號對面路燈桿前"}},{"type":"Feature","geometry":{"type":"Point","coordinates":[121.6086889,25.0669083]},"properties":{"site_name":"臺北市身障福利發展協會","tel":"(02)25912695","address":"康寧路3段70巷135號對面公園布告欄旁","full_address":"臺北市內湖區康寧路3段70巷135號對面公園布告欄旁","resolved_county":"臺北市","resolved_district":"內湖區","service_type":"回收","item":"舊衣類","taipei_oldcloth_approval_no":"1196","taipei_oldcloth_remark":"","data_source":"臺北市舊衣回收核准名冊(CSV)","geocode_ok":true,"geocode_provider":"google","geocode_tier":"cache","geocode_query":"臺北市內湖區康寧路3段70巷135號對面公園布告欄旁"}},{"type":"Feature","geometry":{"type":"Point","coordinates":[121.5212524,25.0788141]},"properties":{"site_name":"臺北市身障福利發展協會","tel":"(02)25912695","address":"承德路4段10巷底公布欄旁","full_address":"臺北市士林區承德路4段10巷底公布欄旁","resolved_county":"臺北市","resolved_district":"士林區","service_type":"回收","item":"舊衣類","taipei_oldcloth_approval_no":"1199","taipei_oldcloth_remark":"","data_source":"臺北市舊衣回收核准名冊(CSV)","geocode_ok":true,"geocode_provider":"google","geocode_tier":"cache","geocode_query":"臺北市士林區承德路4段10巷底公布欄旁"}},{"type":"Feature","geometry":{"type":"Point","coordinates":[121.5570763,25.0177098]},"properties":{"site_name":"臺北市身障福利發展協會","tel":"(02)25912695","address":"富陽街157巷口電箱旁","full_address":"臺北市大安區富陽街157巷口電箱旁","resolved_county":"臺北市","resolved_district":"大安區","service_type":"回收","item":"舊衣類","taipei_oldcloth_approval_no":"1200","taipei_oldcloth_remark":"","data_source":"臺北市舊衣回收核准名冊(CSV)","geocode_ok":true,"geocode_provider":"google","geocode_tier":"cache","geocode_query":"臺北市大安區富陽街157巷口電箱旁"}},{"type":"Feature","geometry":{"type":"Point","coordinates":[121.5571769,25.0183189]},"properties":{"site_name":"臺北市身障福利發展協會","tel":"(02)25912695","address":"臥龍街254號對面(加油站電箱旁)","full_address":"臺北市大安區臥龍街254號對面(加油站電箱旁)","resolved_county":"臺北市","resolved_district":"大安區","service_type":"回收","item":"舊衣類","taipei_oldcloth_approval_no":"1201","taipei_oldcloth_remark":"","data_source":"臺北市舊衣回收核准名冊(CSV)","geocode_ok":true,"geocode_provider":"google","geocode_tier":"cache","geocode_query":"臺北市大安區臥龍街254號對面(加油站電箱旁)"}},{"type":"Feature","geometry":{"type":"Point","coordinates":[121.51213,25.0800947]},"properties":{"site_name":"臺北市身障福利發展協會","tel":"(02)25912695","address":"重慶北路4段1巷15弄口","full_address":"臺北市士林區重慶北路4段1巷15弄口","resolved_county":"臺北市","resolved_district":"士林區","service_type":"回收","item":"舊衣類","taipei_oldcloth_approval_no":"1202","taipei_oldcloth_remark":"","data_source":"臺北市舊衣回收核准名冊(CSV)","geocode_ok":true,"geocode_provider":"google","geocode_tier":"cache","geocode_query":"臺北市士林區重慶北路4段1巷15弄口"}},{"type":"Feature","geometry":{"type":"Point","coordinates":[121.5380992,25.0552817]},"properties":{"site_name":"臺北市身障福利發展協會","tel":"(02)25912695","address":"合江街20巷口公園","full_address":"臺北市中山區合江街20巷口公園","resolved_county":"臺北市","resolved_district":"中山區","service_type":"回收","item":"舊衣類","taipei_oldcloth_approval_no":"1203","taipei_oldcloth_remark":"","data_source":"臺北市舊衣回收核准名冊(CSV)","geocode_ok":true,"geocode_provider":"google","geocode_tier":"cache","geocode_query":"臺北市中山區合江街20巷口公園"}},{"type":"Feature","geometry":{"type":"Point","coordinates":[121.5552281,25.0308824]},"properties":{"site_name":"臺北市身障福利發展協會","tel":"(02)25912695","address":"通化街39巷變電箱旁邊","full_address":"臺北市大安區通化街39巷變電箱旁邊","resolved_county":"臺北市","resolved_district":"大安區","service_type":"回收","item":"舊衣類","taipei_oldcloth_approval_no":"1204","taipei_oldcloth_remark":"","data_source":"臺北市舊衣回收核准名冊(CSV)","geocode_ok":true,"geocode_provider":"google","geocode_tier":"cache","geocode_query":"臺北市大安區通化街39巷變電箱旁邊"}},{"type":"Feature","geometry":{"type":"Point","coordinates":[121.5570028,25.0306884]},"properties":{"site_name":"臺北市身障福利發展協會","tel":"(02)25912695","address":"光復南路676巷2號對面","full_address":"臺北市大安區光復南路676巷2號對面","resolved_county":"臺北市","resolved_district":"大安區","service_type":"回收","item":"舊衣類","taipei_oldcloth_approval_no":"1205","taipei_oldcloth_remark":"","data_source":"臺北市舊衣回收核准名冊(CSV)","geocode_ok":true,"geocode_provider":"google","geocode_tier":"cache","geocode_query":"臺北市大安區光復南路676巷2號對面"}},{"type":"Feature","geometry":{"type":"Point","coordinates":[121.5321797,25.1261795]},"properties":{"site_name":"臺北市身障福利發展協會","tel":"(02)25912695","address":"中山北路7段207巷口","full_address":"臺北市士林區中山北路7段207巷口","resolved_county":"臺北市","resolved_district":"士林區","service_type":"回收","item":"舊衣類","taipei_oldcloth_approval_no":"1206","taipei_oldcloth_remark":"","data_source":"臺北市舊衣回收核准名冊(CSV)","geocode_ok":true,"geocode_provider":"google","geocode_tier":"cache","geocode_query":"臺北市士林區中山北路7段207巷口"}},{"type":"Feature","geometry":{"type":"Point","coordinates":[121.5264415,25.1232592]},"properties":{"site_name":"臺北市身障福利發展協會","tel":"(02)25912695","address":"天母北路72巷口電線桿下","full_address":"臺北市士林區天母北路72巷口電線桿下","resolved_county":"臺北市","resolved_district":"士林區","service_type":"回收","item":"舊衣類","taipei_oldcloth_approval_no":"1207","taipei_oldcloth_remark":"","data_source":"臺北市舊衣回收核准名冊(CSV)","geocode_ok":true,"geocode_provider":"google","geocode_tier":"cache","geocode_query":"臺北市士林區天母北路72巷口電線桿下"}},{"type":"Feature","geometry":{"type":"Point","coordinates":[121.52583,25.087522]},"properties":{"site_name":"臺北市身障福利發展協會","tel":"(02)25912695","address":"文林路77號對面","full_address":"臺北市士林區文林路77號對面","resolved_county":"臺北市","resolved_district":"士林區","service_type":"回收","item":"舊衣類","taipei_oldcloth_approval_no":"1208","taipei_oldcloth_remark":"","data_source":"臺北市舊衣回收核准名冊(CSV)","geocode_ok":true,"geocode_provider":"google","geocode_tier":"cache","geocode_query":"臺北市士林區文林路77號對面"}},{"type":"Feature","geometry":{"type":"Point","coordinates":[121.5176655,25.0907401]},"properties":{"site_name":"臺北市身障福利發展協會","tel":"(02)25912695","address":"福港街18巷15號對面","full_address":"臺北市士林區福港街18巷15號對面","resolved_county":"臺北市","resolved_district":"士林區","service_type":"回收","item":"舊衣類","taipei_oldcloth_approval_no":"1209","taipei_oldcloth_remark":"","data_source":"臺北市舊衣回收核准名冊(CSV)","geocode_ok":true,"geocode_provider":"google","geocode_tier":"cache","geocode_query":"臺北市士林區福港街18巷15號對面"}},{"type":"Feature","geometry":{"type":"Point","coordinates":[121.501984,25.138686]},"properties":{"site_name":"臺北市身障福利發展協會","tel":"(02)25912695","address":"中和街63號對面","full_address":"臺北市北投區中和街63號對面","resolved_county":"臺北市","resolved_district":"北投區","service_type":"回收","item":"舊衣類","taipei_oldcloth_approval_no":"1210","taipei_oldcloth_remark":"","data_source":"臺北市舊衣回收核准名冊(CSV)","geocode_ok":true,"geocode_provider":"google","geocode_tier":"cache","geocode_query":"臺北市北投區中和街63號對面"}},{"type":"Feature","geometry":{"type":"Point","coordinates":[-95.06508439999999,49.34526959999999]},"properties":{"site_name":"臺北市身障福利發展協會","tel":"(02)25912695","address":"興安公園西北角","full_address":"臺北市中山區興安公園西北角","resolved_county":"臺北市","resolved_district":"中山區","service_type":"回收","item":"舊衣類","taipei_oldcloth_approval_no":"1211","taipei_oldcloth_remark":"","data_source":"臺北市舊衣回收核准名冊(CSV)","geocode_ok":true,"geocode_provider":"google","geocode_tier":"cache","geocode_query":"臺北市中山區興安公園西北角"}},{"type":"Feature","geometry":{"type":"Point","coordinates":[121.5801587,24.9851345]},"properties":{"site_name":"臺北市身障者關懷服務協進會","tel":"(02)26886212","address":"指南路3段15號對面牆邊","full_address":"臺北市文山區指南路3段15號對面牆邊","resolved_county":"臺北市","resolved_district":"文山區","service_type":"回收","item":"舊衣類","taipei_oldcloth_approval_no":"1212","taipei_oldcloth_remark":"","data_source":"臺北市舊衣回收核准名冊(CSV)","geocode_ok":true,"geocode_provider":"google","geocode_tier":"cache","geocode_query":"臺北市文山區指南路3段15號對面牆邊"}},{"type":"Feature","geometry":{"type":"Point","coordinates":[121.5504925,25.0018795]},"properties":{"site_name":"臺北市身障者關懷服務協進會","tel":"(02)26886212","address":"興隆路2段233巷底","full_address":"臺北市文山區興隆路2段233巷底","resolved_county":"臺北市","resolved_district":"文山區","service_type":"回收","item":"舊衣類","taipei_oldcloth_approval_no":"1213","taipei_oldcloth_remark":"","data_source":"臺北市舊衣回收核准名冊(CSV)","geocode_ok":true,"geocode_provider":"google","geocode_tier":"cache","geocode_query":"臺北市文山區興隆路2段233巷底"}},{"type":"Feature","geometry":{"type":"Point","coordinates":[121.561188,24.9839272]},"properties":{"site_name":"臺北市身障者關懷服務協進會","tel":"(02)26886212","address":"興隆路4段96巷4弄口燈桿邊","full_address":"臺北市文山區興隆路4段96巷4弄口燈桿邊","resolved_county":"臺北市","resolved_district":"文山區","service_type":"回收","item":"舊衣類","taipei_oldcloth_approval_no":"1214","taipei_oldcloth_remark":"","data_source":"臺北市舊衣回收核准名冊(CSV)","geocode_ok":true,"geocode_provider":"google","geocode_tier":"cache","geocode_query":"臺北市文山區興隆路4段96巷4弄口燈桿邊"}},{"type":"Feature","geometry":{"type":"Point","coordinates":[121.5382084,25.0063603]},"properties":{"site_name":"臺北市身障者關懷服務協進會","tel":"(02)26886212","address":"羅斯福路5段150巷底","full_address":"臺北市文山區羅斯福路5段150巷底","resolved_county":"臺北市","resolved_district":"文山區","service_type":"回收","item":"舊衣類","taipei_oldcloth_approval_no":"1216","taipei_oldcloth_remark":"","data_source":"臺北市舊衣回收核准名冊(CSV)","geocode_ok":true,"geocode_provider":"google","geocode_tier":"cache","geocode_query":"臺北市文山區羅斯福路5段150巷底"}},{"type":"Feature","geometry":{"type":"Point","coordinates":[121.5374158,25.0064435]},"properties":{"site_name":"臺北市身障者關懷服務協進會","tel":"(02)26886212","address":"汀州路4段105巷口","full_address":"臺北市文山區汀州路4段105巷口","resolved_county":"臺北市","resolved_district":"文山區","service_type":"回收","item":"舊衣類","taipei_oldcloth_approval_no":"1217","taipei_oldcloth_remark":"","data_source":"臺北市舊衣回收核准名冊(CSV)","geocode_ok":true,"geocode_provider":"google","geocode_tier":"cache","geocode_query":"臺北市文山區汀州路4段105巷口"}},{"type":"Feature","geometry":{"type":"Point","coordinates":[121.57351,25.0472479]},"properties":{"site_name":"臺北市身障者關懷服務協進會","tel":"(02)26886212","address":"永吉路225巷52弄19號對面公園邊","full_address":"臺北市信義區永吉路225巷52弄19號對面公園邊","resolved_county":"臺北市","resolved_district":"信義區","service_type":"回收","item":"舊衣類","taipei_oldcloth_approval_no":"1218","taipei_oldcloth_remark":"","data_source":"臺北市舊衣回收核准名冊(CSV)","geocode_ok":true,"geocode_provider":"google","geocode_tier":"cache","geocode_query":"臺北市信義區永吉路225巷52弄19號對面公園邊"}},{"type":"Feature","geometry":{"type":"Point","coordinates":[121.5728266,25.0461315]},"properties":{"site_name":"臺北市身障者關懷服務協進會","tel":"(02)26886212","address":"永吉路187巷4弄2號邊","full_address":"臺北市信義區永吉路187巷4弄2號邊","resolved_county":"臺北市","resolved_district":"信義區","service_type":"回收","item":"舊衣類","taipei_oldcloth_approval_no":"1219","taipei_oldcloth_remark":"","data_source":"臺北市舊衣回收核准名冊(CSV)","geocode_ok":true,"geocode_provider":"google","geocode_tier":"cache","geocode_query":"臺北市信義區永吉路187巷4弄2號邊"}},{"type":"Feature","geometry":{"type":"Point","coordinates":[121.5733638,25.0458956]},"properties":{"site_name":"臺北市身障者關懷服務協進會","tel":"(02)26886212","address":"永吉路225巷2弄口","full_address":"臺北市信義區永吉路225巷2弄口","resolved_county":"臺北市","resolved_district":"信義區","service_type":"回收","item":"舊衣類","taipei_oldcloth_approval_no":"1220","taipei_oldcloth_remark":"","data_source":"臺北市舊衣回收核准名冊(CSV)","geocode_ok":true,"geocode_provider":"google","geocode_tier":"cache","geocode_query":"臺北市信義區永吉路225巷2弄口"}},{"type":"Feature","geometry":{"type":"Point","coordinates":[121.5754078,25.0459764]},"properties":{"site_name":"臺北市身障者關懷服務協進會","tel":"(02)26886212","address":"永吉路225巷1弄47號邊","full_address":"臺北市信義區永吉路225巷1弄47號邊","resolved_county":"臺北市","resolved_district":"信義區","service_type":"回收","item":"舊衣類","taipei_oldcloth_approval_no":"1221","taipei_oldcloth_remark":"","data_source":"臺北市舊衣回收核准名冊(CSV)","geocode_ok":true,"geocode_provider":"google","geocode_tier":"cache","geocode_query":"臺北市信義區永吉路225巷1弄47號邊"}},{"type":"Feature","geometry":{"type":"Point","coordinates":[121.5692001,25.0248579]},"properties":{"site_name":"臺北市身障者關懷服務協進會","tel":"(02)26886212","address":"松仁路240巷2號對面","full_address":"臺北市信義區松仁路240巷2號對面","resolved_county":"臺北市","resolved_district":"信義區","service_type":"回收","item":"舊衣類","taipei_oldcloth_approval_no":"1222","taipei_oldcloth_remark":"","data_source":"臺北市舊衣回收核准名冊(CSV)","geocode_ok":true,"geocode_provider":"google","geocode_tier":"cache","geocode_query":"臺北市信義區松仁路240巷2號對面"}},{"type":"Feature","geometry":{"type":"Point","coordinates":[121.5688561,25.0428523]},"properties":{"site_name":"臺北市身障者關懷服務協進會","tel":"(02)26886212","address":"永吉路30巷125號旁桿邊","full_address":"臺北市信義區永吉路30巷125號旁桿邊","resolved_county":"臺北市","resolved_district":"信義區","service_type":"回收","item":"舊衣類","taipei_oldcloth_approval_no":"1225","taipei_oldcloth_remark":"","data_source":"臺北市舊衣回收核准名冊(CSV)","geocode_ok":true,"geocode_provider":"google","geocode_tier":"cache","geocode_query":"臺北市信義區永吉路30巷125號旁桿邊"}},{"type":"Feature","geometry":{"type":"Point","coordinates":[121.5332765,25.1232749]},"properties":{"site_name":"臺北市身障者關懷服務協進會","tel":"(02)26886212","address":"中山北路7段154巷與146巷交口","full_address":"臺北市士林區中山北路7段154巷與146巷交口","resolved_county":"臺北市","resolved_district":"士林區","service_type":"回收","item":"舊衣類","taipei_oldcloth_approval_no":"1226","taipei_oldcloth_remark":"","data_source":"臺北市舊衣回收核准名冊(CSV)","geocode_ok":true,"geocode_provider":"google","geocode_tier":"cache","geocode_query":"臺北市士林區中山北路7段154巷與146巷交口"}},{"type":"Feature","geometry":{"type":"Point","coordinates":[121.5257273,25.0297958]},"properties":{"site_name":"臺北市身障者關懷服務協進會","tel":"(02)26886212","address":"金山南路2段132巷口","full_address":"臺北市大安區金山南路2段132巷口","resolved_county":"臺北市","resolved_district":"大安區","service_type":"回收","item":"舊衣類","taipei_oldcloth_approval_no":"1227","taipei_oldcloth_remark":"","data_source":"臺北市舊衣回收核准名冊(CSV)","geocode_ok":true,"geocode_provider":"google","geocode_tier":"cache","geocode_query":"臺北市大安區金山南路2段132巷口"}},{"type":"Feature","geometry":{"type":"Point","coordinates":[121.5238169,25.1188587]},"properties":{"site_name":"臺北市身障者關懷服務協進會","tel":"(02)26886212","address":"天母西路103號對面(振興公園內)","full_address":"臺北市北投區天母西路103號對面(振興公園內)","resolved_county":"臺北市","resolved_district":"北投區","service_type":"回收","item":"舊衣類","taipei_oldcloth_approval_no":"1228","taipei_oldcloth_remark":"","data_source":"臺北市舊衣回收核准名冊(CSV)","geocode_ok":true,"geocode_provider":"google","geocode_tier":"cache","geocode_query":"臺北市北投區天母西路103號對面(振興公園內)"}},{"type":"Feature","geometry":{"type":"Point","coordinates":[121.5485486,25.0404448]},"properties":{"site_name":"臺北市身障者關懷服務協進會","tel":"(02)26886212","address":"敦化南路1段236巷13號旁或1號前","full_address":"臺北市大安區敦化南路1段236巷13號旁或1號前","resolved_county":"臺北市","resolved_district":"大安區","service_type":"回收","item":"舊衣類","taipei_oldcloth_approval_no":"1229","taipei_oldcloth_remark":"","data_source":"臺北市舊衣回收核准名冊(CSV)","geocode_ok":true,"geocode_provider":"google","geocode_tier":"cache","geocode_query":"臺北市大安區敦化南路1段236巷13號旁或1號前"}},{"type":"Feature","geometry":{"type":"Point","coordinates":[121.5779532,25.0511233]},"properties":{"site_name":"台北市弱勢彩券聯合促進會","tel":"(02)23026138","address":"八德路4段765號對面","full_address":"臺北市松山區八德路4段765號對面","resolved_county":"臺北市","resolved_district":"松山區","service_type":"回收","item":"舊衣類","taipei_oldcloth_approval_no":"1230","taipei_oldcloth_remark":"","data_source":"臺北市舊衣回收核准名冊(CSV)","geocode_ok":true,"geocode_provider":"google","geocode_tier":"cache","geocode_query":"臺北市松山區八德路4段765號對面"}},{"type":"Feature","geometry":{"type":"Point","coordinates":[121.5418175,25.0640119]},"properties":{"site_name":"台北市弱勢彩券聯合促進會","tel":"(02)23026138","address":"龍江路五常街口(近五常國小)","full_address":"臺北市中山區龍江路五常街口(近五常國小)","resolved_county":"臺北市","resolved_district":"中山區","service_type":"回收","item":"舊衣類","taipei_oldcloth_approval_no":"1231","taipei_oldcloth_remark":"","data_source":"臺北市舊衣回收核准名冊(CSV)","geocode_ok":true,"geocode_provider":"google","geocode_tier":"cache","geocode_query":"臺北市中山區龍江路五常街口(近五常國小)"}},{"type":"Feature","geometry":{"type":"Point","coordinates":[121.5701925,25.0497449]},"properties":{"site_name":"台北市弱勢彩券聯合促進會","tel":"(02)23026138","address":"八德路4段與中坡北路口樹下","full_address":"臺北市松山區八德路4段與中坡北路口樹下","resolved_county":"臺北市","resolved_district":"松山區","service_type":"回收","item":"舊衣類","taipei_oldcloth_approval_no":"1232","taipei_oldcloth_remark":"","data_source":"臺北市舊衣回收核准名冊(CSV)","geocode_ok":true,"geocode_provider":"google","geocode_tier":"cache","geocode_query":"臺北市松山區八德路4段與中坡北路口樹下"}},{"type":"Feature","geometry":{"type":"Point","coordinates":[121.5770203,25.0513997]},"properties":{"site_name":"台北市弱勢彩券聯合促進會","tel":"(02)23026138","address":"松河街190號對面","full_address":"臺北市松山區松河街190號對面","resolved_county":"臺北市","resolved_district":"松山區","service_type":"回收","item":"舊衣類","taipei_oldcloth_approval_no":"1233","taipei_oldcloth_remark":"","data_source":"臺北市舊衣回收核准名冊(CSV)","geocode_ok":true,"geocode_provider":"google","geocode_tier":"cache","geocode_query":"臺北市松山區松河街190號對面"}},{"type":"Feature","geometry":{"type":"Point","coordinates":[121.5727214,25.0497121]},"properties":{"site_name":"台北市弱勢彩券聯合促進會","tel":"(02)23026138","address":"八德路4段598號旁變電箱下方","full_address":"臺北市松山區八德路4段598號旁變電箱下方","resolved_county":"臺北市","resolved_district":"松山區","service_type":"回收","item":"舊衣類","taipei_oldcloth_approval_no":"1234","taipei_oldcloth_remark":"","data_source":"臺北市舊衣回收核准名冊(CSV)","geocode_ok":true,"geocode_provider":"google","geocode_tier":"cache","geocode_query":"臺北市松山區八德路4段598號旁變電箱下方"}},{"type":"Feature","geometry":{"type":"Point","coordinates":[121.6105401,25.0692343]},"properties":{"site_name":"台北市弱勢彩券聯合促進會","tel":"(02)23026138","address":"民權東路6段296巷76號對面人行道燈桿旁","full_address":"臺北市內湖區民權東路6段296巷76號對面人行道燈桿旁","resolved_county":"臺北市","resolved_district":"內湖區","service_type":"回收","item":"舊衣類","taipei_oldcloth_approval_no":"1235","taipei_oldcloth_remark":"","data_source":"臺北市舊衣回收核准名冊(CSV)","geocode_ok":true,"geocode_provider":"google","geocode_tier":"cache","geocode_query":"臺北市內湖區民權東路6段296巷76號對面人行道燈桿旁"}},{"type":"Feature","geometry":{"type":"Point","coordinates":[121.5389168,25.0344247]},"properties":{"site_name":"台北市弱勢彩券聯合促進會","tel":"(02)23026138","address":"信義路3段111巷16弄口圍牆旁","full_address":"臺北市大安區信義路3段111巷16弄口圍牆旁","resolved_county":"臺北市","resolved_district":"大安區","service_type":"回收","item":"舊衣類","taipei_oldcloth_approval_no":"1236","taipei_oldcloth_remark":"","data_source":"臺北市舊衣回收核准名冊(CSV)","geocode_ok":true,"geocode_provider":"google","geocode_tier":"cache","geocode_query":"臺北市大安區信義路3段111巷16弄口圍牆旁"}},{"type":"Feature","geometry":{"type":"Point","coordinates":[121.5405524,25.0561198]},"properties":{"site_name":"台北市弱勢彩券聯合促進會","tel":"(02)23026138","address":"龍江路與興安街口","full_address":"臺北市中山區龍江路與興安街口","resolved_county":"臺北市","resolved_district":"中山區","service_type":"回收","item":"舊衣類","taipei_oldcloth_approval_no":"1237","taipei_oldcloth_remark":"","data_source":"臺北市舊衣回收核准名冊(CSV)","geocode_ok":true,"geocode_provider":"google","geocode_tier":"cache","geocode_query":"臺北市中山區龍江路與興安街口"}},{"type":"Feature","geometry":{"type":"Point","coordinates":[121.5486627,25.08217]},"properties":{"site_name":"台北市弱勢彩券聯合促進會","tel":"(02)23026138","address":"北安路595巷口電桿下","full_address":"臺北市中山區北安路595巷口電桿下","resolved_county":"臺北市","resolved_district":"中山區","service_type":"回收","item":"舊衣類","taipei_oldcloth_approval_no":"1239","taipei_oldcloth_remark":"","data_source":"臺北市舊衣回收核准名冊(CSV)","geocode_ok":true,"geocode_provider":"google","geocode_tier":"cache","geocode_query":"臺北市中山區北安路595巷口電桿下"}},{"type":"Feature","geometry":{"type":"Point","coordinates":[121.537442,25.0576301]},"properties":{"site_name":"台北市弱勢彩券聯合促進會","tel":"(02)23026138","address":"民生東路2段115巷25弄14號對面公園桿子旁","full_address":"臺北市中山區民生東路2段115巷25弄14號對面公園桿子旁","resolved_county":"臺北市","resolved_district":"中山區","service_type":"回收","item":"舊衣類","taipei_oldcloth_approval_no":"1240","taipei_oldcloth_remark":"","data_source":"臺北市舊衣回收核准名冊(CSV)","geocode_ok":true,"geocode_provider":"google","geocode_tier":"cache","geocode_query":"臺北市中山區民生東路2段115巷25弄14號對面公園桿子旁"}},{"type":"Feature","geometry":{"type":"Point","coordinates":[121.5324809,25.0641218]},"properties":{"site_name":"台北市弱勢彩券聯合促進會","tel":"(02)23026138","address":"松江路402巷7弄2號對面(變電箱旁)","full_address":"臺北市中山區松江路402巷7弄2號對面(變電箱旁)","resolved_county":"臺北市","resolved_district":"中山區","service_type":"回收","item":"舊衣類","taipei_oldcloth_approval_no":"1241","taipei_oldcloth_remark":"","data_source":"臺北市舊衣回收核准名冊(CSV)","geocode_ok":true,"geocode_provider":"google","geocode_tier":"cache","geocode_query":"臺北市中山區松江路402巷7弄2號對面(變電箱旁)"}},{"type":"Feature","geometry":{"type":"Point","coordinates":[121.5316016,25.0642953]},"properties":{"site_name":"台北市弱勢彩券聯合促進會","tel":"(02)23026138","address":"吉林路343巷口停車場旁","full_address":"臺北市中山區吉林路343巷口停車場旁","resolved_county":"臺北市","resolved_district":"中山區","service_type":"回收","item":"舊衣類","taipei_oldcloth_approval_no":"1242","taipei_oldcloth_remark":"","data_source":"臺北市舊衣回收核准名冊(CSV)","geocode_ok":true,"geocode_provider":"google","geocode_tier":"cache","geocode_query":"臺北市中山區吉林路343巷口停車場旁"}},{"type":"Feature","geometry":{"type":"Point","coordinates":[121.5325649,25.0611441]},"properties":{"site_name":"台北市弱勢彩券聯合促進會","tel":"(02)23026138","address":"錦州街231巷口停車格旁","full_address":"臺北市中山區錦州街231巷口停車格旁","resolved_county":"臺北市","resolved_district":"中山區","service_type":"回收","item":"舊衣類","taipei_oldcloth_approval_no":"1243","taipei_oldcloth_remark":"","data_source":"臺北市舊衣回收核准名冊(CSV)","geocode_ok":true,"geocode_provider":"google","geocode_tier":"cache","geocode_query":"臺北市中山區錦州街231巷口停車格旁"}},{"type":"Feature","geometry":{"type":"Point","coordinates":[121.5893824,25.0862764]},"properties":{"site_name":"台北市弱勢彩券聯合促進會","tel":"(02)23026138","address":"金龍路153號旁","full_address":"臺北市內湖區金龍路153號旁","resolved_county":"臺北市","resolved_district":"內湖區","service_type":"回收","item":"舊衣類","taipei_oldcloth_approval_no":"1245","taipei_oldcloth_remark":"","data_source":"臺北市舊衣回收核准名冊(CSV)","geocode_ok":true,"geocode_provider":"google","geocode_tier":"cache","geocode_query":"臺北市內湖區金龍路153號旁"}},{"type":"Feature","geometry":{"type":"Point","coordinates":[121.5948809,25.0845782]},"properties":{"site_name":"台北市弱勢彩券聯合促進會","tel":"(02)23026138","address":"金龍路13巷口","full_address":"臺北市內湖區金龍路13巷口","resolved_county":"臺北市","resolved_district":"內湖區","service_type":"回收","item":"舊衣類","taipei_oldcloth_approval_no":"1246","taipei_oldcloth_remark":"","data_source":"臺北市舊衣回收核准名冊(CSV)","geocode_ok":true,"geocode_provider":"google","geocode_tier":"cache","geocode_query":"臺北市內湖區金龍路13巷口"}},{"type":"Feature","geometry":{"type":"Point","coordinates":[121.5958543,25.0847772]},"properties":{"site_name":"台北市弱勢彩券聯合促進會","tel":"(02)23026138","address":"成功路4段214巷口","full_address":"臺北市內湖區成功路4段214巷口","resolved_county":"臺北市","resolved_district":"內湖區","service_type":"回收","item":"舊衣類","taipei_oldcloth_approval_no":"1247","taipei_oldcloth_remark":"","data_source":"臺北市舊衣回收核准名冊(CSV)","geocode_ok":true,"geocode_provider":"google","geocode_tier":"cache","geocode_query":"臺北市內湖區成功路4段214巷口"}},{"type":"Feature","geometry":{"type":"Point","coordinates":[121.5476728,24.9900374]},"properties":{"site_name":"臺北市身心障礙者健康關懷協會","tel":"(02)26886212","address":"試院路104號對面","full_address":"臺北市文山區試院路104號對面","resolved_county":"臺北市","resolved_district":"文山區","service_type":"回收","item":"舊衣類","taipei_oldcloth_approval_no":"1248","taipei_oldcloth_remark":"","data_source":"臺北市舊衣回收核准名冊(CSV)","geocode_ok":true,"geocode_provider":"google","geocode_tier":"cache","geocode_query":"臺北市文山區試院路104號對面"}},{"type":"Feature","geometry":{"type":"Point","coordinates":[121.5531018,24.9873202]},"properties":{"site_name":"臺北市身心障礙者健康關懷協會","tel":"(02)26886212","address":"辛亥路7段5巷口","full_address":"臺北市文山區辛亥路7段5巷口","resolved_county":"臺北市","resolved_district":"文山區","service_type":"回收","item":"舊衣類","taipei_oldcloth_approval_no":"1250","taipei_oldcloth_remark":"","data_source":"臺北市舊衣回收核准名冊(CSV)","geocode_ok":true,"geocode_provider":"google","geocode_tier":"cache","geocode_query":"臺北市文山區辛亥路7段5巷口"}},{"type":"Feature","geometry":{"type":"Point","coordinates":[121.5530635,25.000367]},"properties":{"site_name":"臺北市身心障礙者健康關懷協會","tel":"(02)26886212","address":"興隆路2段220巷31弄13號旁","full_address":"臺北市文山區興隆路2段220巷31弄13號旁","resolved_county":"臺北市","resolved_district":"文山區","service_type":"回收","item":"舊衣類","taipei_oldcloth_approval_no":"1253","taipei_oldcloth_remark":"","data_source":"臺北市舊衣回收核准名冊(CSV)","geocode_ok":true,"geocode_provider":"google","geocode_tier":"cache","geocode_query":"臺北市文山區興隆路2段220巷31弄13號旁"}},{"type":"Feature","geometry":{"type":"Point","coordinates":[121.5515724,24.9994073]},"properties":{"site_name":"臺北市身心障礙者健康關懷協會","tel":"(02)26886212","address":"興隆路2段220巷55弄口對面","full_address":"臺北市文山區興隆路2段220巷55弄口對面","resolved_county":"臺北市","resolved_district":"文山區","service_type":"回收","item":"舊衣類","taipei_oldcloth_approval_no":"1254","taipei_oldcloth_remark":"","data_source":"臺北市舊衣回收核准名冊(CSV)","geocode_ok":true,"geocode_provider":"google","geocode_tier":"cache","geocode_query":"臺北市文山區興隆路2段220巷55弄口對面"}},{"type":"Feature","geometry":{"type":"Point","coordinates":[121.5518371,24.9974379]},"properties":{"site_name":"臺北市身心障礙者健康關懷協會","tel":"(02)26886212","address":"辛亥路5段118巷口電氣設備邊","full_address":"臺北市文山區辛亥路5段118巷口電氣設備邊","resolved_county":"臺北市","resolved_district":"文山區","service_type":"回收","item":"舊衣類","taipei_oldcloth_approval_no":"1255","taipei_oldcloth_remark":"","data_source":"臺北市舊衣回收核准名冊(CSV)","geocode_ok":true,"geocode_provider":"google","geocode_tier":"cache","geocode_query":"臺北市文山區辛亥路5段118巷口電氣設備邊"}},{"type":"Feature","geometry":{"type":"Point","coordinates":[121.549,25.0046]},"properties":{"site_name":"臺北市身心障礙者健康關懷協會","tel":"(02)26886212","address":"福興路63巷4弄27號對面","full_address":"臺北市文山區福興路63巷4弄27號對面","resolved_county":"臺北市","resolved_district":"文山區","service_type":"回收","item":"舊衣類","taipei_oldcloth_approval_no":"1256","taipei_oldcloth_remark":"","data_source":"臺北市舊衣回收核准名冊(CSV)","geocode_ok":true,"geocode_provider":"google","geocode_tier":"cache","geocode_query":"臺北市文山區福興路63巷4弄27號對面"}},{"type":"Feature","geometry":{"type":"Point","coordinates":[121.5574133,24.9985687]},"properties":{"site_name":"臺北市身心障礙者健康關懷協會","tel":"(02)26886212","address":"興隆路3段116巷3弄31號旁","full_address":"臺北市文山區興隆路3段116巷3弄31號旁","resolved_county":"臺北市","resolved_district":"文山區","service_type":"回收","item":"舊衣類","taipei_oldcloth_approval_no":"1257","taipei_oldcloth_remark":"","data_source":"臺北市舊衣回收核准名冊(CSV)","geocode_ok":true,"geocode_provider":"google","geocode_tier":"cache","geocode_query":"臺北市文山區興隆路3段116巷3弄31號旁"}},{"type":"Feature","geometry":{"type":"Point","coordinates":[121.536971,25.0008796]},"properties":{"site_name":"臺北市身心障礙者健康關懷協會","tel":"(02)26886212","address":"萬隆街62巷口","full_address":"臺北市文山區萬隆街62巷口","resolved_county":"臺北市","resolved_district":"文山區","service_type":"回收","item":"舊衣類","taipei_oldcloth_approval_no":"1258","taipei_oldcloth_remark":"","data_source":"臺北市舊衣回收核准名冊(CSV)","geocode_ok":true,"geocode_provider":"google","geocode_tier":"cache","geocode_query":"臺北市文山區萬隆街62巷口"}},{"type":"Feature","geometry":{"type":"Point","coordinates":[121.5496405,25.0313392]},"properties":{"site_name":"臺北市身心障礙者健康關懷協會","tel":"(02)26886212","address":"敦化南路2段55巷6號對面","full_address":"臺北市大安區敦化南路2段55巷6號對面","resolved_county":"臺北市","resolved_district":"大安區","service_type":"回收","item":"舊衣類","taipei_oldcloth_approval_no":"1259","taipei_oldcloth_remark":"","data_source":"臺北市舊衣回收核准名冊(CSV)","geocode_ok":true,"geocode_provider":"google","geocode_tier":"cache","geocode_query":"臺北市大安區敦化南路2段55巷6號對面"}},{"type":"Feature","geometry":{"type":"Point","coordinates":[121.5423042,24.9973027]},"properties":{"site_name":"臺北市身心障礙者健康關懷協會","tel":"(02)26886212","address":"羅斯福路6段159巷19號對面","full_address":"臺北市文山區羅斯福路6段159巷19號對面","resolved_county":"臺北市","resolved_district":"文山區","service_type":"回收","item":"舊衣類","taipei_oldcloth_approval_no":"1260","taipei_oldcloth_remark":"","data_source":"臺北市舊衣回收核准名冊(CSV)","geocode_ok":true,"geocode_provider":"google","geocode_tier":"cache","geocode_query":"臺北市文山區羅斯福路6段159巷19號對面"}},{"type":"Feature","geometry":{"type":"Point","coordinates":[121.5397219,25.0428458]},"properties":{"site_name":"臺北市身心障礙者健康關懷協會","tel":"(02)26886212","address":"忠孝東路3段217巷1弄底","full_address":"臺北市大安區忠孝東路3段217巷1弄底","resolved_county":"臺北市","resolved_district":"大安區","service_type":"回收","item":"舊衣類","taipei_oldcloth_approval_no":"1261","taipei_oldcloth_remark":"","data_source":"臺北市舊衣回收核准名冊(CSV)","geocode_ok":true,"geocode_provider":"google","geocode_tier":"cache","geocode_query":"臺北市大安區忠孝東路3段217巷1弄底"}},{"type":"Feature","geometry":{"type":"Point","coordinates":[121.5271261,25.0303889]},"properties":{"site_name":"臺北市身心障礙者健康關懷協會","tel":"(02)26886212","address":"金華街183巷6號對面機車格旁","full_address":"臺北市大安區金華街183巷6號對面機車格旁","resolved_county":"臺北市","resolved_district":"大安區","service_type":"回收","item":"舊衣類","taipei_oldcloth_approval_no":"1262","taipei_oldcloth_remark":"","data_source":"臺北市舊衣回收核准名冊(CSV)","geocode_ok":true,"geocode_provider":"google","geocode_tier":"cache","geocode_query":"臺北市大安區金華街183巷6號對面機車格旁"}},{"type":"Feature","geometry":{"type":"Point","coordinates":[121.562832,24.9818081]},"properties":{"site_name":"臺北市身心障礙者健康關懷協會","tel":"(02)26886212","address":"木新路3段95巷2弄2號邊","full_address":"臺北市文山區木新路3段95巷2弄2號邊","resolved_county":"臺北市","resolved_district":"文山區","service_type":"回收","item":"舊衣類","taipei_oldcloth_approval_no":"1263","taipei_oldcloth_remark":"","data_source":"臺北市舊衣回收核准名冊(CSV)","geocode_ok":true,"geocode_provider":"google","geocode_tier":"cache","geocode_query":"臺北市文山區木新路3段95巷2弄2號邊"}},{"type":"Feature","geometry":{"type":"Point","coordinates":[121.548013,25.0439143]},"properties":{"site_name":"臺北市身心障礙者健康關懷協會","tel":"(02)26886212","address":"大安路31巷54-1號","full_address":"臺北市大安區大安路31巷54-1號","resolved_county":"臺北市","resolved_district":"大安區","service_type":"回收","item":"舊衣類","taipei_oldcloth_approval_no":"1265","taipei_oldcloth_remark":"","data_source":"臺北市舊衣回收核准名冊(CSV)","geocode_ok":true,"geocode_provider":"google","geocode_tier":"cache","geocode_query":"臺北市大安區大安路31巷54-1號"}},{"type":"Feature","geometry":{"type":"Point","coordinates":[121.5394773,24.9903383]},"properties":{"site_name":"臺北市身心障礙者創業發展協會","tel":"(02)26886212","address":"羅斯福路6段316號電桿旁","full_address":"臺北市文山區羅斯福路6段316號電桿旁","resolved_county":"臺北市","resolved_district":"文山區","service_type":"回收","item":"舊衣類","taipei_oldcloth_approval_no":"1266","taipei_oldcloth_remark":"","data_source":"臺北市舊衣回收核准名冊(CSV)","geocode_ok":true,"geocode_provider":"google","geocode_tier":"cache","geocode_query":"臺北市文山區羅斯福路6段316號電桿旁"}},{"type":"Feature","geometry":{"type":"Point","coordinates":[121.5677285,25.0233869]},"properties":{"site_name":"臺北市身心障礙者創業發展協會","tel":"(02)26886212","address":"吳興街432巷106號附近牆邊","full_address":"臺北市信義區吳興街432巷106號附近牆邊","resolved_county":"臺北市","resolved_district":"信義區","service_type":"回收","item":"舊衣類","taipei_oldcloth_approval_no":"1267","taipei_oldcloth_remark":"","data_source":"臺北市舊衣回收核准名冊(CSV)","geocode_ok":true,"geocode_provider":"google","geocode_tier":"cache","geocode_query":"臺北市信義區吳興街432巷106號附近牆邊"}},{"type":"Feature","geometry":{"type":"Point","coordinates":[121.5277045,25.0986263]},"properties":{"site_name":"臺北市身心障礙者創業發展協會","tel":"(02)26886212","address":"中山北路5段726巷口","full_address":"臺北市士林區中山北路5段726巷口","resolved_county":"臺北市","resolved_district":"士林區","service_type":"回收","item":"舊衣類","taipei_oldcloth_approval_no":"1268","taipei_oldcloth_remark":"","data_source":"臺北市舊衣回收核准名冊(CSV)","geocode_ok":true,"geocode_provider":"google","geocode_tier":"cache","geocode_query":"臺北市士林區中山北路5段726巷口"}},{"type":"Feature","geometry":{"type":"Point","coordinates":[121.5331008,25.0411905]},"properties":{"site_name":"臺北市身心障礙者創業發展協會","tel":"(02)26886212","address":"新生南路1段97巷22號旁","full_address":"臺北市大安區新生南路1段97巷22號旁","resolved_county":"臺北市","resolved_district":"大安區","service_type":"回收","item":"舊衣類","taipei_oldcloth_approval_no":"1270","taipei_oldcloth_remark":"","data_source":"臺北市舊衣回收核准名冊(CSV)","geocode_ok":true,"geocode_provider":"google","geocode_tier":"cache","geocode_query":"臺北市大安區新生南路1段97巷22號旁"}},{"type":"Feature","geometry":{"type":"Point","coordinates":[121.5328595,25.0391734]},"properties":{"site_name":"臺北市身心障礙者創業發展協會","tel":"(02)26886212","address":"新生南路1段八德路口","full_address":"臺北市大安區新生南路1段八德路口","resolved_county":"臺北市","resolved_district":"大安區","service_type":"回收","item":"舊衣類","taipei_oldcloth_approval_no":"1271","taipei_oldcloth_remark":"","data_source":"臺北市舊衣回收核准名冊(CSV)","geocode_ok":true,"geocode_provider":"google","geocode_tier":"cache","geocode_query":"臺北市大安區新生南路1段八德路口"}},{"type":"Feature","geometry":{"type":"Point","coordinates":[121.535821,25.0397521]},"properties":{"site_name":"臺北市身心障礙者創業發展協會","tel":"(02)26886212","address":"仁愛路3段51巷8號對面","full_address":"臺北市大安區仁愛路3段51巷8號對面","resolved_county":"臺北市","resolved_district":"大安區","service_type":"回收","item":"舊衣類","taipei_oldcloth_approval_no":"1272","taipei_oldcloth_remark":"","data_source":"臺北市舊衣回收核准名冊(CSV)","geocode_ok":true,"geocode_provider":"google","geocode_tier":"cache","geocode_query":"臺北市大安區仁愛路3段51巷8號對面"}},{"type":"Feature","geometry":{"type":"Point","coordinates":[121.5334427,25.0392267]},"properties":{"site_name":"臺北市身心障礙者創業發展協會","tel":"(02)26886212","address":"仁愛路3段5巷底","full_address":"臺北市大安區仁愛路3段5巷底","resolved_county":"臺北市","resolved_district":"大安區","service_type":"回收","item":"舊衣類","taipei_oldcloth_approval_no":"1273","taipei_oldcloth_remark":"","data_source":"臺北市舊衣回收核准名冊(CSV)","geocode_ok":true,"geocode_provider":"google","geocode_tier":"cache","geocode_query":"臺北市大安區仁愛路3段5巷底"}},{"type":"Feature","geometry":{"type":"Point","coordinates":[121.554998,24.9875619]},"properties":{"site_name":"臺北市身心障礙者創業發展協會","tel":"(02)26886212","address":"光輝路16號斜對面桿旁","full_address":"臺北市文山區光輝路16號斜對面桿旁","resolved_county":"臺北市","resolved_district":"文山區","service_type":"回收","item":"舊衣類","taipei_oldcloth_approval_no":"1274","taipei_oldcloth_remark":"","data_source":"臺北市舊衣回收核准名冊(CSV)","geocode_ok":true,"geocode_provider":"google","geocode_tier":"cache","geocode_query":"臺北市文山區光輝路16號斜對面桿旁"}},{"type":"Feature","geometry":{"type":"Point","coordinates":[121.5492185,25.0403395]},"properties":{"site_name":"臺北市身心障礙者創業發展協會","tel":"(02)26886212","address":"敦化南路1段233巷20號旁","full_address":"臺北市大安區敦化南路1段233巷20號旁","resolved_county":"臺北市","resolved_district":"大安區","service_type":"回收","item":"舊衣類","taipei_oldcloth_approval_no":"1275","taipei_oldcloth_remark":"","data_source":"臺北市舊衣回收核准名冊(CSV)","geocode_ok":true,"geocode_provider":"google","geocode_tier":"cache","geocode_query":"臺北市大安區敦化南路1段233巷20號旁"}},{"type":"Feature","geometry":{"type":"Point","coordinates":[121.5335165,25.0419925]},"properties":{"site_name":"臺北市身心障礙者創業發展協會","tel":"(02)26886212","address":"忠孝東路4段26巷67號旁","full_address":"臺北市大安區忠孝東路4段26巷67號旁","resolved_county":"臺北市","resolved_district":"大安區","service_type":"回收","item":"舊衣類","taipei_oldcloth_approval_no":"1277","taipei_oldcloth_remark":"","data_source":"臺北市舊衣回收核准名冊(CSV)","geocode_ok":true,"geocode_provider":"google","geocode_tier":"cache","geocode_query":"臺北市大安區忠孝東路4段26巷67號旁"}},{"type":"Feature","geometry":{"type":"Point","coordinates":[121.5478382,25.0386683]},"properties":{"site_name":"臺北市身心障礙者創業發展協會","tel":"(02)26886212","address":"仁愛路4段91巷3號對面","full_address":"臺北市大安區仁愛路4段91巷3號對面","resolved_county":"臺北市","resolved_district":"大安區","service_type":"回收","item":"舊衣類","taipei_oldcloth_approval_no":"1278","taipei_oldcloth_remark":"","data_source":"臺北市舊衣回收核准名冊(CSV)","geocode_ok":true,"geocode_provider":"google","geocode_tier":"cache","geocode_query":"臺北市大安區仁愛路4段91巷3號對面"}},{"type":"Feature","geometry":{"type":"Point","coordinates":[121.5330241,25.021652]},"properties":{"site_name":"臺北市身心障礙者創業發展協會","tel":"(02)26886212","address":"溫州街46號附近廟旁兩桿間","full_address":"臺北市大安區溫州街46號附近廟旁兩桿間","resolved_county":"臺北市","resolved_district":"大安區","service_type":"回收","item":"舊衣類","taipei_oldcloth_approval_no":"1282","taipei_oldcloth_remark":"","data_source":"臺北市舊衣回收核准名冊(CSV)","geocode_ok":true,"geocode_provider":"google","geocode_tier":"cache","geocode_query":"臺北市大安區溫州街46號附近廟旁兩桿間"}},{"type":"Feature","geometry":{"type":"Point","coordinates":[121.5550533,24.9792484]},"properties":{"site_name":"臺北市身心障礙者創業發展協會","tel":"(02)26886212","address":"樟新街18號對面","full_address":"臺北市文山區樟新街18號對面","resolved_county":"臺北市","resolved_district":"文山區","service_type":"回收","item":"舊衣類","taipei_oldcloth_approval_no":"1283","taipei_oldcloth_remark":"","data_source":"臺北市舊衣回收核准名冊(CSV)","geocode_ok":true,"geocode_provider":"google","geocode_tier":"cache","geocode_query":"臺北市文山區樟新街18號對面"}},{"type":"Feature","geometry":{"type":"Point","coordinates":[121.5686021,24.9907245]},"properties":{"site_name":"臺北市身障者互助關懷協會","tel":"(02)26886212","address":"久康街171號對面","full_address":"臺北市文山區久康街171號對面","resolved_county":"臺北市","resolved_district":"文山區","service_type":"回收","item":"舊衣類","taipei_oldcloth_approval_no":"1284","taipei_oldcloth_remark":"","data_source":"臺北市舊衣回收核准名冊(CSV)","geocode_ok":true,"geocode_provider":"google","geocode_tier":"cache","geocode_query":"臺北市文山區久康街171號對面"}},{"type":"Feature","geometry":{"type":"Point","coordinates":[121.5670808,24.9848065]},"properties":{"site_name":"臺北市身障者互助關懷協會","tel":"(02)26886212","address":"忠順街2段129號（伯大尼托兒所旁）","full_address":"臺北市文山區忠順街2段129號（伯大尼托兒所旁）","resolved_county":"臺北市","resolved_district":"文山區","service_type":"回收","item":"舊衣類","taipei_oldcloth_approval_no":"1285","taipei_oldcloth_remark":"","data_source":"臺北市舊衣回收核准名冊(CSV)","geocode_ok":true,"geocode_provider":"google","geocode_tier":"cache","geocode_query":"臺北市文山區忠順街2段129號（伯大尼托兒所旁）"}},{"type":"Feature","geometry":{"type":"Point","coordinates":[121.5654579,24.9843699]},"properties":{"site_name":"臺北市身障者互助關懷協會","tel":"(02)26886212","address":"臺北市保儀路138巷24號對面","full_address":"臺北市文山區臺北市保儀路138巷24號對面","resolved_county":"臺北市","resolved_district":"文山區","service_type":"回收","item":"舊衣類","taipei_oldcloth_approval_no":"1286","taipei_oldcloth_remark":"","data_source":"臺北市舊衣回收核准名冊(CSV)","geocode_ok":true,"geocode_provider":"google","geocode_tier":"cache","geocode_query":"臺北市文山區臺北市保儀路138巷24號對面"}},{"type":"Feature","geometry":{"type":"Point","coordinates":[121.5536005,24.9978463]},"properties":{"site_name":"臺北市身障者互助關懷協會","tel":"(02)26886212","address":"辛亥路5段73巷口里辦公室公告欄右邊","full_address":"臺北市文山區辛亥路5段73巷口里辦公室公告欄右邊","resolved_county":"臺北市","resolved_district":"文山區","service_type":"回收","item":"舊衣類","taipei_oldcloth_approval_no":"1287","taipei_oldcloth_remark":"","data_source":"臺北市舊衣回收核准名冊(CSV)","geocode_ok":true,"geocode_provider":"google","geocode_tier":"cache","geocode_query":"臺北市文山區辛亥路5段73巷口里辦公室公告欄右邊"}},{"type":"Feature","geometry":{"type":"Point","coordinates":[121.5589369,25.0097068]},"properties":{"site_name":"臺北市身障者互助關懷協會","tel":"(02)26886212","address":"辛亥路4段21巷口","full_address":"臺北市文山區辛亥路4段21巷口","resolved_county":"臺北市","resolved_district":"文山區","service_type":"回收","item":"舊衣類","taipei_oldcloth_approval_no":"1288","taipei_oldcloth_remark":"","data_source":"臺北市舊衣回收核准名冊(CSV)","geocode_ok":true,"geocode_provider":"google","geocode_tier":"cache","geocode_query":"臺北市文山區辛亥路4段21巷口"}},{"type":"Feature","geometry":{"type":"Point","coordinates":[121.5606766,25.0064054]},"properties":{"site_name":"臺北市身障者互助關懷協會","tel":"(02)26886212","address":"辛亥路4段101巷口電器設備旁","full_address":"臺北市文山區辛亥路4段101巷口電器設備旁","resolved_county":"臺北市","resolved_district":"文山區","service_type":"回收","item":"舊衣類","taipei_oldcloth_approval_no":"1289","taipei_oldcloth_remark":"","data_source":"臺北市舊衣回收核准名冊(CSV)","geocode_ok":true,"geocode_provider":"google","geocode_tier":"cache","geocode_query":"臺北市文山區辛亥路4段101巷口電器設備旁"}},{"type":"Feature","geometry":{"type":"Point","coordinates":[121.5394814,25.0028002]},"properties":{"site_name":"臺北市身障者互助關懷協會","tel":"(02)26886212","address":"羅斯福路5段211巷17弄口","full_address":"臺北市文山區羅斯福路5段211巷17弄口","resolved_county":"臺北市","resolved_district":"文山區","service_type":"回收","item":"舊衣類","taipei_oldcloth_approval_no":"1290","taipei_oldcloth_remark":"","data_source":"臺北市舊衣回收核准名冊(CSV)","geocode_ok":true,"geocode_provider":"google","geocode_tier":"cache","geocode_query":"臺北市文山區羅斯福路5段211巷17弄口"}},{"type":"Feature","geometry":{"type":"Point","coordinates":[121.5343733,25.0403103]},"properties":{"site_name":"臺北市身障者互助關懷協會","tel":"(02)26886212","address":"濟南路3段17-1號旁對面","full_address":"臺北市大安區濟南路3段17-1號旁對面","resolved_county":"臺北市","resolved_district":"大安區","service_type":"回收","item":"舊衣類","taipei_oldcloth_approval_no":"1291","taipei_oldcloth_remark":"","data_source":"臺北市舊衣回收核准名冊(CSV)","geocode_ok":true,"geocode_provider":"google","geocode_tier":"cache","geocode_query":"臺北市大安區濟南路3段17-1號旁對面"}},{"type":"Feature","geometry":{"type":"Point","coordinates":[121.5562988,24.979631]},"properties":{"site_name":"臺北市身障者互助關懷協會","tel":"(02)26886212","address":"一壽街22號旁(里民活動中心旁)","full_address":"臺北市文山區一壽街22號旁(里民活動中心旁)","resolved_county":"臺北市","resolved_district":"文山區","service_type":"回收","item":"舊衣類","taipei_oldcloth_approval_no":"1292","taipei_oldcloth_remark":"","data_source":"臺北市舊衣回收核准名冊(CSV)","geocode_ok":true,"geocode_provider":"google","geocode_tier":"cache","geocode_query":"臺北市文山區一壽街22號旁(里民活動中心旁)"}},{"type":"Feature","geometry":{"type":"Point","coordinates":[121.5428387,25.0266163]},"properties":{"site_name":"臺北市身障者互助關懷協會","tel":"(02)26886212","address":"復興南路2段210巷2號旁","full_address":"臺北市大安區復興南路2段210巷2號旁","resolved_county":"臺北市","resolved_district":"大安區","service_type":"回收","item":"舊衣類","taipei_oldcloth_approval_no":"1293","taipei_oldcloth_remark":"","data_source":"臺北市舊衣回收核准名冊(CSV)","geocode_ok":true,"geocode_provider":"google","geocode_tier":"cache","geocode_query":"臺北市大安區復興南路2段210巷2號旁"}},{"type":"Feature","geometry":{"type":"Point","coordinates":[121.5597453,25.0343593]},"properties":{"site_name":"臺北市身障者互助關懷協會","tel":"(02)26886212","address":"光復南路473巷11弄60號對面","full_address":"臺北市信義區光復南路473巷11弄60號對面","resolved_county":"臺北市","resolved_district":"信義區","service_type":"回收","item":"舊衣類","taipei_oldcloth_approval_no":"1294","taipei_oldcloth_remark":"","data_source":"臺北市舊衣回收核准名冊(CSV)","geocode_ok":true,"geocode_provider":"google","geocode_tier":"cache","geocode_query":"臺北市信義區光復南路473巷11弄60號對面"}},{"type":"Feature","geometry":{"type":"Point","coordinates":[121.513666,25.108834]},"properties":{"site_name":"臺北市身障者互助關懷協會","tel":"(02)26886212","address":"文林北路242號旁","full_address":"臺北市北投區文林北路242號旁","resolved_county":"臺北市","resolved_district":"北投區","service_type":"回收","item":"舊衣類","taipei_oldcloth_approval_no":"1296","taipei_oldcloth_remark":"","data_source":"臺北市舊衣回收核准名冊(CSV)","geocode_ok":true,"geocode_provider":"google","geocode_tier":"cache","geocode_query":"臺北市北投區文林北路242號旁"}},{"type":"Feature","geometry":{"type":"Point","coordinates":[121.5281078,25.0649652]},"properties":{"site_name":"臺北市身障者互助關懷協會","tel":"(02)26886212","address":"新生北路3段35號旁防火巷前柱旁","full_address":"臺北市中山區新生北路3段35號旁防火巷前柱旁","resolved_county":"臺北市","resolved_district":"中山區","service_type":"回收","item":"舊衣類","taipei_oldcloth_approval_no":"1297","taipei_oldcloth_remark":"","data_source":"臺北市舊衣回收核准名冊(CSV)","geocode_ok":true,"geocode_provider":"google","geocode_tier":"cache","geocode_query":"臺北市中山區新生北路3段35號旁防火巷前柱旁"}},{"type":"Feature","geometry":{"type":"Point","coordinates":[121.547185,25.0342578]},"properties":{"site_name":"臺北市身障者互助關懷協會","tel":"(02)26886212","address":"四維路76巷口對面","full_address":"臺北市大安區四維路76巷口對面","resolved_county":"臺北市","resolved_district":"大安區","service_type":"回收","item":"舊衣類","taipei_oldcloth_approval_no":"1298","taipei_oldcloth_remark":"","data_source":"臺北市舊衣回收核准名冊(CSV)","geocode_ok":true,"geocode_provider":"google","geocode_tier":"cache","geocode_query":"臺北市大安區四維路76巷口對面"}},{"type":"Feature","geometry":{"type":"Point","coordinates":[121.5479689,25.036412]},"properties":{"site_name":"臺北市身障者互助關懷協會","tel":"(02)26886212","address":"四維路22巷口","full_address":"臺北市大安區四維路22巷口","resolved_county":"臺北市","resolved_district":"大安區","service_type":"回收","item":"舊衣類","taipei_oldcloth_approval_no":"1299","taipei_oldcloth_remark":"","data_source":"臺北市舊衣回收核准名冊(CSV)","geocode_ok":true,"geocode_provider":"google","geocode_tier":"cache","geocode_query":"臺北市大安區四維路22巷口"}},{"type":"Feature","geometry":{"type":"Point","coordinates":[121.5514729,25.0292139]},"properties":{"site_name":"臺北市身障者互助關懷協會","tel":"(02)26886212","address":"安和路2段123號前","full_address":"臺北市大安區安和路2段123號前","resolved_county":"臺北市","resolved_district":"大安區","service_type":"回收","item":"舊衣類","taipei_oldcloth_approval_no":"1300","taipei_oldcloth_remark":"","data_source":"臺北市舊衣回收核准名冊(CSV)","geocode_ok":true,"geocode_provider":"google","geocode_tier":"cache","geocode_query":"臺北市大安區安和路2段123號前"}},{"type":"Feature","geometry":{"type":"Point","coordinates":[121.5495734,25.0251153]},"properties":{"site_name":"臺北市身障者互助關懷協會","tel":"(02)26886212","address":"安和路2段184巷7號旁","full_address":"臺北市大安區安和路2段184巷7號旁","resolved_county":"臺北市","resolved_district":"大安區","service_type":"回收","item":"舊衣類","taipei_oldcloth_approval_no":"1301","taipei_oldcloth_remark":"","data_source":"臺北市舊衣回收核准名冊(CSV)","geocode_ok":true,"geocode_provider":"google","geocode_tier":"cache","geocode_query":"臺北市大安區安和路2段184巷7號旁"}},{"type":"Feature","geometry":{"type":"Point","coordinates":[121.5367773,25.0103543]},"properties":{"site_name":"臺北市弱勢者就業促進協會","tel":"(02)26886212","address":"汀州路4段1號對面電器設備邊","full_address":"臺北市文山區汀州路4段1號對面電器設備邊","resolved_county":"臺北市","resolved_district":"文山區","service_type":"回收","item":"舊衣類","taipei_oldcloth_approval_no":"1302","taipei_oldcloth_remark":"","data_source":"臺北市舊衣回收核准名冊(CSV)","geocode_ok":true,"geocode_provider":"google","geocode_tier":"cache","geocode_query":"臺北市文山區汀州路4段1號對面電器設備邊"}},{"type":"Feature","geometry":{"type":"Point","coordinates":[121.5469992,25.0026379]},"properties":{"site_name":"臺北市弱勢者就業促進協會","tel":"(02)26886212","address":"興隆路2段203巷90~94號對面","full_address":"臺北市文山區興隆路2段203巷90~94號對面","resolved_county":"臺北市","resolved_district":"文山區","service_type":"回收","item":"舊衣類","taipei_oldcloth_approval_no":"1304","taipei_oldcloth_remark":"","data_source":"臺北市舊衣回收核准名冊(CSV)","geocode_ok":true,"geocode_provider":"google","geocode_tier":"cache","geocode_query":"臺北市文山區興隆路2段203巷90~94號對面"}},{"type":"Feature","geometry":{"type":"Point","coordinates":[121.5502798,25.0329294]},"properties":{"site_name":"臺北市弱勢者就業促進協會","tel":"(02)26886212","address":"文昌街39號旁","full_address":"臺北市大安區文昌街39號旁","resolved_county":"臺北市","resolved_district":"大安區","service_type":"回收","item":"舊衣類","taipei_oldcloth_approval_no":"1305","taipei_oldcloth_remark":"","data_source":"臺北市舊衣回收核准名冊(CSV)","geocode_ok":true,"geocode_provider":"google","geocode_tier":"cache","geocode_query":"臺北市大安區文昌街39號旁"}},{"type":"Feature","geometry":{"type":"Point","coordinates":[121.5531871,25.0308056]},"properties":{"site_name":"臺北市弱勢者就業促進協會","tel":"(02)26886212","address":"通安街64號旁","full_address":"臺北市大安區通安街64號旁","resolved_county":"臺北市","resolved_district":"大安區","service_type":"回收","item":"舊衣類","taipei_oldcloth_approval_no":"1307","taipei_oldcloth_remark":"","data_source":"臺北市舊衣回收核准名冊(CSV)","geocode_ok":true,"geocode_provider":"google","geocode_tier":"cache","geocode_query":"臺北市大安區通安街64號旁"}},{"type":"Feature","geometry":{"type":"Point","coordinates":[121.5536864,25.0316964]},"properties":{"site_name":"臺北市弱勢者就業促進協會","tel":"(02)26886212","address":"通化街24巷口","full_address":"臺北市大安區通化街24巷口","resolved_county":"臺北市","resolved_district":"大安區","service_type":"回收","item":"舊衣類","taipei_oldcloth_approval_no":"1308","taipei_oldcloth_remark":"","data_source":"臺北市舊衣回收核准名冊(CSV)","geocode_ok":true,"geocode_provider":"google","geocode_tier":"cache","geocode_query":"臺北市大安區通化街24巷口"}},{"type":"Feature","geometry":{"type":"Point","coordinates":[121.5510886,25.027987]},"properties":{"site_name":"臺北市弱勢者就業促進協會","tel":"(02)26886212","address":"樂利路10號桿邊","full_address":"臺北市大安區樂利路10號桿邊","resolved_county":"臺北市","resolved_district":"大安區","service_type":"回收","item":"舊衣類","taipei_oldcloth_approval_no":"1309","taipei_oldcloth_remark":"","data_source":"臺北市舊衣回收核准名冊(CSV)","geocode_ok":true,"geocode_provider":"google","geocode_tier":"cache","geocode_query":"臺北市大安區樂利路10號桿邊"}},{"type":"Feature","geometry":{"type":"Point","coordinates":[121.5290244,25.0327236]},"properties":{"site_name":"臺北市弱勢者就業促進協會","tel":"(02)26886212","address":"金山南路2段31巷與麗水街電箱旁","full_address":"臺北市大安區金山南路2段31巷與麗水街電箱旁","resolved_county":"臺北市","resolved_district":"大安區","service_type":"回收","item":"舊衣類","taipei_oldcloth_approval_no":"1311","taipei_oldcloth_remark":"","data_source":"臺北市舊衣回收核准名冊(CSV)","geocode_ok":true,"geocode_provider":"google","geocode_tier":"cache","geocode_query":"臺北市大安區金山南路2段31巷與麗水街電箱旁"}},{"type":"Feature","geometry":{"type":"Point","coordinates":[121.5287858,25.0313994]},"properties":{"site_name":"臺北市弱勢者就業促進協會","tel":"(02)26886212","address":"愛國東路與麗水街口旁","full_address":"臺北市大安區愛國東路與麗水街口旁","resolved_county":"臺北市","resolved_district":"大安區","service_type":"回收","item":"舊衣類","taipei_oldcloth_approval_no":"1312","taipei_oldcloth_remark":"","data_source":"臺北市舊衣回收核准名冊(CSV)","geocode_ok":true,"geocode_provider":"google","geocode_tier":"cache","geocode_query":"臺北市大安區愛國東路與麗水街口旁"}},{"type":"Feature","geometry":{"type":"Point","coordinates":[121.5392695,25.0264445]},"properties":{"site_name":"臺北市弱勢者就業促進協會","tel":"(02)26886212","address":"瑞安街266號對面","full_address":"臺北市大安區瑞安街266號對面","resolved_county":"臺北市","resolved_district":"大安區","service_type":"回收","item":"舊衣類","taipei_oldcloth_approval_no":"1314","taipei_oldcloth_remark":"","data_source":"臺北市舊衣回收核准名冊(CSV)","geocode_ok":true,"geocode_provider":"google","geocode_tier":"cache","geocode_query":"臺北市大安區瑞安街266號對面"}},{"type":"Feature","geometry":{"type":"Point","coordinates":[121.565472,24.9823081]},"properties":{"site_name":"臺北市弱勢者就業促進協會","tel":"(02)26886212","address":"木新路2段299巷口","full_address":"臺北市文山區木新路2段299巷口","resolved_county":"臺北市","resolved_district":"文山區","service_type":"回收","item":"舊衣類","taipei_oldcloth_approval_no":"1315","taipei_oldcloth_remark":"","data_source":"臺北市舊衣回收核准名冊(CSV)","geocode_ok":true,"geocode_provider":"google","geocode_tier":"cache","geocode_query":"臺北市文山區木新路2段299巷口"}},{"type":"Feature","geometry":{"type":"Point","coordinates":[121.5672476,24.9821496]},"properties":{"site_name":"臺北市弱勢者就業促進協會","tel":"(02)26886212","address":"恆光街51巷口電信設備邊","full_address":"臺北市文山區恆光街51巷口電信設備邊","resolved_county":"臺北市","resolved_district":"文山區","service_type":"回收","item":"舊衣類","taipei_oldcloth_approval_no":"1316","taipei_oldcloth_remark":"","data_source":"臺北市舊衣回收核准名冊(CSV)","geocode_ok":true,"geocode_provider":"google","geocode_tier":"cache","geocode_query":"臺北市文山區恆光街51巷口電信設備邊"}},{"type":"Feature","geometry":{"type":"Point","coordinates":[121.5266407,25.033058]},"properties":{"site_name":"臺北市弱勢者就業促進協會","tel":"(02)26886212","address":"金山南路2段30巷口","full_address":"臺北市大安區金山南路2段30巷口","resolved_county":"臺北市","resolved_district":"大安區","service_type":"回收","item":"舊衣類","taipei_oldcloth_approval_no":"1317","taipei_oldcloth_remark":"","data_source":"臺北市舊衣回收核准名冊(CSV)","geocode_ok":true,"geocode_provider":"google","geocode_tier":"cache","geocode_query":"臺北市大安區金山南路2段30巷口"}},{"type":"Feature","geometry":{"type":"Point","coordinates":[121.5670226,24.9895341]},"properties":{"site_name":"臺北市弱勢者就業促進協會","tel":"(02)26886212","address":"木柵路3段85巷8弄5-1號對面變電箱旁","full_address":"臺北市文山區木柵路3段85巷8弄5-1號對面變電箱旁","resolved_county":"臺北市","resolved_district":"文山區","service_type":"回收","item":"舊衣類","taipei_oldcloth_approval_no":"1318","taipei_oldcloth_remark":"","data_source":"臺北市舊衣回收核准名冊(CSV)","geocode_ok":true,"geocode_provider":"google","geocode_tier":"cache","geocode_query":"臺北市文山區木柵路3段85巷8弄5-1號對面變電箱旁"}},{"type":"Feature","geometry":{"type":"Point","coordinates":[121.5469714,25.0309952]},"properties":{"site_name":"臺北市恩寶身心障礙者關懷協會","tel":"(02)26886212","address":"四維路154巷口對面","full_address":"臺北市大安區四維路154巷口對面","resolved_county":"臺北市","resolved_district":"大安區","service_type":"回收","item":"舊衣類","taipei_oldcloth_approval_no":"1320","taipei_oldcloth_remark":"","data_source":"臺北市舊衣回收核准名冊(CSV)","geocode_ok":true,"geocode_provider":"google","geocode_tier":"cache","geocode_query":"臺北市大安區四維路154巷口對面"}},{"type":"Feature","geometry":{"type":"Point","coordinates":[121.5460519,25.0313012]},"properties":{"site_name":"臺北市恩寶身心障礙者關懷協會","tel":"(02)26886212","address":"大安路2段90巷口","full_address":"臺北市大安區大安路2段90巷口","resolved_county":"臺北市","resolved_district":"大安區","service_type":"回收","item":"舊衣類","taipei_oldcloth_approval_no":"1321","taipei_oldcloth_remark":"","data_source":"臺北市舊衣回收核准名冊(CSV)","geocode_ok":true,"geocode_provider":"google","geocode_tier":"cache","geocode_query":"臺北市大安區大安路2段90巷口"}},{"type":"Feature","geometry":{"type":"Point","coordinates":[121.5549449,25.0285334]},"properties":{"site_name":"臺北市恩寶身心障礙者關懷協會","tel":"(02)26886212","address":"通化街39巷50弄101號旁","full_address":"臺北市大安區通化街39巷50弄101號旁","resolved_county":"臺北市","resolved_district":"大安區","service_type":"回收","item":"舊衣類","taipei_oldcloth_approval_no":"1322","taipei_oldcloth_remark":"","data_source":"臺北市舊衣回收核准名冊(CSV)","geocode_ok":true,"geocode_provider":"google","geocode_tier":"cache","geocode_query":"臺北市大安區通化街39巷50弄101號旁"}},{"type":"Feature","geometry":{"type":"Point","coordinates":[121.5418407,24.9941307]},"properties":{"site_name":"臺北市恩寶身心障礙者關懷協會","tel":"(02)26886212","address":"景華街22巷7號旁人行道","full_address":"臺北市文山區景華街22巷7號旁人行道","resolved_county":"臺北市","resolved_district":"文山區","service_type":"回收","item":"舊衣類","taipei_oldcloth_approval_no":"1324","taipei_oldcloth_remark":"","data_source":"臺北市舊衣回收核准名冊(CSV)","geocode_ok":true,"geocode_provider":"google","geocode_tier":"cache","geocode_query":"臺北市文山區景華街22巷7號旁人行道"}},{"type":"Feature","geometry":{"type":"Point","coordinates":[121.5227043,25.0292266]},"properties":{"site_name":"臺北市恩寶身心障礙者關懷協會","tel":"(02)26886212","address":"潮州街38號前桿旁","full_address":"臺北市大安區潮州街38號前桿旁","resolved_county":"臺北市","resolved_district":"大安區","service_type":"回收","item":"舊衣類","taipei_oldcloth_approval_no":"1325","taipei_oldcloth_remark":"","data_source":"臺北市舊衣回收核准名冊(CSV)","geocode_ok":true,"geocode_provider":"google","geocode_tier":"cache","geocode_query":"臺北市大安區潮州街38號前桿旁"}},{"type":"Feature","geometry":{"type":"Point","coordinates":[121.5236731,25.0291755]},"properties":{"site_name":"臺北市恩寶身心障礙者關懷協會","tel":"(02)26886212","address":"潮州街60巷口燈桿旁","full_address":"臺北市大安區潮州街60巷口燈桿旁","resolved_county":"臺北市","resolved_district":"大安區","service_type":"回收","item":"舊衣類","taipei_oldcloth_approval_no":"1326","taipei_oldcloth_remark":"","data_source":"臺北市舊衣回收核准名冊(CSV)","geocode_ok":true,"geocode_provider":"google","geocode_tier":"cache","geocode_query":"臺北市大安區潮州街60巷口燈桿旁"}},{"type":"Feature","geometry":{"type":"Point","coordinates":[121.5252196,25.028463]},"properties":{"site_name":"臺北市恩寶身心障礙者關懷協會","tel":"(02)26886212","address":"潮州街98巷8號邊","full_address":"臺北市大安區潮州街98巷8號邊","resolved_county":"臺北市","resolved_district":"大安區","service_type":"回收","item":"舊衣類","taipei_oldcloth_approval_no":"1327","taipei_oldcloth_remark":"","data_source":"臺北市舊衣回收核准名冊(CSV)","geocode_ok":true,"geocode_provider":"google","geocode_tier":"cache","geocode_query":"臺北市大安區潮州街98巷8號邊"}},{"type":"Feature","geometry":{"type":"Point","coordinates":[121.5533316,25.0460277]},"properties":{"site_name":"臺北市恩寶身心障礙者關懷協會","tel":"(02)26886212","address":"延吉街30巷1號旁","full_address":"臺北市松山區延吉街30巷1號旁","resolved_county":"臺北市","resolved_district":"松山區","service_type":"回收","item":"舊衣類","taipei_oldcloth_approval_no":"1329","taipei_oldcloth_remark":"","data_source":"臺北市舊衣回收核准名冊(CSV)","geocode_ok":true,"geocode_provider":"google","geocode_tier":"cache","geocode_query":"臺北市松山區延吉街30巷1號旁"}},{"type":"Feature","geometry":{"type":"Point","coordinates":[121.5574766,24.9820991]},"properties":{"site_name":"臺北市恩寶身心障礙者關懷協會","tel":"(02)26886212","address":"木新路3段310巷12弄底公園邊","full_address":"臺北市文山區木新路3段310巷12弄底公園邊","resolved_county":"臺北市","resolved_district":"文山區","service_type":"回收","item":"舊衣類","taipei_oldcloth_approval_no":"1331","taipei_oldcloth_remark":"","data_source":"臺北市舊衣回收核准名冊(CSV)","geocode_ok":true,"geocode_provider":"google","geocode_tier":"cache","geocode_query":"臺北市文山區木新路3段310巷12弄底公園邊"}},{"type":"Feature","geometry":{"type":"Point","coordinates":[121.5427866,24.9954214]},"properties":{"site_name":"臺北市恩寶身心障礙者關懷協會","tel":"(02)26886212","address":"景華街49巷5號斜對面公園邊","full_address":"臺北市文山區景華街49巷5號斜對面公園邊","resolved_county":"臺北市","resolved_district":"文山區","service_type":"回收","item":"舊衣類","taipei_oldcloth_approval_no":"1332","taipei_oldcloth_remark":"","data_source":"臺北市舊衣回收核准名冊(CSV)","geocode_ok":true,"geocode_provider":"google","geocode_tier":"cache","geocode_query":"臺北市文山區景華街49巷5號斜對面公園邊"}},{"type":"Feature","geometry":{"type":"Point","coordinates":[121.551122,25.0038441]},"properties":{"site_name":"臺北市恩寶身心障礙者關懷協會","tel":"(02)26886212","address":"福興路4巷15弄口","full_address":"臺北市文山區福興路4巷15弄口","resolved_county":"臺北市","resolved_district":"文山區","service_type":"回收","item":"舊衣類","taipei_oldcloth_approval_no":"1333","taipei_oldcloth_remark":"","data_source":"臺北市舊衣回收核准名冊(CSV)","geocode_ok":true,"geocode_provider":"google","geocode_tier":"cache","geocode_query":"臺北市文山區福興路4巷15弄口"}},{"type":"Feature","geometry":{"type":"Point","coordinates":[121.551091,25.0035527]},"properties":{"site_name":"臺北市恩寶身心障礙者關懷協會","tel":"(02)26886212","address":"福興路4巷7弄口","full_address":"臺北市文山區福興路4巷7弄口","resolved_county":"臺北市","resolved_district":"文山區","service_type":"回收","item":"舊衣類","taipei_oldcloth_approval_no":"1334","taipei_oldcloth_remark":"","data_source":"臺北市舊衣回收核准名冊(CSV)","geocode_ok":true,"geocode_provider":"google","geocode_tier":"cache","geocode_query":"臺北市文山區福興路4巷7弄口"}},{"type":"Feature","geometry":{"type":"Point","coordinates":[121.5247968,25.0340143]},"properties":{"site_name":"臺北市恩寶身心障礙者關懷協會","tel":"(02)26886212","address":"信義路2段10巷11弄口","full_address":"臺北市大安區信義路2段10巷11弄口","resolved_county":"臺北市","resolved_district":"大安區","service_type":"回收","item":"舊衣類","taipei_oldcloth_approval_no":"1335","taipei_oldcloth_remark":"","data_source":"臺北市舊衣回收核准名冊(CSV)","geocode_ok":true,"geocode_provider":"google","geocode_tier":"cache","geocode_query":"臺北市大安區信義路2段10巷11弄口"}}]}