{
  "type": "FeatureCollection",
  "crs": {
    "type": "name",
    "properties": {
      "name": "urn:ogc:def:crs:OGC:1.3:CRS84"
    }
  },
  "features": [
    {
      "type": "Feature",
      "geometry": {
        "type": "Point",
        "coordinates": [
          121.4532019,
          25.0220971
        ]
      },
      "properties": {
        "no": "1",
        "county_code": "65000",
        "site_name": "社團法人新北市土城區身障自立協會",
        "tel": "02-2267-0739",
        "postal_code": "220",
        "address": "板橋區中正里中正路379巷34號",
        "service_type": "回收",
        "item": "舊衣類",
        "resolved_county": "新北市",
        "resolved_district": "板橋區",
        "full_address": "新北市板橋區中正里中正路379巷34號",
        "address_resolve_note": null,
        "geocode_ok": true,
        "geocode_provider": "google",
        "geocode_tier": "street",
        "geocode_query": "新北市板橋區中正里中正路379巷34號"
      }
    },
    {
      "type": "Feature",
      "geometry": {
        "type": "Point",
        "coordinates": [
          121.4541571,
          25.0213579
        ]
      },
      "properties": {
        "no": "2",
        "county_code": "65000",
        "site_name": "社團法人新北市土城區身障自立協會",
        "tel": "02-2267-0739",
        "postal_code": "220",
        "address": "板橋區中正里中正路379巷1弄1號對面",
        "service_type": "回收",
        "item": "舊衣類",
        "resolved_county": "新北市",
        "resolved_district": "板橋區",
        "full_address": "新北市板橋區中正里中正路379巷1弄1號對面",
        "address_resolve_note": null,
        "geocode_ok": true,
        "geocode_provider": "google",
        "geocode_tier": "street",
        "geocode_query": "新北市板橋區中正里中正路379巷1弄1號對面"
      }
    },
    {
      "type": "Feature",
      "geometry": {
        "type": "Point",
        "coordinates": [
          121.4537809,
          25.0204975
        ]
      },
      "properties": {
        "no": "3",
        "county_code": "65000",
        "site_name": "社團法人新北市土城區身障自立協會",
        "tel": "02-2267-0739",
        "postal_code": "220",
        "address": "板橋區中正里中正路375巷38號旁",
        "service_type": "回收",
        "item": "舊衣類",
        "resolved_county": "新北市",
        "resolved_district": "板橋區",
        "full_address": "新北市板橋區中正里中正路375巷38號旁",
        "address_resolve_note": null,
        "geocode_ok": true,
        "geocode_provider": "google",
        "geocode_tier": "street",
        "geocode_query": "新北市板橋區中正里中正路375巷38號旁"
      }
    },
    {
      "type": "Feature",
      "geometry": {
        "type": "Point",
        "coordinates": [
          121.4530788,
          25.0237208
        ]
      },
      "properties": {
        "no": "4",
        "county_code": "65000",
        "site_name": "社團法人新北市土城區身障自立協會",
        "tel": "02-2267-0739",
        "postal_code": "220",
        "address": "板橋區中正里中正路433巷口",
        "service_type": "回收",
        "item": "舊衣類",
        "resolved_county": "新北市",
        "resolved_district": "板橋區",
        "full_address": "新北市板橋區中正里中正路433巷口",
        "address_resolve_note": null,
        "geocode_ok": true,
        "geocode_provider": "google",
        "geocode_tier": "street",
        "geocode_query": "新北市板橋區中正里中正路433巷口"
      }
    },
    {
      "type": "Feature",
      "geometry": {
        "type": "Point",
        "coordinates": [
          121.4534989,
          25.0225763
        ]
      },
      "properties": {
        "no": "5",
        "county_code": "65000",
        "site_name": "社團法人新北市土城區身障自立協會",
        "tel": "02-2267-0739",
        "postal_code": "220",
        "address": "板橋區中正里中正路413巷15號旁",
        "service_type": "回收",
        "item": "舊衣類",
        "resolved_county": "新北市",
        "resolved_district": "板橋區",
        "full_address": "新北市板橋區中正里中正路413巷15號旁",
        "address_resolve_note": null,
        "geocode_ok": true,
        "geocode_provider": "google",
        "geocode_tier": "street",
        "geocode_query": "新北市板橋區中正里中正路413巷15號旁"
      }
    },
    {
      "type": "Feature",
      "geometry": {
        "type": "Point",
        "coordinates": [
          121.4727445,
          25.0800592
        ]
      },
      "properties": {
        "no": "6",
        "county_code": "65000",
        "site_name": "新北市慈懷愛心會",
        "tel": "0952-036-411",
        "postal_code": "247",
        "address": "蘆洲區樹德里中山一路263號旁",
        "service_type": "回收",
        "item": "舊衣類",
        "resolved_county": "新北市",
        "resolved_district": "蘆洲區",
        "full_address": "新北市蘆洲區樹德里中山一路263號旁",
        "address_resolve_note": null,
        "geocode_ok": true,
        "geocode_provider": "google",
        "geocode_tier": "street",
        "geocode_query": "新北市蘆洲區樹德里中山一路263號旁"
      }
    },
    {
      "type": "Feature",
      "geometry": {
        "type": "Point",
        "coordinates": [
          121.4549686,
          25.1615236
        ]
      },
      "properties": {
        "no": "7",
        "county_code": "65000",
        "site_name": "新北市慈懷愛心會",
        "tel": "0952-036-411",
        "postal_code": "251",
        "address": "淡水區竿蓁里淡金路77巷口",
        "service_type": "回收",
        "item": "舊衣類",
        "resolved_county": "新北市",
        "resolved_district": "淡水區",
        "full_address": "新北市淡水區竿蓁里淡金路77巷口",
        "address_resolve_note": null,
        "geocode_ok": true,
        "geocode_provider": "google",
        "geocode_tier": "street",
        "geocode_query": "新北市淡水區竿蓁里淡金路77巷口"
      }
    },
    {
      "type": "Feature",
      "geometry": {
        "type": "Point",
        "coordinates": [
          121.453953,
          25.1609914
        ]
      },
      "properties": {
        "no": "8",
        "county_code": "65000",
        "site_name": "新北市慈懷愛心會",
        "tel": "0952-036-411",
        "postal_code": "251",
        "address": "淡水區竿蓁里淡金路79巷口",
        "service_type": "回收",
        "item": "舊衣類",
        "resolved_county": "新北市",
        "resolved_district": "淡水區",
        "full_address": "新北市淡水區竿蓁里淡金路79巷口",
        "address_resolve_note": null,
        "geocode_ok": true,
        "geocode_provider": "google",
        "geocode_tier": "street",
        "geocode_query": "新北市淡水區竿蓁里淡金路79巷口"
      }
    },
    {
      "type": "Feature",
      "geometry": {
        "type": "Point",
        "coordinates": [
          121.4555914,
          25.160437
        ]
      },
      "properties": {
        "no": "9",
        "county_code": "65000",
        "site_name": "新北市慈懷愛心會",
        "tel": "0952-036-411",
        "postal_code": "251",
        "address": "淡水區竿蓁里坪頂路11號對面",
        "service_type": "回收",
        "item": "舊衣類",
        "resolved_county": "新北市",
        "resolved_district": "淡水區",
        "full_address": "新北市淡水區竿蓁里坪頂路11號對面",
        "address_resolve_note": null,
        "geocode_ok": true,
        "geocode_provider": "google",
        "geocode_tier": "street",
        "geocode_query": "新北市淡水區竿蓁里坪頂路11號對面"
      }
    },
    {
      "type": "Feature",
      "geometry": {
        "type": "Point",
        "coordinates": [
          121.4592744,
          25.1608812
        ]
      },
      "properties": {
        "no": "10",
        "county_code": "65000",
        "site_name": "新北市慈懷愛心會",
        "tel": "0952-036-411",
        "postal_code": "251",
        "address": "淡水區竿蓁里淡金路16巷",
        "service_type": "回收",
        "item": "舊衣類",
        "resolved_county": "新北市",
        "resolved_district": "淡水區",
        "full_address": "新北市淡水區竿蓁里淡金路16巷",
        "address_resolve_note": null,
        "geocode_ok": true,
        "geocode_provider": "google",
        "geocode_tier": "street",
        "geocode_query": "新北市淡水區竿蓁里淡金路16巷"
      }
    },
    {
      "type": "Feature",
      "geometry": {
        "type": "Point",
        "coordinates": [
          121.4605003,
          25.1559953
        ]
      },
      "properties": {
        "no": "11",
        "county_code": "65000",
        "site_name": "新北市慈懷愛心會",
        "tel": "0952-036-411",
        "postal_code": "251",
        "address": "淡水區八勢里八勢一街7號旁公告欄",
        "service_type": "回收",
        "item": "舊衣類",
        "resolved_county": "新北市",
        "resolved_district": "淡水區",
        "full_address": "新北市淡水區八勢里八勢一街7號旁公告欄",
        "address_resolve_note": null,
        "geocode_ok": true,
        "geocode_provider": "google",
        "geocode_tier": "street",
        "geocode_query": "新北市淡水區八勢里八勢一街7號旁公告欄"
      }
    },
    {
      "type": "Feature",
      "geometry": {
        "type": "Point",
        "coordinates": [
          121.4621368,
          25.1554741
        ]
      },
      "properties": {
        "no": "12",
        "county_code": "65000",
        "site_name": "新北市慈懷愛心會",
        "tel": "0952-036-411",
        "postal_code": "251",
        "address": "淡水區八勢里八勢一街55號對面",
        "service_type": "回收",
        "item": "舊衣類",
        "resolved_county": "新北市",
        "resolved_district": "淡水區",
        "full_address": "新北市淡水區八勢里八勢一街55號對面",
        "address_resolve_note": null,
        "geocode_ok": true,
        "geocode_provider": "google",
        "geocode_tier": "street",
        "geocode_query": "新北市淡水區八勢里八勢一街55號對面"
      }
    },
    {
      "type": "Feature",
      "geometry": {
        "type": "Point",
        "coordinates": [
          121.4615466,
          25.1549851
        ]
      },
      "properties": {
        "no": "13",
        "county_code": "65000",
        "site_name": "新北市慈懷愛心會",
        "tel": "0952-036-411",
        "postal_code": "251",
        "address": "淡水區八勢里八勢一街77號旁",
        "service_type": "回收",
        "item": "舊衣類",
        "resolved_county": "新北市",
        "resolved_district": "淡水區",
        "full_address": "新北市淡水區八勢里八勢一街77號旁",
        "address_resolve_note": null,
        "geocode_ok": true,
        "geocode_provider": "google",
        "geocode_tier": "street",
        "geocode_query": "新北市淡水區八勢里八勢一街77號旁"
      }
    },
    {
      "type": "Feature",
      "geometry": {
        "type": "Point",
        "coordinates": [
          121.4645533,
          25.1319985
        ]
      },
      "properties": {
        "no": "14",
        "county_code": "65000",
        "site_name": "新北市慈懷愛心會",
        "tel": "0952-036-411",
        "postal_code": "251",
        "address": "淡水區福德里自強路118巷福德公園",
        "service_type": "回收",
        "item": "舊衣類",
        "resolved_county": "新北市",
        "resolved_district": "淡水區",
        "full_address": "新北市淡水區福德里自強路118巷福德公園",
        "address_resolve_note": null,
        "geocode_ok": true,
        "geocode_provider": "google",
        "geocode_tier": "street",
        "geocode_query": "新北市淡水區福德里自強路118巷福德公園"
      }
    },
    {
      "type": "Feature",
      "geometry": {
        "type": "Point",
        "coordinates": [
          121.4625834,
          25.1319997
        ]
      },
      "properties": {
        "no": "15",
        "county_code": "65000",
        "site_name": "新北市慈懷愛心會",
        "tel": "0952-036-411",
        "postal_code": "251",
        "address": "淡水區福德里自強路309號對面",
        "service_type": "回收",
        "item": "舊衣類",
        "resolved_county": "新北市",
        "resolved_district": "淡水區",
        "full_address": "新北市淡水區福德里自強路309號對面",
        "address_resolve_note": null,
        "geocode_ok": true,
        "geocode_provider": "google",
        "geocode_tier": "street",
        "geocode_query": "新北市淡水區福德里自強路309號對面"
      }
    },
    {
      "type": "Feature",
      "geometry": {
        "type": "Point",
        "coordinates": [
          121.5034263,
          25.067115
        ]
      },
      "properties": {
        "no": "16",
        "county_code": "65000",
        "site_name": "新北市三蘆愛心關懷協會",
        "tel": "0921-623-775",
        "postal_code": "241",
        "address": "三重區長江里龍濱路1號",
        "service_type": "回收",
        "item": "舊衣類",
        "resolved_county": "新北市",
        "resolved_district": "三重區",
        "full_address": "新北市三重區長江里龍濱路1號",
        "address_resolve_note": null,
        "geocode_ok": true,
        "geocode_provider": "google",
        "geocode_tier": "street",
        "geocode_query": "新北市三重區長江里龍濱路1號"
      }
    },
    {
      "type": "Feature",
      "geometry": {
        "type": "Point",
        "coordinates": [
          121.5028832,
          25.0679139
        ]
      },
      "properties": {
        "no": "17",
        "county_code": "65000",
        "site_name": "新北市三蘆愛心關懷協會",
        "tel": "0921-623-775",
        "postal_code": "241",
        "address": "三重區長江里龍濱路21號",
        "service_type": "回收",
        "item": "舊衣類",
        "resolved_county": "新北市",
        "resolved_district": "三重區",
        "full_address": "新北市三重區長江里龍濱路21號",
        "address_resolve_note": null,
        "geocode_ok": true,
        "geocode_provider": "google",
        "geocode_tier": "street",
        "geocode_query": "新北市三重區長江里龍濱路21號"
      }
    },
    {
      "type": "Feature",
      "geometry": {
        "type": "Point",
        "coordinates": [
          121.5024855,
          25.0698882
        ]
      },
      "properties": {
        "no": "18",
        "county_code": "65000",
        "site_name": "新北市三蘆愛心關懷協會",
        "tel": "0921-623-775",
        "postal_code": "241",
        "address": "三重區長福里龍濱路167號前",
        "service_type": "回收",
        "item": "舊衣類",
        "resolved_county": "新北市",
        "resolved_district": "三重區",
        "full_address": "新北市三重區長福里龍濱路167號前",
        "address_resolve_note": null,
        "geocode_ok": true,
        "geocode_provider": "google",
        "geocode_tier": "street",
        "geocode_query": "新北市三重區長福里龍濱路167號前"
      }
    },
    {
      "type": "Feature",
      "geometry": {
        "type": "Point",
        "coordinates": [
          121.502214,
          25.0698095
        ]
      },
      "properties": {
        "no": "19",
        "county_code": "65000",
        "site_name": "新北市三蘆愛心關懷協會",
        "tel": "0921-623-775",
        "postal_code": "241",
        "address": "三重區長福里龍濱路86號",
        "service_type": "回收",
        "item": "舊衣類",
        "resolved_county": "新北市",
        "resolved_district": "三重區",
        "full_address": "新北市三重區長福里龍濱路86號",
        "address_resolve_note": null,
        "geocode_ok": true,
        "geocode_provider": "google",
        "geocode_tier": "street",
        "geocode_query": "新北市三重區長福里龍濱路86號"
      }
    },
    {
      "type": "Feature",
      "geometry": {
        "type": "Point",
        "coordinates": [
          121.5009782,
          25.068993
        ]
      },
      "properties": {
        "no": "20",
        "county_code": "65000",
        "site_name": "新北市三蘆愛心關懷協會",
        "tel": "0921-623-775",
        "postal_code": "241",
        "address": "三重區長泰里長興街62號對面",
        "service_type": "回收",
        "item": "舊衣類",
        "resolved_county": "新北市",
        "resolved_district": "三重區",
        "full_address": "新北市三重區長泰里長興街62號對面",
        "address_resolve_note": null,
        "geocode_ok": true,
        "geocode_provider": "google",
        "geocode_tier": "street",
        "geocode_query": "新北市三重區長泰里長興街62號對面"
      }
    },
    {
      "type": "Feature",
      "geometry": {
        "type": "Point",
        "coordinates": [
          121.4790119,
          25.0880792
        ]
      },
      "properties": {
        "no": "21",
        "county_code": "65000",
        "site_name": "新北市蘆洲區愛心會",
        "tel": "0921-623-775",
        "postal_code": "247",
        "address": "蘆洲區信義里民族路167巷1弄3號前",
        "service_type": "回收",
        "item": "舊衣類",
        "resolved_county": "新北市",
        "resolved_district": "蘆洲區",
        "full_address": "新北市蘆洲區信義里民族路167巷1弄3號前",
        "address_resolve_note": null,
        "geocode_ok": true,
        "geocode_provider": "google",
        "geocode_tier": "street",
        "geocode_query": "新北市蘆洲區信義里民族路167巷1弄3號前"
      }
    },
    {
      "type": "Feature",
      "geometry": {
        "type": "Point",
        "coordinates": [
          121.4723979,
          25.0870292
        ]
      },
      "properties": {
        "no": "22",
        "county_code": "65000",
        "site_name": "新北市蘆洲區愛心會",
        "tel": "0921-623-775",
        "postal_code": "247",
        "address": "蘆洲區仁愛里三民路98巷與三民路110巷交叉口",
        "service_type": "回收",
        "item": "舊衣類",
        "resolved_county": "新北市",
        "resolved_district": "蘆洲區",
        "full_address": "新北市蘆洲區仁愛里三民路98巷與三民路110巷交叉口",
        "address_resolve_note": null,
        "geocode_ok": true,
        "geocode_provider": "google",
        "geocode_tier": "street",
        "geocode_query": "新北市蘆洲區仁愛里三民路98巷與三民路110巷交叉口"
      }
    },
    {
      "type": "Feature",
      "geometry": {
        "type": "Point",
        "coordinates": [
          121.4577316,
          25.0920991
        ]
      },
      "properties": {
        "no": "23",
        "county_code": "65000",
        "site_name": "新北市蘆洲區愛心會",
        "tel": "0921-623-775",
        "postal_code": "247",
        "address": "蘆洲區南港里永平街32巷11弄36號",
        "service_type": "回收",
        "item": "舊衣類",
        "resolved_county": "新北市",
        "resolved_district": "蘆洲區",
        "full_address": "新北市蘆洲區南港里永平街32巷11弄36號",
        "address_resolve_note": null,
        "geocode_ok": true,
        "geocode_provider": "google",
        "geocode_tier": "street",
        "geocode_query": "新北市蘆洲區南港里永平街32巷11弄36號"
      }
    },
    {
      "type": "Feature",
      "geometry": {
        "type": "Point",
        "coordinates": [
          121.4597564,
          25.0925988
        ]
      },
      "properties": {
        "no": "24",
        "county_code": "65000",
        "site_name": "新北市蘆洲區愛心會",
        "tel": "0921-623-775",
        "postal_code": "247",
        "address": "蘆洲區南港里永平街32巷51號對面",
        "service_type": "回收",
        "item": "舊衣類",
        "resolved_county": "新北市",
        "resolved_district": "蘆洲區",
        "full_address": "新北市蘆洲區南港里永平街32巷51號對面",
        "address_resolve_note": null,
        "geocode_ok": true,
        "geocode_provider": "google",
        "geocode_tier": "street",
        "geocode_query": "新北市蘆洲區南港里永平街32巷51號對面"
      }
    },
    {
      "type": "Feature",
      "geometry": {
        "type": "Point",
        "coordinates": [
          121.4582214,
          25.0926657
        ]
      },
      "properties": {
        "no": "25",
        "county_code": "65000",
        "site_name": "新北市蘆洲區愛心會",
        "tel": "0921-623-775",
        "postal_code": "247",
        "address": "蘆洲區南港里永平街32巷33弄巷口 (美簾社旁)",
        "service_type": "回收",
        "item": "舊衣類",
        "resolved_county": "新北市",
        "resolved_district": "蘆洲區",
        "full_address": "新北市蘆洲區南港里永平街32巷33弄巷口 (美簾社旁)",
        "address_resolve_note": null,
        "geocode_ok": true,
        "geocode_provider": "google",
        "geocode_tier": "street",
        "geocode_query": "新北市蘆洲區南港里永平街32巷33弄巷口 (美簾社旁)"
      }
    },
    {
      "type": "Feature",
      "geometry": {
        "type": "Point",
        "coordinates": [
          121.457695,
          25.0904894
        ]
      },
      "properties": {
        "no": "26",
        "county_code": "65000",
        "site_name": "新北市蘆洲區愛心會",
        "tel": "0921-623-775",
        "postal_code": "247",
        "address": "蘆洲區永樂里永樂街38巷57弄口(全聯)",
        "service_type": "回收",
        "item": "舊衣類",
        "resolved_county": "新北市",
        "resolved_district": "蘆洲區",
        "full_address": "新北市蘆洲區永樂里永樂街38巷57弄口(全聯)",
        "address_resolve_note": null,
        "geocode_ok": true,
        "geocode_provider": "google",
        "geocode_tier": "street",
        "geocode_query": "新北市蘆洲區永樂里永樂街38巷57弄口(全聯)"
      }
    },
    {
      "type": "Feature",
      "geometry": {
        "type": "Point",
        "coordinates": [
          121.4576675,
          25.0900438
        ]
      },
      "properties": {
        "no": "27",
        "county_code": "65000",
        "site_name": "新北市蘆洲區愛心會",
        "tel": "0921-623-775",
        "postal_code": "247",
        "address": "蘆洲區永樂里永樂街38巷45弄口",
        "service_type": "回收",
        "item": "舊衣類",
        "resolved_county": "新北市",
        "resolved_district": "蘆洲區",
        "full_address": "新北市蘆洲區永樂里永樂街38巷45弄口",
        "address_resolve_note": null,
        "geocode_ok": true,
        "geocode_provider": "google",
        "geocode_tier": "street",
        "geocode_query": "新北市蘆洲區永樂里永樂街38巷45弄口"
      }
    },
    {
      "type": "Feature",
      "geometry": {
        "type": "Point",
        "coordinates": [
          121.457297,
          25.0892323
        ]
      },
      "properties": {
        "no": "28",
        "county_code": "65000",
        "site_name": "新北市蘆洲區愛心會",
        "tel": "0921-623-775",
        "postal_code": "247",
        "address": "蘆洲區永樂里永樂街38巷19弄口",
        "service_type": "回收",
        "item": "舊衣類",
        "resolved_county": "新北市",
        "resolved_district": "蘆洲區",
        "full_address": "新北市蘆洲區永樂里永樂街38巷19弄口",
        "address_resolve_note": null,
        "geocode_ok": true,
        "geocode_provider": "google",
        "geocode_tier": "street",
        "geocode_query": "新北市蘆洲區永樂里永樂街38巷19弄口"
      }
    },
    {
      "type": "Feature",
      "geometry": {
        "type": "Point",
        "coordinates": [
          121.45795,
          25.0870139
        ]
      },
      "properties": {
        "no": "29",
        "county_code": "65000",
        "site_name": "新北市蘆洲區愛心會",
        "tel": "0921-623-775",
        "postal_code": "247",
        "address": "蘆洲區成功里長安街 274 巷口",
        "service_type": "回收",
        "item": "舊衣類",
        "resolved_county": "新北市",
        "resolved_district": "蘆洲區",
        "full_address": "新北市蘆洲區成功里長安街 274 巷口",
        "address_resolve_note": null,
        "geocode_ok": true,
        "geocode_provider": "google",
        "geocode_tier": "street",
        "geocode_query": "新北市蘆洲區成功里長安街 274 巷口"
      }
    },
    {
      "type": "Feature",
      "geometry": {
        "type": "Point",
        "coordinates": [
          121.457047,
          25.0883863
        ]
      },
      "properties": {
        "no": "30",
        "county_code": "65000",
        "site_name": "新北市蘆洲區愛心會",
        "tel": "0921-623-775",
        "postal_code": "247",
        "address": "蘆洲區成功里永樂街45號旁",
        "service_type": "回收",
        "item": "舊衣類",
        "resolved_county": "新北市",
        "resolved_district": "蘆洲區",
        "full_address": "新北市蘆洲區成功里永樂街45號旁",
        "address_resolve_note": null,
        "geocode_ok": true,
        "geocode_provider": "google",
        "geocode_tier": "street",
        "geocode_query": "新北市蘆洲區成功里永樂街45號旁"
      }
    },
    {
      "type": "Feature",
      "geometry": {
        "type": "Point",
        "coordinates": [
          121.4588498,
          25.0867441
        ]
      },
      "properties": {
        "no": "31",
        "county_code": "65000",
        "site_name": "新北市蘆洲區愛心會",
        "tel": "0921-623-775",
        "postal_code": "247",
        "address": "蘆洲區成功里長安街246巷47號旁",
        "service_type": "回收",
        "item": "舊衣類",
        "resolved_county": "新北市",
        "resolved_district": "蘆洲區",
        "full_address": "新北市蘆洲區成功里長安街246巷47號旁",
        "address_resolve_note": null,
        "geocode_ok": true,
        "geocode_provider": "google",
        "geocode_tier": "street",
        "geocode_query": "新北市蘆洲區成功里長安街246巷47號旁"
      }
    },
    {
      "type": "Feature",
      "geometry": {
        "type": "Point",
        "coordinates": [
          121.457756,
          25.0850972
        ]
      },
      "properties": {
        "no": "32",
        "county_code": "65000",
        "site_name": "新北市蘆洲區愛心會",
        "tel": "0921-623-775",
        "postal_code": "247",
        "address": "蘆洲區永康里永康街27號前",
        "service_type": "回收",
        "item": "舊衣類",
        "resolved_county": "新北市",
        "resolved_district": "蘆洲區",
        "full_address": "新北市蘆洲區永康里永康街27號前",
        "address_resolve_note": null,
        "geocode_ok": true,
        "geocode_provider": "google",
        "geocode_tier": "street",
        "geocode_query": "新北市蘆洲區永康里永康街27號前"
      }
    },
    {
      "type": "Feature",
      "geometry": {
        "type": "Point",
        "coordinates": [
          121.4565611,
          25.0847642
        ]
      },
      "properties": {
        "no": "33",
        "county_code": "65000",
        "site_name": "新北市蘆洲區愛心會",
        "tel": "0921-623-775",
        "postal_code": "247",
        "address": "蘆洲區永康里永康街63巷1弄2號旁",
        "service_type": "回收",
        "item": "舊衣類",
        "resolved_county": "新北市",
        "resolved_district": "蘆洲區",
        "full_address": "新北市蘆洲區永康里永康街63巷1弄2號旁",
        "address_resolve_note": null,
        "geocode_ok": true,
        "geocode_provider": "google",
        "geocode_tier": "street",
        "geocode_query": "新北市蘆洲區永康里永康街63巷1弄2號旁"
      }
    },
    {
      "type": "Feature",
      "geometry": {
        "type": "Point",
        "coordinates": [
          121.4597828,
          25.0851456
        ]
      },
      "properties": {
        "no": "34",
        "county_code": "65000",
        "site_name": "新北市蘆洲區愛心會",
        "tel": "0921-623-775",
        "postal_code": "247",
        "address": "蘆洲區永康里長安街220巷36號旁",
        "service_type": "回收",
        "item": "舊衣類",
        "resolved_county": "新北市",
        "resolved_district": "蘆洲區",
        "full_address": "新北市蘆洲區永康里長安街220巷36號旁",
        "address_resolve_note": null,
        "geocode_ok": true,
        "geocode_provider": "google",
        "geocode_tier": "street",
        "geocode_query": "新北市蘆洲區永康里長安街220巷36號旁"
      }
    },
    {
      "type": "Feature",
      "geometry": {
        "type": "Point",
        "coordinates": [
          121.4692474,
          25.0238908
        ]
      },
      "properties": {
        "no": "35",
        "county_code": "65000",
        "site_name": "社團法人新北市板橋區陽光慈善推廣協會",
        "tel": "0919-573-396",
        "postal_code": "220",
        "address": "板橋區莒光里莒光路16巷34號旁",
        "service_type": "回收",
        "item": "舊衣類",
        "resolved_county": "新北市",
        "resolved_district": "板橋區",
        "full_address": "新北市板橋區莒光里莒光路16巷34號旁",
        "address_resolve_note": null,
        "geocode_ok": true,
        "geocode_provider": "google",
        "geocode_tier": "street",
        "geocode_query": "新北市板橋區莒光里莒光路16巷34號旁"
      }
    },
    {
      "type": "Feature",
      "geometry": {
        "type": "Point",
        "coordinates": [
          121.469539,
          25.0246169
        ]
      },
      "properties": {
        "no": "36",
        "county_code": "65000",
        "site_name": "社團法人新北市板橋區陽光慈善推廣協會",
        "tel": "0919-573-396",
        "postal_code": "220",
        "address": "板橋區莒光里莒光路16巷2號旁",
        "service_type": "回收",
        "item": "舊衣類",
        "resolved_county": "新北市",
        "resolved_district": "板橋區",
        "full_address": "新北市板橋區莒光里莒光路16巷2號旁",
        "address_resolve_note": null,
        "geocode_ok": true,
        "geocode_provider": "google",
        "geocode_tier": "street",
        "geocode_query": "新北市板橋區莒光里莒光路16巷2號旁"
      }
    },
    {
      "type": "Feature",
      "geometry": {
        "type": "Point",
        "coordinates": [
          121.4699245,
          25.025035
        ]
      },
      "properties": {
        "no": "37",
        "county_code": "65000",
        "site_name": "社團法人新北市板橋區陽光慈善推廣協會",
        "tel": "0919-573-396",
        "postal_code": "220",
        "address": "板橋區莒光里莒光路15巷7-1號旁",
        "service_type": "回收",
        "item": "舊衣類",
        "resolved_county": "新北市",
        "resolved_district": "板橋區",
        "full_address": "新北市板橋區莒光里莒光路15巷7-1號旁",
        "address_resolve_note": null,
        "geocode_ok": true,
        "geocode_provider": "google",
        "geocode_tier": "street",
        "geocode_query": "新北市板橋區莒光里莒光路15巷7-1號旁"
      }
    },
    {
      "type": "Feature",
      "geometry": {
        "type": "Point",
        "coordinates": [
          121.4713537,
          25.0254923
        ]
      },
      "properties": {
        "no": "38",
        "county_code": "65000",
        "site_name": "社團法人新北市板橋區陽光慈善推廣協會",
        "tel": "0919-573-396",
        "postal_code": "220",
        "address": "板橋區莒光里文化路2段124巷36號對面",
        "service_type": "回收",
        "item": "舊衣類",
        "resolved_county": "新北市",
        "resolved_district": "板橋區",
        "full_address": "新北市板橋區莒光里文化路2段124巷36號對面",
        "address_resolve_note": null,
        "geocode_ok": true,
        "geocode_provider": "google",
        "geocode_tier": "street",
        "geocode_query": "新北市板橋區莒光里文化路2段124巷36號對面"
      }
    },
    {
      "type": "Feature",
      "geometry": {
        "type": "Point",
        "coordinates": [
          121.4765259,
          25.0233811
        ]
      },
      "properties": {
        "no": "39",
        "county_code": "65000",
        "site_name": "社團法人新北市板橋區陽光慈善推廣協會",
        "tel": "0919-573-396",
        "postal_code": "220",
        "address": "板橋區永安里縣民大道3段121巷口",
        "service_type": "回收",
        "item": "舊衣類",
        "resolved_county": "新北市",
        "resolved_district": "板橋區",
        "full_address": "新北市板橋區永安里縣民大道3段121巷口",
        "address_resolve_note": null,
        "geocode_ok": true,
        "geocode_provider": "google",
        "geocode_tier": "street",
        "geocode_query": "新北市板橋區永安里縣民大道3段121巷口"
      }
    },
    {
      "type": "Feature",
      "geometry": {
        "type": "Point",
        "coordinates": [
          121.4740731,
          25.021063
        ]
      },
      "properties": {
        "no": "40",
        "county_code": "65000",
        "site_name": "社團法人新北市板橋區陽光慈善推廣協會",
        "tel": "0919-573-396",
        "postal_code": "220",
        "address": "板橋區埤墘里縣民大道3段33巷6弄2號",
        "service_type": "回收",
        "item": "舊衣類",
        "resolved_county": "新北市",
        "resolved_district": "板橋區",
        "full_address": "新北市板橋區埤墘里縣民大道3段33巷6弄2號",
        "address_resolve_note": null,
        "geocode_ok": true,
        "geocode_provider": "google",
        "geocode_tier": "street",
        "geocode_query": "新北市板橋區埤墘里縣民大道3段33巷6弄2號"
      }
    },
    {
      "type": "Feature",
      "geometry": {
        "type": "Point",
        "coordinates": [
          121.4751506,
          25.0219575
        ]
      },
      "properties": {
        "no": "41",
        "county_code": "65000",
        "site_name": "社團法人新北市板橋區陽光慈善推廣協會",
        "tel": "0919-573-396",
        "postal_code": "220",
        "address": "板橋區埤墘里縣民大道3段79巷口",
        "service_type": "回收",
        "item": "舊衣類",
        "resolved_county": "新北市",
        "resolved_district": "板橋區",
        "full_address": "新北市板橋區埤墘里縣民大道3段79巷口",
        "address_resolve_note": null,
        "geocode_ok": true,
        "geocode_provider": "google",
        "geocode_tier": "street",
        "geocode_query": "新北市板橋區埤墘里縣民大道3段79巷口"
      }
    },
    {
      "type": "Feature",
      "geometry": {
        "type": "Point",
        "coordinates": [
          121.4726918,
          25.0217496
        ]
      },
      "properties": {
        "no": "42",
        "county_code": "65000",
        "site_name": "社團法人新北市板橋區陽光慈善推廣協會",
        "tel": "0919-573-396",
        "postal_code": "220",
        "address": "板橋區埤墘里莊敬路263巷31號旁",
        "service_type": "回收",
        "item": "舊衣類",
        "resolved_county": "新北市",
        "resolved_district": "板橋區",
        "full_address": "新北市板橋區埤墘里莊敬路263巷31號旁",
        "address_resolve_note": null,
        "geocode_ok": true,
        "geocode_provider": "google",
        "geocode_tier": "street",
        "geocode_query": "新北市板橋區埤墘里莊敬路263巷31號旁"
      }
    },
    {
      "type": "Feature",
      "geometry": {
        "type": "Point",
        "coordinates": [
          121.4737409,
          25.0216037
        ]
      },
      "properties": {
        "no": "43",
        "county_code": "65000",
        "site_name": "社團法人新北市板橋區陽光慈善推廣協會",
        "tel": "0919-573-396",
        "postal_code": "220",
        "address": "板橋區埤墘里莊敬路261號旁",
        "service_type": "回收",
        "item": "舊衣類",
        "resolved_county": "新北市",
        "resolved_district": "板橋區",
        "full_address": "新北市板橋區埤墘里莊敬路261號旁",
        "address_resolve_note": null,
        "geocode_ok": true,
        "geocode_provider": "google",
        "geocode_tier": "street",
        "geocode_query": "新北市板橋區埤墘里莊敬路261號旁"
      }
    },
    {
      "type": "Feature",
      "geometry": {
        "type": "Point",
        "coordinates": [
          121.4743341,
          25.0219337
        ]
      },
      "properties": {
        "no": "44",
        "county_code": "65000",
        "site_name": "社團法人新北市板橋區陽光慈善推廣協會",
        "tel": "0919-573-396",
        "postal_code": "220",
        "address": "板橋區埤墘里莒光路237號對面",
        "service_type": "回收",
        "item": "舊衣類",
        "resolved_county": "新北市",
        "resolved_district": "板橋區",
        "full_address": "新北市板橋區埤墘里莒光路237號對面",
        "address_resolve_note": null,
        "geocode_ok": true,
        "geocode_provider": "google",
        "geocode_tier": "street",
        "geocode_query": "新北市板橋區埤墘里莒光路237號對面"
      }
    },
    {
      "type": "Feature",
      "geometry": {
        "type": "Point",
        "coordinates": [
          121.4740545,
          25.0228893
        ]
      },
      "properties": {
        "no": "45",
        "county_code": "65000",
        "site_name": "社團法人新北市板橋區陽光慈善推廣協會",
        "tel": "0919-573-396",
        "postal_code": "220",
        "address": "板橋區埤墘里莒光路178號",
        "service_type": "回收",
        "item": "舊衣類",
        "resolved_county": "新北市",
        "resolved_district": "板橋區",
        "full_address": "新北市板橋區埤墘里莒光路178號",
        "address_resolve_note": null,
        "geocode_ok": true,
        "geocode_provider": "google",
        "geocode_tier": "street",
        "geocode_query": "新北市板橋區埤墘里莒光路178號"
      }
    },
    {
      "type": "Feature",
      "geometry": {
        "type": "Point",
        "coordinates": [
          121.4768734,
          25.0237904
        ]
      },
      "properties": {
        "no": "46",
        "county_code": "65000",
        "site_name": "新北市殘疾人福利服務協會",
        "tel": "0919-573-396",
        "postal_code": "220",
        "address": "板橋區永安里縣民大道三段127巷25號對面",
        "service_type": "回收",
        "item": "舊衣類",
        "resolved_county": "新北市",
        "resolved_district": "板橋區",
        "full_address": "新北市板橋區永安里縣民大道三段127巷25號對面",
        "address_resolve_note": null,
        "geocode_ok": true,
        "geocode_provider": "google",
        "geocode_tier": "street",
        "geocode_query": "新北市板橋區永安里縣民大道三段127巷25號對面"
      }
    },
    {
      "type": "Feature",
      "geometry": {
        "type": "Point",
        "coordinates": [
          121.42806,
          25.01057
        ]
      },
      "properties": {
        "no": "47",
        "county_code": "65000",
        "site_name": "新北市殘疾人福利服務協會",
        "tel": "0935-936-082",
        "postal_code": "242",
        "address": "新莊區光華里民安西路327巷底與光華街口",
        "service_type": "回收",
        "item": "舊衣類",
        "resolved_county": "新北市",
        "resolved_district": "新莊區",
        "full_address": "新北市新莊區光華里民安西路327巷底與光華街口",
        "address_resolve_note": null,
        "geocode_ok": true,
        "geocode_provider": "google",
        "geocode_tier": "street",
        "geocode_query": "新北市新莊區光華里民安西路327巷底與光華街口"
      }
    },
    {
      "type": "Feature",
      "geometry": {
        "type": "Point",
        "coordinates": [
          121.4258312,
          25.0143967
        ]
      },
      "properties": {
        "no": "48",
        "county_code": "65000",
        "site_name": "新北市殘疾人福利服務協會",
        "tel": "0935-936-082",
        "postal_code": "242",
        "address": "新莊區光華里光華街與民安西路口對面",
        "service_type": "回收",
        "item": "舊衣類",
        "resolved_county": "新北市",
        "resolved_district": "新莊區",
        "full_address": "新北市新莊區光華里光華街與民安西路口對面",
        "address_resolve_note": null,
        "geocode_ok": true,
        "geocode_provider": "google",
        "geocode_tier": "street",
        "geocode_query": "新北市新莊區光華里光華街與民安西路口對面"
      }
    },
    {
      "type": "Feature",
      "geometry": {
        "type": "Point",
        "coordinates": [
          121.456727,
          25.024569
        ]
      },
      "properties": {
        "no": "49",
        "county_code": "65000",
        "site_name": "新北市殘疾人福利服務協會",
        "tel": "0919-573-396",
        "postal_code": "220",
        "address": "板橋區德翠里龍泉街110號前",
        "service_type": "回收",
        "item": "舊衣類",
        "resolved_county": "新北市",
        "resolved_district": "板橋區",
        "full_address": "新北市板橋區德翠里龍泉街110號前",
        "address_resolve_note": null,
        "geocode_ok": true,
        "geocode_provider": "google",
        "geocode_tier": "street",
        "geocode_query": "新北市板橋區德翠里龍泉街110號前"
      }
    },
    {
      "type": "Feature",
      "geometry": {
        "type": "Point",
        "coordinates": [
          121.4124167,
          25.0098869
        ]
      },
      "properties": {
        "no": "50",
        "county_code": "65000",
        "site_name": "新北市殘障福利服務協會",
        "tel": "0982-980-432",
        "postal_code": "238",
        "address": "樹林區猐寮里保安街二段357號(7-11旁)",
        "service_type": "回收",
        "item": "舊衣類",
        "resolved_county": "新北市",
        "resolved_district": "樹林區",
        "full_address": "新北市樹林區猐寮里保安街二段357號(7-11旁)",
        "address_resolve_note": null,
        "geocode_ok": true,
        "geocode_provider": "google",
        "geocode_tier": "street",
        "geocode_query": "新北市樹林區猐寮里保安街二段357號(7-11旁)"
      }
    },
    {
      "type": "Feature",
      "geometry": {
        "type": "Point",
        "coordinates": [
          121.4128578,
          25.0069039
        ]
      },
      "properties": {
        "no": "51",
        "county_code": "65000",
        "site_name": "新北市殘障福利服務協會",
        "tel": "0982-980-432",
        "postal_code": "238",
        "address": "樹林區猐寮里保安街二段337號旁",
        "service_type": "回收",
        "item": "舊衣類",
        "resolved_county": "新北市",
        "resolved_district": "樹林區",
        "full_address": "新北市樹林區猐寮里保安街二段337號旁",
        "address_resolve_note": null,
        "geocode_ok": true,
        "geocode_provider": "google",
        "geocode_tier": "street",
        "geocode_query": "新北市樹林區猐寮里保安街二段337號旁"
      }
    },
    {
      "type": "Feature",
      "geometry": {
        "type": "Point",
        "coordinates": [
          121.4122786,
          25.0067609
        ]
      },
      "properties": {
        "no": "52",
        "county_code": "65000",
        "site_name": "新北市殘障福利服務協會",
        "tel": "0982-980-432",
        "postal_code": "238",
        "address": "樹林區猐寮里保安街二段311號旁",
        "service_type": "回收",
        "item": "舊衣類",
        "resolved_county": "新北市",
        "resolved_district": "樹林區",
        "full_address": "新北市樹林區猐寮里保安街二段311號旁",
        "address_resolve_note": null,
        "geocode_ok": true,
        "geocode_provider": "google",
        "geocode_tier": "street",
        "geocode_query": "新北市樹林區猐寮里保安街二段311號旁"
      }
    },
    {
      "type": "Feature",
      "geometry": {
        "type": "Point",
        "coordinates": [
          121.4128578,
          25.0069039
        ]
      },
      "properties": {
        "no": "53",
        "county_code": "65000",
        "site_name": "新北市殘障福利服務協會",
        "tel": "0982-980-432",
        "postal_code": "238",
        "address": "樹林區猐寮里保安街二段295號萊爾富旁",
        "service_type": "回收",
        "item": "舊衣類",
        "resolved_county": "新北市",
        "resolved_district": "樹林區",
        "full_address": "新北市樹林區猐寮里保安街二段295號萊爾富旁",
        "address_resolve_note": null,
        "geocode_ok": true,
        "geocode_provider": "google",
        "geocode_tier": "street",
        "geocode_query": "新北市樹林區猐寮里保安街二段295號萊爾富旁"
      }
    },
    {
      "type": "Feature",
      "geometry": {
        "type": "Point",
        "coordinates": [
          121.412767,
          25.0040598
        ]
      },
      "properties": {
        "no": "54",
        "county_code": "65000",
        "site_name": "新北市殘障福利服務協會",
        "tel": "0982-980-432",
        "postal_code": "238",
        "address": "樹林區猐寮里光榮街13號旁",
        "service_type": "回收",
        "item": "舊衣類",
        "resolved_county": "新北市",
        "resolved_district": "樹林區",
        "full_address": "新北市樹林區猐寮里光榮街13號旁",
        "address_resolve_note": null,
        "geocode_ok": true,
        "geocode_provider": "google",
        "geocode_tier": "street",
        "geocode_query": "新北市樹林區猐寮里光榮街13號旁"
      }
    },
    {
      "type": "Feature",
      "geometry": {
        "type": "Point",
        "coordinates": [
          121.4197423,
          24.996705
        ]
      },
      "properties": {
        "no": "55",
        "county_code": "65000",
        "site_name": "新北市殘障福利服務協會",
        "tel": "0982-980-432",
        "postal_code": "238",
        "address": "樹林區潭底里保安街一段249號",
        "service_type": "回收",
        "item": "舊衣類",
        "resolved_county": "新北市",
        "resolved_district": "樹林區",
        "full_address": "新北市樹林區潭底里保安街一段249號",
        "address_resolve_note": null,
        "geocode_ok": true,
        "geocode_provider": "google",
        "geocode_tier": "street",
        "geocode_query": "新北市樹林區潭底里保安街一段249號"
      }
    },
    {
      "type": "Feature",
      "geometry": {
        "type": "Point",
        "coordinates": [
          121.415135,
          24.9811147
        ]
      },
      "properties": {
        "no": "56",
        "county_code": "65000",
        "site_name": "新北市殘障福利服務協會",
        "tel": "0982-980-433",
        "postal_code": "238",
        "address": "樹林區東陽里東華街70巷對面",
        "service_type": "回收",
        "item": "舊衣類",
        "resolved_county": "新北市",
        "resolved_district": "樹林區",
        "full_address": "新北市樹林區東陽里東華街70巷對面",
        "address_resolve_note": null,
        "geocode_ok": true,
        "geocode_provider": "google",
        "geocode_tier": "street",
        "geocode_query": "新北市樹林區東陽里東華街70巷對面"
      }
    },
    {
      "type": "Feature",
      "geometry": {
        "type": "Point",
        "coordinates": [
          121.4129032,
          24.9818213
        ]
      },
      "properties": {
        "no": "57",
        "county_code": "65000",
        "site_name": "新北市殘障福利服務協會",
        "tel": "0982-980-432",
        "postal_code": "238",
        "address": "樹林區東陽里東陽街18號旁",
        "service_type": "回收",
        "item": "舊衣類",
        "resolved_county": "新北市",
        "resolved_district": "樹林區",
        "full_address": "新北市樹林區東陽里東陽街18號旁",
        "address_resolve_note": null,
        "geocode_ok": true,
        "geocode_provider": "google",
        "geocode_tier": "street",
        "geocode_query": "新北市樹林區東陽里東陽街18號旁"
      }
    },
    {
      "type": "Feature",
      "geometry": {
        "type": "Point",
        "coordinates": [
          121.416508,
          24.9841677
        ]
      },
      "properties": {
        "no": "58",
        "county_code": "65000",
        "site_name": "新北市殘障福利服務協會",
        "tel": "0982-980-432",
        "postal_code": "238",
        "address": "樹林區東昇里鎮前街345號(對面圍牆)",
        "service_type": "回收",
        "item": "舊衣類",
        "resolved_county": "新北市",
        "resolved_district": "樹林區",
        "full_address": "新北市樹林區東昇里鎮前街345號(對面圍牆)",
        "address_resolve_note": null,
        "geocode_ok": true,
        "geocode_provider": "google",
        "geocode_tier": "street",
        "geocode_query": "新北市樹林區東昇里鎮前街345號(對面圍牆)"
      }
    },
    {
      "type": "Feature",
      "geometry": {
        "type": "Point",
        "coordinates": [
          121.4174281,
          24.9846223
        ]
      },
      "properties": {
        "no": "59",
        "county_code": "65000",
        "site_name": "新北市殘障福利服務協會",
        "tel": "0982-980-432",
        "postal_code": "238",
        "address": "樹林區東昇里鎮前街313號(對面圍牆)",
        "service_type": "回收",
        "item": "舊衣類",
        "resolved_county": "新北市",
        "resolved_district": "樹林區",
        "full_address": "新北市樹林區東昇里鎮前街313號(對面圍牆)",
        "address_resolve_note": null,
        "geocode_ok": true,
        "geocode_provider": "google",
        "geocode_tier": "street",
        "geocode_query": "新北市樹林區東昇里鎮前街313號(對面圍牆)"
      }
    },
    {
      "type": "Feature",
      "geometry": {
        "type": "Point",
        "coordinates": [
          121.422774,
          24.9800898
        ]
      },
      "properties": {
        "no": "60",
        "county_code": "65000",
        "site_name": "新北市殘障福利服務協會",
        "tel": "0982-980-432",
        "postal_code": "238",
        "address": "樹林區彭福里國凱街122巷口",
        "service_type": "回收",
        "item": "舊衣類",
        "resolved_county": "新北市",
        "resolved_district": "樹林區",
        "full_address": "新北市樹林區彭福里國凱街122巷口",
        "address_resolve_note": null,
        "geocode_ok": true,
        "geocode_provider": "google",
        "geocode_tier": "street",
        "geocode_query": "新北市樹林區彭福里國凱街122巷口"
      }
    },
    {
      "type": "Feature",
      "geometry": {
        "type": "Point",
        "coordinates": [
          121.4200757,
          24.9806231
        ]
      },
      "properties": {
        "no": "61",
        "county_code": "65000",
        "site_name": "新北市殘障福利服務協會",
        "tel": "0982-980-432",
        "postal_code": "238",
        "address": "樹林區彭福里樹林區彭福里太平路127巷12弄6號",
        "service_type": "回收",
        "item": "舊衣類",
        "resolved_county": "新北市",
        "resolved_district": "樹林區",
        "full_address": "新北市樹林區彭福里樹林區彭福里太平路127巷12弄6號",
        "address_resolve_note": null,
        "geocode_ok": true,
        "geocode_provider": "google",
        "geocode_tier": "street",
        "geocode_query": "新北市樹林區彭福里樹林區彭福里太平路127巷12弄6號"
      }
    },
    {
      "type": "Feature",
      "geometry": {
        "type": "Point",
        "coordinates": [
          121.4291733,
          24.9880294
        ]
      },
      "properties": {
        "no": "62",
        "county_code": "65000",
        "site_name": "新北市殘障福利服務協會",
        "tel": "0982-980-432",
        "postal_code": "220",
        "address": "板橋區溪北里滿平街與溪崑一街口",
        "service_type": "回收",
        "item": "舊衣類",
        "resolved_county": "新北市",
        "resolved_district": "板橋區",
        "full_address": "新北市板橋區溪北里滿平街與溪崑一街口",
        "address_resolve_note": null,
        "geocode_ok": true,
        "geocode_provider": "google",
        "geocode_tier": "street",
        "geocode_query": "新北市板橋區溪北里滿平街與溪崑一街口"
      }
    },
    {
      "type": "Feature",
      "geometry": {
        "type": "Point",
        "coordinates": [
          121.4301579,
          24.9910094
        ]
      },
      "properties": {
        "no": "63",
        "county_code": "65000",
        "site_name": "新北市殘障福利服務協會",
        "tel": "0982-980-432",
        "postal_code": "220",
        "address": "板橋區溪北里溪崑一街47巷口",
        "service_type": "回收",
        "item": "舊衣類",
        "resolved_county": "新北市",
        "resolved_district": "板橋區",
        "full_address": "新北市板橋區溪北里溪崑一街47巷口",
        "address_resolve_note": null,
        "geocode_ok": true,
        "geocode_provider": "google",
        "geocode_tier": "street",
        "geocode_query": "新北市板橋區溪北里溪崑一街47巷口"
      }
    },
    {
      "type": "Feature",
      "geometry": {
        "type": "Point",
        "coordinates": [
          121.4290795,
          24.993248
        ]
      },
      "properties": {
        "no": "64",
        "county_code": "65000",
        "site_name": "新北市殘障福利服務協會",
        "tel": "0982-980-432",
        "postal_code": "220",
        "address": "板橋區崑崙里沙崙街29號對面",
        "service_type": "回收",
        "item": "舊衣類",
        "resolved_county": "新北市",
        "resolved_district": "板橋區",
        "full_address": "新北市板橋區崑崙里沙崙街29號對面",
        "address_resolve_note": null,
        "geocode_ok": true,
        "geocode_provider": "google",
        "geocode_tier": "street",
        "geocode_query": "新北市板橋區崑崙里沙崙街29號對面"
      }
    },
    {
      "type": "Feature",
      "geometry": {
        "type": "Point",
        "coordinates": [
          121.4437984,
          25.0019439
        ]
      },
      "properties": {
        "no": "65",
        "county_code": "65000",
        "site_name": "新北市殘障福利服務協會",
        "tel": "0982-980-432",
        "postal_code": "220",
        "address": "板橋區聚安里龍興街73巷萊爾富對面圍牆",
        "service_type": "回收",
        "item": "舊衣類",
        "resolved_county": "新北市",
        "resolved_district": "板橋區",
        "full_address": "新北市板橋區聚安里龍興街73巷萊爾富對面圍牆",
        "address_resolve_note": null,
        "geocode_ok": true,
        "geocode_provider": "google",
        "geocode_tier": "street",
        "geocode_query": "新北市板橋區聚安里龍興街73巷萊爾富對面圍牆"
      }
    },
    {
      "type": "Feature",
      "geometry": {
        "type": "Point",
        "coordinates": [
          121.4418975,
          25.0023945
        ]
      },
      "properties": {
        "no": "66",
        "county_code": "65000",
        "site_name": "新北市殘障福利服務協會",
        "tel": "0982-980-432",
        "postal_code": "220",
        "address": "板橋區聚安里大觀路二段174巷138-140號之間",
        "service_type": "回收",
        "item": "舊衣類",
        "resolved_county": "新北市",
        "resolved_district": "板橋區",
        "full_address": "新北市板橋區聚安里大觀路二段174巷138-140號之間",
        "address_resolve_note": null,
        "geocode_ok": true,
        "geocode_provider": "google",
        "geocode_tier": "street",
        "geocode_query": "新北市板橋區聚安里大觀路二段174巷138-140號之間"
      }
    },
    {
      "type": "Feature",
      "geometry": {
        "type": "Point",
        "coordinates": [
          121.4279496,
          24.9848983
        ]
      },
      "properties": {
        "no": "67",
        "county_code": "65000",
        "site_name": "新北市社區工作者協會",
        "tel": "0930-204-987",
        "postal_code": "220",
        "address": "板橋區溪福里金門街336巷7號旁",
        "service_type": "回收",
        "item": "舊衣類",
        "resolved_county": "新北市",
        "resolved_district": "板橋區",
        "full_address": "新北市板橋區溪福里金門街336巷7號旁",
        "address_resolve_note": null,
        "geocode_ok": true,
        "geocode_provider": "google",
        "geocode_tier": "street",
        "geocode_query": "新北市板橋區溪福里金門街336巷7號旁"
      }
    },
    {
      "type": "Feature",
      "geometry": {
        "type": "Point",
        "coordinates": [
          121.4301518,
          24.9864857
        ]
      },
      "properties": {
        "no": "68",
        "county_code": "65000",
        "site_name": "新北市社區工作者協會",
        "tel": "0930-204-987",
        "postal_code": "220",
        "address": "板橋區溪福里金門街299號旁",
        "service_type": "回收",
        "item": "舊衣類",
        "resolved_county": "新北市",
        "resolved_district": "板橋區",
        "full_address": "新北市板橋區溪福里金門街299號旁",
        "address_resolve_note": null,
        "geocode_ok": true,
        "geocode_provider": "google",
        "geocode_tier": "street",
        "geocode_query": "新北市板橋區溪福里金門街299號旁"
      }
    },
    {
      "type": "Feature",
      "geometry": {
        "type": "Point",
        "coordinates": [
          121.4325898,
          24.9899183
        ]
      },
      "properties": {
        "no": "69",
        "county_code": "65000",
        "site_name": "新北市社區工作者協會",
        "tel": "0930-204-987",
        "postal_code": "220",
        "address": "板橋區堂春里金門街215巷口對面",
        "service_type": "回收",
        "item": "舊衣類",
        "resolved_county": "新北市",
        "resolved_district": "板橋區",
        "full_address": "新北市板橋區堂春里金門街215巷口對面",
        "address_resolve_note": null,
        "geocode_ok": true,
        "geocode_provider": "google",
        "geocode_tier": "street",
        "geocode_query": "新北市板橋區堂春里金門街215巷口對面"
      }
    },
    {
      "type": "Feature",
      "geometry": {
        "type": "Point",
        "coordinates": [
          121.4319804,
          24.9889703
        ]
      },
      "properties": {
        "no": "70",
        "county_code": "65000",
        "site_name": "新北市社區工作者協會",
        "tel": "0930-204-987",
        "postal_code": "220",
        "address": "板橋區堂春里金門街251號對面",
        "service_type": "回收",
        "item": "舊衣類",
        "resolved_county": "新北市",
        "resolved_district": "板橋區",
        "full_address": "新北市板橋區堂春里金門街251號對面",
        "address_resolve_note": null,
        "geocode_ok": true,
        "geocode_provider": "google",
        "geocode_tier": "street",
        "geocode_query": "新北市板橋區堂春里金門街251號對面"
      }
    },
    {
      "type": "Feature",
      "geometry": {
        "type": "Point",
        "coordinates": [
          121.4318869,
          24.9882704
        ]
      },
      "properties": {
        "no": "71",
        "county_code": "65000",
        "site_name": "新北市社區工作者協會",
        "tel": "0930-204-987",
        "postal_code": "220",
        "address": "板橋區堂春里金門街253巷2弄口",
        "service_type": "回收",
        "item": "舊衣類",
        "resolved_county": "新北市",
        "resolved_district": "板橋區",
        "full_address": "新北市板橋區堂春里金門街253巷2弄口",
        "address_resolve_note": null,
        "geocode_ok": true,
        "geocode_provider": "google",
        "geocode_tier": "street",
        "geocode_query": "新北市板橋區堂春里金門街253巷2弄口"
      }
    },
    {
      "type": "Feature",
      "geometry": {
        "type": "Point",
        "coordinates": [
          121.4330491,
          24.9879596
        ]
      },
      "properties": {
        "no": "72",
        "county_code": "65000",
        "site_name": "新北市社區工作者協會",
        "tel": "0930-204-987",
        "postal_code": "220",
        "address": "板橋區堂春里金門街253巷10弄8號前",
        "service_type": "回收",
        "item": "舊衣類",
        "resolved_county": "新北市",
        "resolved_district": "板橋區",
        "full_address": "新北市板橋區堂春里金門街253巷10弄8號前",
        "address_resolve_note": null,
        "geocode_ok": true,
        "geocode_provider": "google",
        "geocode_tier": "street",
        "geocode_query": "新北市板橋區堂春里金門街253巷10弄8號前"
      }
    },
    {
      "type": "Feature",
      "geometry": {
        "type": "Point",
        "coordinates": [
          121.4455656,
          24.9995832
        ]
      },
      "properties": {
        "no": "73",
        "county_code": "65000",
        "site_name": "新北市社區工作者協會",
        "tel": "0930-204-987",
        "postal_code": "220",
        "address": "板橋區大安里大觀路二段187巷口",
        "service_type": "回收",
        "item": "舊衣類",
        "resolved_county": "新北市",
        "resolved_district": "板橋區",
        "full_address": "新北市板橋區大安里大觀路二段187巷口",
        "address_resolve_note": null,
        "geocode_ok": true,
        "geocode_provider": "google",
        "geocode_tier": "street",
        "geocode_query": "新北市板橋區大安里大觀路二段187巷口"
      }
    },
    {
      "type": "Feature",
      "geometry": {
        "type": "Point",
        "coordinates": [
          121.4426406,
          24.999162
        ]
      },
      "properties": {
        "no": "74",
        "county_code": "65000",
        "site_name": "新北市社區工作者協會",
        "tel": "0930-204-987",
        "postal_code": "220",
        "address": "板橋區龍安里大觀路二段142之2號旁",
        "service_type": "回收",
        "item": "舊衣類",
        "resolved_county": "新北市",
        "resolved_district": "板橋區",
        "full_address": "新北市板橋區龍安里大觀路二段142之2號旁",
        "address_resolve_note": null,
        "geocode_ok": true,
        "geocode_provider": "google",
        "geocode_tier": "street",
        "geocode_query": "新北市板橋區龍安里大觀路二段142之2號旁"
      }
    },
    {
      "type": "Feature",
      "geometry": {
        "type": "Point",
        "coordinates": [
          121.4619432,
          25.016743
        ]
      },
      "properties": {
        "no": "75",
        "county_code": "65000",
        "site_name": "新北市社區工作者協會",
        "tel": "0930-204-987",
        "postal_code": "220",
        "address": "板橋區漢生里光正街45巷5號旁",
        "service_type": "回收",
        "item": "舊衣類",
        "resolved_county": "新北市",
        "resolved_district": "板橋區",
        "full_address": "新北市板橋區漢生里光正街45巷5號旁",
        "address_resolve_note": null,
        "geocode_ok": true,
        "geocode_provider": "google",
        "geocode_tier": "street",
        "geocode_query": "新北市板橋區漢生里光正街45巷5號旁"
      }
    },
    {
      "type": "Feature",
      "geometry": {
        "type": "Point",
        "coordinates": [
          121.4613035,
          25.0155862
        ]
      },
      "properties": {
        "no": "76",
        "county_code": "65000",
        "site_name": "新北市社區工作者協會",
        "tel": "0930-204-987",
        "postal_code": "220",
        "address": "板橋區漢生里公館街31號斜對面(光正街45巷底)",
        "service_type": "回收",
        "item": "舊衣類",
        "resolved_county": "新北市",
        "resolved_district": "板橋區",
        "full_address": "新北市板橋區漢生里公館街31號斜對面(光正街45巷底)",
        "address_resolve_note": null,
        "geocode_ok": true,
        "geocode_provider": "google",
        "geocode_tier": "street",
        "geocode_query": "新北市板橋區漢生里公館街31號斜對面(光正街45巷底)"
      }
    },
    {
      "type": "Feature",
      "geometry": {
        "type": "Point",
        "coordinates": [
          121.456672,
          25.016906
        ]
      },
      "properties": {
        "no": "77",
        "county_code": "65000",
        "site_name": "新北市社區工作者協會",
        "tel": "0930-204-987",
        "postal_code": "220",
        "address": "板橋區建國里中正路162號轉角電線桿旁(大同3C展售店)",
        "service_type": "回收",
        "item": "舊衣類",
        "resolved_county": "新北市",
        "resolved_district": "板橋區",
        "full_address": "新北市板橋區建國里中正路162號轉角電線桿旁(大同3C展售店)",
        "address_resolve_note": null,
        "geocode_ok": true,
        "geocode_provider": "google",
        "geocode_tier": "street",
        "geocode_query": "新北市板橋區建國里中正路162號轉角電線桿旁(大同3C展售店)"
      }
    },
    {
      "type": "Feature",
      "geometry": {
        "type": "Point",
        "coordinates": [
          121.4453025,
          25.052687
        ]
      },
      "properties": {
        "no": "78",
        "county_code": "65000",
        "site_name": "新北市板橋區親子服務協會",
        "tel": "0930-204-987",
        "postal_code": "242",
        "address": "新莊區中原里中榮街85號對面",
        "service_type": "回收",
        "item": "舊衣類",
        "resolved_county": "新北市",
        "resolved_district": "新莊區",
        "full_address": "新北市新莊區中原里中榮街85號對面",
        "address_resolve_note": null,
        "geocode_ok": true,
        "geocode_provider": "google",
        "geocode_tier": "street",
        "geocode_query": "新北市新莊區中原里中榮街85號對面"
      }
    },
    {
      "type": "Feature",
      "geometry": {
        "type": "Point",
        "coordinates": [
          121.445184,
          25.0480698
        ]
      },
      "properties": {
        "no": "79",
        "county_code": "65000",
        "site_name": "新北市板橋區親子服務協會",
        "tel": "0930-204-987",
        "postal_code": "242",
        "address": "新莊區立廷里中平路184巷10弄1號對面",
        "service_type": "回收",
        "item": "舊衣類",
        "resolved_county": "新北市",
        "resolved_district": "新莊區",
        "full_address": "新北市新莊區立廷里中平路184巷10弄1號對面",
        "address_resolve_note": null,
        "geocode_ok": true,
        "geocode_provider": "google",
        "geocode_tier": "street",
        "geocode_query": "新北市新莊區立廷里中平路184巷10弄1號對面"
      }
    },
    {
      "type": "Feature",
      "geometry": {
        "type": "Point",
        "coordinates": [
          121.4578941,
          25.063645
        ]
      },
      "properties": {
        "no": "80",
        "county_code": "65000",
        "site_name": "新北市板橋區親子服務協會",
        "tel": "0930-204-087",
        "postal_code": "242",
        "address": "新莊區瓊林里瓊林路70號對面",
        "service_type": "回收",
        "item": "舊衣類",
        "resolved_county": "新北市",
        "resolved_district": "新莊區",
        "full_address": "新北市新莊區瓊林里瓊林路70號對面",
        "address_resolve_note": null,
        "geocode_ok": true,
        "geocode_provider": "google",
        "geocode_tier": "street",
        "geocode_query": "新北市新莊區瓊林里瓊林路70號對面"
      }
    },
    {
      "type": "Feature",
      "geometry": {
        "type": "Point",
        "coordinates": [
          121.4286138,
          25.0152442
        ]
      },
      "properties": {
        "no": "81",
        "county_code": "65000",
        "site_name": "新北市板橋區親子服務協會",
        "tel": "0930-204-987",
        "postal_code": "242",
        "address": "新莊區光榮里西盛街311巷8號旁",
        "service_type": "回收",
        "item": "舊衣類",
        "resolved_county": "新北市",
        "resolved_district": "新莊區",
        "full_address": "新北市新莊區光榮里西盛街311巷8號旁",
        "address_resolve_note": null,
        "geocode_ok": true,
        "geocode_provider": "google",
        "geocode_tier": "street",
        "geocode_query": "新北市新莊區光榮里西盛街311巷8號旁"
      }
    },
    {
      "type": "Feature",
      "geometry": {
        "type": "Point",
        "coordinates": [
          121.4262415,
          25.0220679
        ]
      },
      "properties": {
        "no": "82",
        "county_code": "65000",
        "site_name": "新北市板橋區親子服務協會",
        "tel": "0930-204-987",
        "postal_code": "242",
        "address": "新莊區民安里民安路236號旁",
        "service_type": "回收",
        "item": "舊衣類",
        "resolved_county": "新北市",
        "resolved_district": "新莊區",
        "full_address": "新北市新莊區民安里民安路236號旁",
        "address_resolve_note": null,
        "geocode_ok": true,
        "geocode_provider": "google",
        "geocode_tier": "street",
        "geocode_query": "新北市新莊區民安里民安路236號旁"
      }
    },
    {
      "type": "Feature",
      "geometry": {
        "type": "Point",
        "coordinates": [
          121.4270494,
          25.0188825
        ]
      },
      "properties": {
        "no": "83",
        "county_code": "65000",
        "site_name": "新北市板橋區親子服務協會",
        "tel": "0930-204-987",
        "postal_code": "242",
        "address": "新莊區民安里民安西路97號對面",
        "service_type": "回收",
        "item": "舊衣類",
        "resolved_county": "新北市",
        "resolved_district": "新莊區",
        "full_address": "新北市新莊區民安里民安西路97號對面",
        "address_resolve_note": null,
        "geocode_ok": true,
        "geocode_provider": "google",
        "geocode_tier": "street",
        "geocode_query": "新北市新莊區民安里民安西路97號對面"
      }
    },
    {
      "type": "Feature",
      "geometry": {
        "type": "Point",
        "coordinates": [
          121.4259907,
          25.0218739
        ]
      },
      "properties": {
        "no": "84",
        "county_code": "65000",
        "site_name": "新北市板橋區親子服務協會",
        "tel": "0930-204-987",
        "postal_code": "242",
        "address": "新莊區八德里成功街3號對面",
        "service_type": "回收",
        "item": "舊衣類",
        "resolved_county": "新北市",
        "resolved_district": "新莊區",
        "full_address": "新北市新莊區八德里成功街3號對面",
        "address_resolve_note": null,
        "geocode_ok": true,
        "geocode_provider": "google",
        "geocode_tier": "street",
        "geocode_query": "新北市新莊區八德里成功街3號對面"
      }
    },
    {
      "type": "Feature",
      "geometry": {
        "type": "Point",
        "coordinates": [
          121.4247146,
          25.0219229
        ]
      },
      "properties": {
        "no": "85",
        "county_code": "65000",
        "site_name": "新北市板橋區親子服務協會",
        "tel": "0930-204-987",
        "postal_code": "242",
        "address": "新莊區八德里八德街61號前",
        "service_type": "回收",
        "item": "舊衣類",
        "resolved_county": "新北市",
        "resolved_district": "新莊區",
        "full_address": "新北市新莊區八德里八德街61號前",
        "address_resolve_note": null,
        "geocode_ok": true,
        "geocode_provider": "google",
        "geocode_tier": "street",
        "geocode_query": "新北市新莊區八德里八德街61號前"
      }
    },
    {
      "type": "Feature",
      "geometry": {
        "type": "Point",
        "coordinates": [
          121.4286477,
          25.0277368
        ]
      },
      "properties": {
        "no": "86",
        "county_code": "65000",
        "site_name": "新北市板橋區親子服務協會",
        "tel": "0930-204-987",
        "postal_code": "242",
        "address": "新莊區建福里建福路59巷44號後面",
        "service_type": "回收",
        "item": "舊衣類",
        "resolved_county": "新北市",
        "resolved_district": "新莊區",
        "full_address": "新北市新莊區建福里建福路59巷44號後面",
        "address_resolve_note": null,
        "geocode_ok": true,
        "geocode_provider": "google",
        "geocode_tier": "street",
        "geocode_query": "新北市新莊區建福里建福路59巷44號後面"
      }
    },
    {
      "type": "Feature",
      "geometry": {
        "type": "Point",
        "coordinates": [
          121.416787,
          25.028705
        ]
      },
      "properties": {
        "no": "87",
        "county_code": "65000",
        "site_name": "新北市板橋區親子服務協會",
        "tel": "0930-204-987",
        "postal_code": "242",
        "address": "新莊區丹鳳里天祥街43號對面",
        "service_type": "回收",
        "item": "舊衣類",
        "resolved_county": "新北市",
        "resolved_district": "新莊區",
        "full_address": "新北市新莊區丹鳳里天祥街43號對面",
        "address_resolve_note": null,
        "geocode_ok": true,
        "geocode_provider": "google",
        "geocode_tier": "street",
        "geocode_query": "新北市新莊區丹鳳里天祥街43號對面"
      }
    },
    {
      "type": "Feature",
      "geometry": {
        "type": "Point",
        "coordinates": [
          121.544483,
          25.0517636
        ]
      },
      "properties": {
        "no": "206",
        "county_code": "63000",
        "site_name": "Lucky柒",
        "tel": "0913226809",
        "postal_code": "105",
        "address": "南京東路三段253號販賣店B1",
        "service_type": "買賣",
        "item": "3C用品類",
        "resolved_county": "臺北市",
        "resolved_district": "松山區",
        "full_address": "臺北市松山區南京東路三段253號販賣店B1",
        "address_resolve_note": null,
        "geocode_ok": true,
        "geocode_provider": "google",
        "geocode_tier": "street",
        "geocode_query": "臺北市松山區南京東路三段253號販賣店B1"
      }
    },
    {
      "type": "Feature",
      "geometry": {
        "type": "Point",
        "coordinates": [
          121.5660647,
          25.0537168
        ]
      },
      "properties": {
        "no": "207",
        "county_code": "63000",
        "site_name": "福克萊",
        "tel": "0937917146",
        "postal_code": "105",
        "address": "南京東路五段291巷50號",
        "service_type": "買賣",
        "item": "其他類",
        "resolved_county": "臺北市",
        "resolved_district": "松山區",
        "full_address": "臺北市松山區南京東路五段291巷50號",
        "address_resolve_note": null,
        "geocode_ok": true,
        "geocode_provider": "google",
        "geocode_tier": "street",
        "geocode_query": "臺北市松山區南京東路五段291巷50號"
      }
    },
    {
      "type": "Feature",
      "geometry": {
        "type": "Point",
        "coordinates": [
          121.5542781,
          25.0447675
        ]
      },
      "properties": {
        "no": "208",
        "county_code": "63000",
        "site_name": "RONS Select",
        "tel": "0974401227",
        "postal_code": "105",
        "address": "八德路三段106巷118號",
        "service_type": "買賣",
        "item": "舊衣類",
        "resolved_county": "臺北市",
        "resolved_district": "松山區",
        "full_address": "臺北市松山區八德路三段106巷118號",
        "address_resolve_note": null,
        "geocode_ok": true,
        "geocode_provider": "google",
        "geocode_tier": "street",
        "geocode_query": "臺北市松山區八德路三段106巷118號"
      }
    },
    {
      "type": "Feature",
      "geometry": {
        "type": "Point",
        "coordinates": [
          121.5611627,
          25.0609448
        ]
      },
      "properties": {
        "no": "209",
        "county_code": "63000",
        "site_name": "Vintage & Deco",
        "tel": "0916216828",
        "postal_code": "105",
        "address": "富錦街429巷1號",
        "service_type": "買賣",
        "item": "家具類",
        "resolved_county": "臺北市",
        "resolved_district": "松山區",
        "full_address": "臺北市松山區富錦街429巷1號",
        "address_resolve_note": null,
        "geocode_ok": true,
        "geocode_provider": "google",
        "geocode_tier": "street",
        "geocode_query": "臺北市松山區富錦街429巷1號"
      }
    },
    {
      "type": "Feature",
      "geometry": {
        "type": "Point",
        "coordinates": [
          121.2716859,
          24.9837677
        ]
      },
      "properties": {
        "no": "323",
        "county_code": "68000",
        "site_name": "桃園區龍壽里",
        "tel": "03-3798787",
        "postal_code": "330",
        "address": "龍泉六街68號",
        "service_type": "維修,維護",
        "item": "其他類",
        "resolved_county": "桃園市",
        "resolved_district": "桃園區",
        "full_address": "桃園市桃園區龍泉六街68號",
        "address_resolve_note": null,
        "geocode_ok": true,
        "geocode_provider": "google",
        "geocode_tier": "street",
        "geocode_query": "桃園市桃園區龍泉六街68號"
      }
    },
    {
      "type": "Feature",
      "geometry": {
        "type": "Point",
        "coordinates": [
          121.0941917,
          24.9486708
        ]
      },
      "properties": {
        "no": "324",
        "county_code": "68000",
        "site_name": "楊梅區員本里",
        "tel": "0928 212 081",
        "postal_code": "326",
        "address": "民有路二段500巷16號",
        "service_type": "維修,維護",
        "item": "其他類",
        "resolved_county": "桃園市",
        "resolved_district": "楊梅區",
        "full_address": "桃園市楊梅區民有路二段500巷16號",
        "address_resolve_note": null,
        "geocode_ok": true,
        "geocode_provider": "google",
        "geocode_tier": "street",
        "geocode_query": "桃園市楊梅區民有路二段500巷16號"
      }
    },
    {
      "type": "Feature",
      "geometry": {
        "type": "Point",
        "coordinates": [
          121.2784349,
          24.9501786
        ]
      },
      "properties": {
        "no": "325",
        "county_code": "68000",
        "site_name": "八德區廣興里",
        "tel": "0937-973-444",
        "postal_code": "334",
        "address": "溪墘街305號",
        "service_type": "維修,維護",
        "item": "其他類",
        "resolved_county": "桃園市",
        "resolved_district": "八德區",
        "full_address": "桃園市八德區溪墘街305號",
        "address_resolve_note": null,
        "geocode_ok": true,
        "geocode_provider": "google",
        "geocode_tier": "street",
        "geocode_query": "桃園市八德區溪墘街305號"
      }
    },
    {
      "type": "Feature",
      "geometry": {
        "type": "Point",
        "coordinates": [
          121.173809,
          24.9111098
        ]
      },
      "properties": {
        "no": "326",
        "county_code": "68000",
        "site_name": "楊梅區永平里",
        "tel": "936050292",
        "postal_code": "326",
        "address": "中山北路二段288號",
        "service_type": "維修,維護",
        "item": "其他類",
        "resolved_county": "桃園市",
        "resolved_district": "楊梅區",
        "full_address": "桃園市楊梅區中山北路二段288號",
        "address_resolve_note": null,
        "geocode_ok": true,
        "geocode_provider": "google",
        "geocode_tier": "street",
        "geocode_query": "桃園市楊梅區中山北路二段288號"
      }
    },
    {
      "type": "Feature",
      "geometry": {
        "type": "Point",
        "coordinates": [
          121.2197916,
          24.9515059
        ]
      },
      "properties": {
        "no": "327",
        "county_code": "68000",
        "site_name": "平鎮區北安里",
        "tel": "03-4257881",
        "postal_code": "324",
        "address": "德育路79號",
        "service_type": "維修,維護",
        "item": "其他類",
        "resolved_county": "桃園市",
        "resolved_district": "平鎮區",
        "full_address": "桃園市平鎮區德育路79號",
        "address_resolve_note": null,
        "geocode_ok": true,
        "geocode_provider": "google",
        "geocode_tier": "street",
        "geocode_query": "桃園市平鎮區德育路79號"
      }
    },
    {
      "type": "Feature",
      "geometry": {
        "type": "Point",
        "coordinates": [
          121.2729496,
          24.9759528
        ]
      },
      "properties": {
        "no": "328",
        "county_code": "68000",
        "site_name": "八德區高明里",
        "tel": "3702472",
        "postal_code": "334",
        "address": "富城街36號",
        "service_type": "維修,維護",
        "item": "其他類",
        "resolved_county": "桃園市",
        "resolved_district": "八德區",
        "full_address": "桃園市八德區富城街36號",
        "address_resolve_note": null,
        "geocode_ok": true,
        "geocode_provider": "google",
        "geocode_tier": "street",
        "geocode_query": "桃園市八德區富城街36號"
      }
    },
    {
      "type": "Feature",
      "geometry": {
        "type": "Point",
        "coordinates": [
          121.3370244,
          24.9918071
        ]
      },
      "properties": {
        "no": "329",
        "county_code": "68000",
        "site_name": "匯鵬實業有限公司",
        "tel": "0928-213862",
        "postal_code": "333",
        "address": "忠誠街36號",
        "service_type": "維修,維護",
        "item": "3C用品類",
        "resolved_county": "桃園市",
        "resolved_district": "龜山區",
        "full_address": "桃園市龜山區忠誠街36號",
        "address_resolve_note": null,
        "geocode_ok": true,
        "geocode_provider": "google",
        "geocode_tier": "street",
        "geocode_query": "桃園市龜山區忠誠街36號"
      }
    },
    {
      "type": "Feature",
      "geometry": {
        "type": "Point",
        "coordinates": [
          121.2925631,
          25.0166679
        ]
      },
      "properties": {
        "no": "330",
        "county_code": "68000",
        "site_name": "黃麗敏 - 衣服修改業者",
        "tel": "0937-971687",
        "postal_code": "330",
        "address": "永安北路389號",
        "service_type": "維修,維護",
        "item": "生活用品類",
        "resolved_county": "桃園市",
        "resolved_district": "桃園區",
        "full_address": "桃園市桃園區永安北路389號",
        "address_resolve_note": null,
        "geocode_ok": true,
        "geocode_provider": "google",
        "geocode_tier": "street",
        "geocode_query": "桃園市桃園區永安北路389號"
      }
    },
    {
      "type": "Feature",
      "geometry": {
        "type": "Point",
        "coordinates": [
          121.2886343,
          25.0124535
        ]
      },
      "properties": {
        "no": "331",
        "county_code": "68000",
        "site_name": "王志強 - 門窗修理業者",
        "tel": "0936-208682",
        "postal_code": "330",
        "address": "富國路90巷10之11號",
        "service_type": "維修,維護",
        "item": "家具類",
        "resolved_county": "桃園市",
        "resolved_district": "桃園區",
        "full_address": "桃園市桃園區富國路90巷10之11號",
        "address_resolve_note": null,
        "geocode_ok": true,
        "geocode_provider": "google",
        "geocode_tier": "street",
        "geocode_query": "桃園市桃園區富國路90巷10之11號"
      }
    },
    {
      "type": "Feature",
      "geometry": {
        "type": "Point",
        "coordinates": [
          121.2933497,
          25.018269
        ]
      },
      "properties": {
        "no": "332",
        "county_code": "68000",
        "site_name": "數位通訊",
        "tel": "03-2150855",
        "postal_code": "330",
        "address": "中埔一街341號",
        "service_type": "維修,維護",
        "item": "3C用品類",
        "resolved_county": "桃園市",
        "resolved_district": "桃園區",
        "full_address": "桃園市桃園區中埔一街341號",
        "address_resolve_note": null,
        "geocode_ok": true,
        "geocode_provider": "google",
        "geocode_tier": "street",
        "geocode_query": "桃園市桃園區中埔一街341號"
      }
    },
    {
      "type": "Feature",
      "geometry": {
        "type": "Point",
        "coordinates": [
          121.2933191,
          25.0181046
        ]
      },
      "properties": {
        "no": "333",
        "county_code": "68000",
        "site_name": "趙玉清 (衣服修改)",
        "tel": "0934-385326",
        "postal_code": "330",
        "address": "同德十街37號",
        "service_type": "維修,維護",
        "item": "生活用品類",
        "resolved_county": "桃園市",
        "resolved_district": "桃園區",
        "full_address": "桃園市桃園區同德十街37號",
        "address_resolve_note": null,
        "geocode_ok": true,
        "geocode_provider": "google",
        "geocode_tier": "street",
        "geocode_query": "桃園市桃園區同德十街37號"
      }
    },
    {
      "type": "Feature",
      "geometry": {
        "type": "Point",
        "coordinates": [
          121.28573,
          25.015119
        ]
      },
      "properties": {
        "no": "334",
        "county_code": "68000",
        "site_name": "皇佳鋼鋁門窗",
        "tel": "0910-154350",
        "postal_code": "330",
        "address": "富國路400號",
        "service_type": "維修,維護",
        "item": "家具類",
        "resolved_county": "桃園市",
        "resolved_district": "桃園區",
        "full_address": "桃園市桃園區富國路400號",
        "address_resolve_note": null,
        "geocode_ok": true,
        "geocode_provider": "google",
        "geocode_tier": "street",
        "geocode_query": "桃園市桃園區富國路400號"
      }
    },
    {
      "type": "Feature",
      "geometry": {
        "type": "Point",
        "coordinates": [
          121.2916349,
          25.0181677
        ]
      },
      "properties": {
        "no": "335",
        "county_code": "68000",
        "site_name": "聯發機車行",
        "tel": "03-3021562",
        "postal_code": "330",
        "address": "安慶街121號",
        "service_type": "維修,維護",
        "item": "其他類,生活用品類",
        "resolved_county": "桃園市",
        "resolved_district": "桃園區",
        "full_address": "桃園市桃園區安慶街121號",
        "address_resolve_note": null,
        "geocode_ok": true,
        "geocode_provider": "google",
        "geocode_tier": "street",
        "geocode_query": "桃園市桃園區安慶街121號"
      }
    },
    {
      "type": "Feature",
      "geometry": {
        "type": "Point",
        "coordinates": [
          121.2274076,
          24.8709109
        ]
      },
      "properties": {
        "no": "336",
        "county_code": "68000",
        "site_name": "榮吉玻璃行",
        "tel": "0936-833-115",
        "postal_code": "325",
        "address": "中興路483巷40弄19號",
        "service_type": "維修,維護",
        "item": "家具類",
        "resolved_county": "桃園市",
        "resolved_district": "龍潭區",
        "full_address": "桃園市龍潭區中興路483巷40弄19號",
        "address_resolve_note": null,
        "geocode_ok": true,
        "geocode_provider": "google",
        "geocode_tier": "street",
        "geocode_query": "桃園市龍潭區中興路483巷40弄19號"
      }
    },
    {
      "type": "Feature",
      "geometry": {
        "type": "Point",
        "coordinates": [
          121.2329001,
          24.8779923
        ]
      },
      "properties": {
        "no": "337",
        "county_code": "68000",
        "site_name": "藍天燈光音響",
        "tel": "0937-964-219",
        "postal_code": "325",
        "address": "中興路336巷168弄21號",
        "service_type": "維修,維護",
        "item": "3C用品類,其他類",
        "resolved_county": "桃園市",
        "resolved_district": "龍潭區",
        "full_address": "桃園市龍潭區中興路336巷168弄21號",
        "address_resolve_note": null,
        "geocode_ok": true,
        "geocode_provider": "google",
        "geocode_tier": "street",
        "geocode_query": "桃園市龍潭區中興路336巷168弄21號"
      }
    },
    {
      "type": "Feature",
      "geometry": {
        "type": "Point",
        "coordinates": [
          121.2355726,
          24.8743765
        ]
      },
      "properties": {
        "no": "338",
        "county_code": "68000",
        "site_name": "振泰鐘表修理",
        "tel": "0933-965-413",
        "postal_code": "325",
        "address": "中興路221號",
        "service_type": "維修,維護",
        "item": "其他類,生活用品類",
        "resolved_county": "桃園市",
        "resolved_district": "龍潭區",
        "full_address": "桃園市龍潭區中興路221號",
        "address_resolve_note": null,
        "geocode_ok": true,
        "geocode_provider": "google",
        "geocode_tier": "street",
        "geocode_query": "桃園市龍潭區中興路221號"
      }
    },
    {
      "type": "Feature",
      "geometry": {
        "type": "Point",
        "coordinates": [
          121.2127958,
          24.8648493
        ]
      },
      "properties": {
        "no": "339",
        "county_code": "68000",
        "site_name": "鞋店",
        "tel": "0931-153-298",
        "postal_code": "325",
        "address": "龍元路45號",
        "service_type": "維修,維護",
        "item": "其他類,生活用品類",
        "resolved_county": "桃園市",
        "resolved_district": "龍潭區",
        "full_address": "桃園市龍潭區龍元路45號",
        "address_resolve_note": null,
        "geocode_ok": true,
        "geocode_provider": "google",
        "geocode_tier": "street",
        "geocode_query": "桃園市龍潭區龍元路45號"
      }
    },
    {
      "type": "Feature",
      "geometry": {
        "type": "Point",
        "coordinates": [
          121.2347724,
          24.8756266
        ]
      },
      "properties": {
        "no": "340",
        "county_code": "68000",
        "site_name": "龍潭區中興里環保志工",
        "tel": "0916-324-897",
        "postal_code": "325",
        "address": "中興路240巷38號",
        "service_type": "維修,維護",
        "item": "電器類",
        "resolved_county": "桃園市",
        "resolved_district": "龍潭區",
        "full_address": "桃園市龍潭區中興路240巷38號",
        "address_resolve_note": null,
        "geocode_ok": true,
        "geocode_provider": "google",
        "geocode_tier": "street",
        "geocode_query": "桃園市龍潭區中興路240巷38號"
      }
    },
    {
      "type": "Feature",
      "geometry": {
        "type": "Point",
        "coordinates": [
          121.2344736,
          24.8752498
        ]
      },
      "properties": {
        "no": "341",
        "county_code": "68000",
        "site_name": "龍潭區中興里環保志工",
        "tel": "0926-249-720",
        "postal_code": "325",
        "address": "中興路240巷5弄7號",
        "service_type": "維修,維護",
        "item": "其他類",
        "resolved_county": "桃園市",
        "resolved_district": "龍潭區",
        "full_address": "桃園市龍潭區中興路240巷5弄7號",
        "address_resolve_note": null,
        "geocode_ok": true,
        "geocode_provider": "google",
        "geocode_tier": "street",
        "geocode_query": "桃園市龍潭區中興路240巷5弄7號"
      }
    },
    {
      "type": "Feature",
      "geometry": {
        "type": "Point",
        "coordinates": [
          121.231378,
          24.8736833
        ]
      },
      "properties": {
        "no": "342",
        "county_code": "68000",
        "site_name": "龍潭區中興里環保志工",
        "tel": "0921-983-340",
        "postal_code": "325",
        "address": "中興路392巷10弄6號",
        "service_type": "維修,維護",
        "item": "生活用品類",
        "resolved_county": "桃園市",
        "resolved_district": "龍潭區",
        "full_address": "桃園市龍潭區中興路392巷10弄6號",
        "address_resolve_note": null,
        "geocode_ok": true,
        "geocode_provider": "google",
        "geocode_tier": "street",
        "geocode_query": "桃園市龍潭區中興路392巷10弄6號"
      }
    },
    {
      "type": "Feature",
      "geometry": {
        "type": "Point",
        "coordinates": [
          121.2309468,
          24.8746036
        ]
      },
      "properties": {
        "no": "343",
        "county_code": "68000",
        "site_name": "龍潭區中興里環保志工",
        "tel": "0930-814-178",
        "postal_code": "325",
        "address": "中興路392巷42號",
        "service_type": "維修,維護",
        "item": "其他類,生活用品類",
        "resolved_county": "桃園市",
        "resolved_district": "龍潭區",
        "full_address": "桃園市龍潭區中興路392巷42號",
        "address_resolve_note": null,
        "geocode_ok": true,
        "geocode_provider": "google",
        "geocode_tier": "street",
        "geocode_query": "桃園市龍潭區中興路392巷42號"
      }
    },
    {
      "type": "Feature",
      "geometry": {
        "type": "Point",
        "coordinates": [
          121.2319302,
          24.8741314
        ]
      },
      "properties": {
        "no": "344",
        "county_code": "68000",
        "site_name": "棄而不捨修惜站",
        "tel": "0910-116-877",
        "postal_code": "325",
        "address": "中興路392巷28弄1號",
        "service_type": "維修,維護",
        "item": "其他類",
        "resolved_county": "桃園市",
        "resolved_district": "龍潭區",
        "full_address": "桃園市龍潭區中興路392巷28弄1號",
        "address_resolve_note": null,
        "geocode_ok": true,
        "geocode_provider": "google",
        "geocode_tier": "street",
        "geocode_query": "桃園市龍潭區中興路392巷28弄1號"
      }
    },
    {
      "type": "Feature",
      "geometry": {
        "type": "Point",
        "coordinates": [
          121.4604496,
          25.0882189
        ]
      },
      "properties": {
        "no": "345",
        "county_code": "65000",
        "site_name": "手機維修基地",
        "tel": "0908-425-680",
        "postal_code": "247",
        "address": "光榮路18號",
        "service_type": "維修,維護",
        "item": "3C用品類",
        "resolved_county": "新北市",
        "resolved_district": "蘆洲區",
        "full_address": "新北市蘆洲區光榮路18號",
        "address_resolve_note": null,
        "geocode_ok": true,
        "geocode_provider": "google",
        "geocode_tier": "street",
        "geocode_query": "新北市蘆洲區光榮路18號"
      }
    },
    {
      "type": "Feature",
      "geometry": {
        "type": "Point",
        "coordinates": [
          121.4689655,
          25.0787604
        ]
      },
      "properties": {
        "no": "346",
        "county_code": "65000",
        "site_name": "村榮自行車行",
        "tel": "0977-318-628",
        "postal_code": "247",
        "address": "九芎街2號",
        "service_type": "維修,維護",
        "item": "其他類,生活用品類",
        "resolved_county": "新北市",
        "resolved_district": "蘆洲區",
        "full_address": "新北市蘆洲區九芎街2號",
        "address_resolve_note": null,
        "geocode_ok": true,
        "geocode_provider": "google",
        "geocode_tier": "street",
        "geocode_query": "新北市蘆洲區九芎街2號"
      }
    },
    {
      "type": "Feature",
      "geometry": {
        "type": "Point",
        "coordinates": [
          121.4658078,
          25.0797059
        ]
      },
      "properties": {
        "no": "347",
        "county_code": "65000",
        "site_name": "3℃手機配件",
        "tel": "0958-393-039",
        "postal_code": "247",
        "address": "九芎街107號",
        "service_type": "維修,維護",
        "item": "3C用品類",
        "resolved_county": "新北市",
        "resolved_district": "蘆洲區",
        "full_address": "新北市蘆洲區九芎街107號",
        "address_resolve_note": null,
        "geocode_ok": true,
        "geocode_provider": "google",
        "geocode_tier": "street",
        "geocode_query": "新北市蘆洲區九芎街107號"
      }
    },
    {
      "type": "Feature",
      "geometry": {
        "type": "Point",
        "coordinates": [
          121.4646805,
          25.0810217
        ]
      },
      "properties": {
        "no": "348",
        "county_code": "65000",
        "site_name": "又太科技有限公司",
        "tel": "0973-390-837",
        "postal_code": "247",
        "address": "九芎街90巷17號",
        "service_type": "維修,維護",
        "item": "3C用品類",
        "resolved_county": "新北市",
        "resolved_district": "蘆洲區",
        "full_address": "新北市蘆洲區九芎街90巷17號",
        "address_resolve_note": null,
        "geocode_ok": true,
        "geocode_provider": "google",
        "geocode_tier": "street",
        "geocode_query": "新北市蘆洲區九芎街90巷17號"
      }
    },
    {
      "type": "Feature",
      "geometry": {
        "type": "Point",
        "coordinates": [
          121.4512679,
          25.1003715
        ]
      },
      "properties": {
        "no": "349",
        "county_code": "65000",
        "site_name": "展宇電腦",
        "tel": "0981-810-921",
        "postal_code": "248",
        "address": "成泰路三段505號",
        "service_type": "維修,維護",
        "item": "3C用品類",
        "resolved_county": "新北市",
        "resolved_district": "五股區",
        "full_address": "新北市五股區成泰路三段505號",
        "address_resolve_note": null,
        "geocode_ok": true,
        "geocode_provider": "google",
        "geocode_tier": "street",
        "geocode_query": "新北市五股區成泰路三段505號"
      }
    },
    {
      "type": "Feature",
      "geometry": {
        "type": "Point",
        "coordinates": [
          121.5411539,
          24.9970957
        ]
      },
      "properties": {
        "no": "350",
        "county_code": "63000",
        "site_name": "FixTED 維修工作室",
        "tel": "02-2935-0899",
        "postal_code": "116",
        "address": "羅斯福路六段163號",
        "service_type": "維修,維護",
        "item": "3C用品類",
        "resolved_county": "臺北市",
        "resolved_district": "文山區",
        "full_address": "臺北市文山區羅斯福路六段163號",
        "address_resolve_note": null,
        "geocode_ok": true,
        "geocode_provider": "google",
        "geocode_tier": "street",
        "geocode_query": "臺北市文山區羅斯福路六段163號"
      }
    },
    {
      "type": "Feature",
      "geometry": {
        "type": "Point",
        "coordinates": [
          121.5221311,
          24.9945808
        ]
      },
      "properties": {
        "no": "351",
        "county_code": "65000",
        "site_name": "凱利達企業社",
        "tel": "0981-892-245",
        "postal_code": "235",
        "address": "自立路111號",
        "service_type": "維修,維護",
        "item": "電器類",
        "resolved_county": "新北市",
        "resolved_district": "中和區",
        "full_address": "新北市中和區自立路111號",
        "address_resolve_note": null,
        "geocode_ok": true,
        "geocode_provider": "google",
        "geocode_tier": "street",
        "geocode_query": "新北市中和區自立路111號"
      }
    },
    {
      "type": "Feature",
      "geometry": {
        "type": "Point",
        "coordinates": [
          121.4665852,
          25.0247705
        ]
      },
      "properties": {
        "no": "352",
        "county_code": "65000",
        "site_name": "許刷刷手機現場維修",
        "tel": "0915-024-888",
        "postal_code": "220",
        "address": "民生路三段95號",
        "service_type": "維修,維護",
        "item": "3C用品類",
        "resolved_county": "新北市",
        "resolved_district": "板橋區",
        "full_address": "新北市板橋區民生路三段95號",
        "address_resolve_note": null,
        "geocode_ok": true,
        "geocode_provider": "google",
        "geocode_tier": "street",
        "geocode_query": "新北市板橋區民生路三段95號"
      }
    },
    {
      "type": "Feature",
      "geometry": {
        "type": "Point",
        "coordinates": [
          121.4554362,
          25.005974
        ]
      },
      "properties": {
        "no": "353",
        "county_code": "65000",
        "site_name": "FOCUS通訊手機維修",
        "tel": "0966-551-985",
        "postal_code": "220",
        "address": "南雅東路8號",
        "service_type": "維修,維護",
        "item": "3C用品類",
        "resolved_county": "新北市",
        "resolved_district": "板橋區",
        "full_address": "新北市板橋區南雅東路8號",
        "address_resolve_note": null,
        "geocode_ok": true,
        "geocode_provider": "google",
        "geocode_tier": "street",
        "geocode_query": "新北市板橋區南雅東路8號"
      }
    },
    {
      "type": "Feature",
      "geometry": {
        "type": "Point",
        "coordinates": [
          121.4529499,
          25.0092384
        ]
      },
      "properties": {
        "no": "354",
        "county_code": "65000",
        "site_name": "蘋果部落手機現場快速維修",
        "tel": "0938-220-192",
        "postal_code": "220",
        "address": "南雅西路二段9號",
        "service_type": "維修,維護",
        "item": "3C用品類",
        "resolved_county": "新北市",
        "resolved_district": "板橋區",
        "full_address": "新北市板橋區南雅西路二段9號",
        "address_resolve_note": null,
        "geocode_ok": true,
        "geocode_provider": "google",
        "geocode_tier": "street",
        "geocode_query": "新北市板橋區南雅西路二段9號"
      }
    },
    {
      "type": "Feature",
      "geometry": {
        "type": "Point",
        "coordinates": [
          121.4772488,
          25.026609
        ]
      },
      "properties": {
        "no": "355",
        "county_code": "65000",
        "site_name": "修蛋機咧3C維修中心",
        "tel": "02-22500809",
        "postal_code": "220",
        "address": "大同街8巷3號",
        "service_type": "維修,維護",
        "item": "3C用品類",
        "resolved_county": "新北市",
        "resolved_district": "板橋區",
        "full_address": "新北市板橋區大同街8巷3號",
        "address_resolve_note": null,
        "geocode_ok": true,
        "geocode_provider": "google",
        "geocode_tier": "street",
        "geocode_query": "新北市板橋區大同街8巷3號"
      }
    },
    {
      "type": "Feature",
      "geometry": {
        "type": "Point",
        "coordinates": [
          121.4550567,
          25.0064708
        ]
      },
      "properties": {
        "no": "356",
        "county_code": "65000",
        "site_name": "盛裕手機維修",
        "tel": "0987-758-965",
        "postal_code": "220",
        "address": "新興路80號",
        "service_type": "維修,維護",
        "item": "3C用品類",
        "resolved_county": "新北市",
        "resolved_district": "板橋區",
        "full_address": "新北市板橋區新興路80號",
        "address_resolve_note": null,
        "geocode_ok": true,
        "geocode_provider": "google",
        "geocode_tier": "street",
        "geocode_query": "新北市板橋區新興路80號"
      }
    },
    {
      "type": "Feature",
      "geometry": {
        "type": "Point",
        "coordinates": [
          121.4740393,
          25.0151677
        ]
      },
      "properties": {
        "no": "357",
        "county_code": "65000",
        "site_name": "嵿石通訊",
        "tel": "0928-916-490",
        "postal_code": "220",
        "address": "民生路一段66號",
        "service_type": "維修,維護",
        "item": "3C用品類",
        "resolved_county": "新北市",
        "resolved_district": "板橋區",
        "full_address": "新北市板橋區民生路一段66號",
        "address_resolve_note": null,
        "geocode_ok": true,
        "geocode_provider": "google",
        "geocode_tier": "street",
        "geocode_query": "新北市板橋區民生路一段66號"
      }
    },
    {
      "type": "Feature",
      "geometry": {
        "type": "Point",
        "coordinates": [
          121.4627268,
          25.0190882
        ]
      },
      "properties": {
        "no": "358",
        "county_code": "65000",
        "site_name": "修天下3C手機維修-板橋漢西店",
        "tel": "0917-650-312",
        "postal_code": "220",
        "address": "漢生西路77-3號",
        "service_type": "維修,維護",
        "item": "3C用品類",
        "resolved_county": "新北市",
        "resolved_district": "板橋區",
        "full_address": "新北市板橋區漢生西路77-3號",
        "address_resolve_note": null,
        "geocode_ok": true,
        "geocode_provider": "google",
        "geocode_tier": "street",
        "geocode_query": "新北市板橋區漢生西路77-3號"
      }
    },
    {
      "type": "Feature",
      "geometry": {
        "type": "Point",
        "coordinates": [
          121.5022834,
          24.9990575
        ]
      },
      "properties": {
        "no": "359",
        "county_code": "65000",
        "site_name": "手機救星中和南山店",
        "tel": "0972-040-501",
        "postal_code": "235",
        "address": "南山路27號",
        "service_type": "維修,維護",
        "item": "3C用品類",
        "resolved_county": "新北市",
        "resolved_district": "中和區",
        "full_address": "新北市中和區南山路27號",
        "address_resolve_note": null,
        "geocode_ok": true,
        "geocode_provider": "google",
        "geocode_tier": "street",
        "geocode_query": "新北市中和區南山路27號"
      }
    },
    {
      "type": "Feature",
      "geometry": {
        "type": "Point",
        "coordinates": [
          121.5424663,
          24.9743944
        ]
      },
      "properties": {
        "no": "360",
        "county_code": "65000",
        "site_name": "FLASH FIX手機現場專業維修",
        "tel": "0975-337-371",
        "postal_code": "231",
        "address": "北新路二段97巷4號",
        "service_type": "維修,維護",
        "item": "3C用品類",
        "resolved_county": "新北市",
        "resolved_district": "新店區",
        "full_address": "新北市新店區北新路二段97巷4號",
        "address_resolve_note": null,
        "geocode_ok": true,
        "geocode_provider": "google",
        "geocode_tier": "street",
        "geocode_query": "新北市新店區北新路二段97巷4號"
      }
    },
    {
      "type": "Feature",
      "geometry": {
        "type": "Point",
        "coordinates": [
          121.5419132,
          24.974241
        ]
      },
      "properties": {
        "no": "361",
        "county_code": "65000",
        "site_name": "Mix手機現場維修",
        "tel": "0980-486-147",
        "postal_code": "231",
        "address": "北新路二段97巷15號",
        "service_type": "維修,維護",
        "item": "3C用品類",
        "resolved_county": "新北市",
        "resolved_district": "新店區",
        "full_address": "新北市新店區北新路二段97巷15號",
        "address_resolve_note": null,
        "geocode_ok": true,
        "geocode_provider": "google",
        "geocode_tier": "street",
        "geocode_query": "新北市新店區北新路二段97巷15號"
      }
    },
    {
      "type": "Feature",
      "geometry": {
        "type": "Point",
        "coordinates": [
          121.4842663,
          25.0702467
        ]
      },
      "properties": {
        "no": "362",
        "county_code": "65000",
        "site_name": "核心電腦",
        "tel": "0973-399-067",
        "postal_code": "241",
        "address": "忠孝路二段87號",
        "service_type": "維修,維護",
        "item": "3C用品類",
        "resolved_county": "新北市",
        "resolved_district": "三重區",
        "full_address": "新北市三重區忠孝路二段87號",
        "address_resolve_note": null,
        "geocode_ok": true,
        "geocode_provider": "google",
        "geocode_tier": "street",
        "geocode_query": "新北市三重區忠孝路二段87號"
      }
    },
    {
      "type": "Feature",
      "geometry": {
        "type": "Point",
        "coordinates": [
          121.4926,
          25.0072689
        ]
      },
      "properties": {
        "no": "363",
        "county_code": "65000",
        "site_name": "慈濟中大型環保教育站\n(雙和立業環保教育站)",
        "tel": "02-22406226",
        "postal_code": "235",
        "address": "立業路51號",
        "service_type": "維修,維護",
        "item": "電器類",
        "resolved_county": "新北市",
        "resolved_district": "中和區",
        "full_address": "新北市中和區立業路51號",
        "address_resolve_note": null,
        "geocode_ok": true,
        "geocode_provider": "google",
        "geocode_tier": "street",
        "geocode_query": "新北市中和區立業路51號"
      }
    },
    {
      "type": "Feature",
      "geometry": {
        "type": "Point",
        "coordinates": [
          121.453636,
          25.04065
        ]
      },
      "properties": {
        "no": "364",
        "county_code": "65000",
        "site_name": "慈濟中大型環保教育站\n(新莊中港環保教育站)",
        "tel": "02-29917793",
        "postal_code": "242",
        "address": "中港路161巷28號",
        "service_type": "維修,維護",
        "item": "電器類,其他類,生活用品類",
        "resolved_county": "新北市",
        "resolved_district": "新莊區",
        "full_address": "新北市新莊區中港路161巷28號",
        "address_resolve_note": null,
        "geocode_ok": true,
        "geocode_provider": "google",
        "geocode_tier": "street",
        "geocode_query": "新北市新莊區中港路161巷28號"
      }
    },
    {
      "type": "Feature",
      "geometry": {
        "type": "Point",
        "coordinates": [
          121.4771621,
          25.0051428
        ]
      },
      "properties": {
        "no": "365",
        "county_code": "65000",
        "site_name": "慈濟中大型環保教育站\n(雙和環保教育站)",
        "tel": "02-82281628",
        "postal_code": "235",
        "address": "中山路三段41號",
        "service_type": "維修,維護",
        "item": "電器類,其他類,生活用品類",
        "resolved_county": "新北市",
        "resolved_district": "中和區",
        "full_address": "新北市中和區中山路三段41號",
        "address_resolve_note": null,
        "geocode_ok": true,
        "geocode_provider": "google",
        "geocode_tier": "street",
        "geocode_query": "新北市中和區中山路三段41號"
      }
    },
    {
      "type": "Feature",
      "geometry": {
        "type": "Point",
        "coordinates": [
          121.4732938,
          25.0714958
        ]
      },
      "properties": {
        "no": "366",
        "county_code": "65000",
        "site_name": "慈濟中大型環保教育站\n(三重園區環保站)",
        "tel": "02-29810310",
        "postal_code": "241",
        "address": "中正北路472號",
        "service_type": "維修,維護",
        "item": "電器類,其他類,生活用品類",
        "resolved_county": "新北市",
        "resolved_district": "三重區",
        "full_address": "新北市三重區中正北路472號",
        "address_resolve_note": null,
        "geocode_ok": true,
        "geocode_provider": "google",
        "geocode_tier": "street",
        "geocode_query": "新北市三重區中正北路472號"
      }
    },
    {
      "type": "Feature",
      "geometry": {
        "type": "Point",
        "coordinates": [
          121.4603707,
          25.0134629
        ]
      },
      "properties": {
        "no": "367",
        "county_code": "65000",
        "site_name": "點子數位 新北門市",
        "tel": "0925-321-808",
        "postal_code": "220",
        "address": "文化路一段45巷2號",
        "service_type": "維修,維護",
        "item": "3C用品類",
        "resolved_county": "新北市",
        "resolved_district": "板橋區",
        "full_address": "新北市板橋區文化路一段45巷2號",
        "address_resolve_note": null,
        "geocode_ok": true,
        "geocode_provider": "google",
        "geocode_tier": "street",
        "geocode_query": "新北市板橋區文化路一段45巷2號"
      }
    },
    {
      "type": "Feature",
      "geometry": {
        "type": "Point",
        "coordinates": [
          121.5234154,
          24.9808157
        ]
      },
      "properties": {
        "no": "368",
        "county_code": "65000",
        "site_name": "新店區中山里",
        "tel": "（02）2219-9115",
        "postal_code": "231",
        "address": "溪園路361號",
        "service_type": "維修,維護",
        "item": "其他類",
        "resolved_county": "新北市",
        "resolved_district": "新店區",
        "full_address": "新北市新店區溪園路361號",
        "address_resolve_note": null,
        "geocode_ok": true,
        "geocode_provider": "google",
        "geocode_tier": "street",
        "geocode_query": "新北市新店區溪園路361號"
      }
    },
    {
      "type": "Feature",
      "geometry": {
        "type": "Point",
        "coordinates": [
          121.5143546,
          25.0267199
        ]
      },
      "properties": {
        "no": "369",
        "county_code": "63000",
        "site_name": "中正區營雪里",
        "tel": "02-2305-2201",
        "postal_code": "100",
        "address": "福州街59號",
        "service_type": "維修,維護",
        "item": "其他類",
        "resolved_county": "臺北市",
        "resolved_district": "中正區",
        "full_address": "臺北市中正區福州街59號",
        "address_resolve_note": null,
        "geocode_ok": true,
        "geocode_provider": "google",
        "geocode_tier": "street",
        "geocode_query": "臺北市中正區福州街59號"
      }
    },
    {
      "type": "Feature",
      "geometry": {
        "type": "Point",
        "coordinates": [
          121.4553549,
          25.0126707
        ]
      },
      "properties": {
        "no": "370",
        "county_code": "65000",
        "site_name": "板橋區自強里",
        "tel": "02-2967-6168",
        "postal_code": "220",
        "address": "中正路25巷3號",
        "service_type": "維修,維護",
        "item": "其他類",
        "resolved_county": "新北市",
        "resolved_district": "板橋區",
        "full_address": "新北市板橋區中正路25巷3號",
        "address_resolve_note": null,
        "geocode_ok": true,
        "geocode_provider": "google",
        "geocode_tier": "street",
        "geocode_query": "新北市板橋區中正路25巷3號"
      }
    },
    {
      "type": "Feature",
      "geometry": {
        "type": "Point",
        "coordinates": [
          121.4522269,
          24.9853747
        ]
      },
      "properties": {
        "no": "371",
        "county_code": "65000",
        "site_name": "土城區廣興里",
        "tel": "0922-974-127",
        "postal_code": "236",
        "address": "學府路1段20之1號",
        "service_type": "維修,維護",
        "item": "其他類",
        "resolved_county": "新北市",
        "resolved_district": "土城區",
        "full_address": "新北市土城區學府路1段20之1號",
        "address_resolve_note": null,
        "geocode_ok": true,
        "geocode_provider": "google",
        "geocode_tier": "street",
        "geocode_query": "新北市土城區學府路1段20之1號"
      }
    },
    {
      "type": "Feature",
      "geometry": {
        "type": "Point",
        "coordinates": [
          121.2154498,
          24.9558123
        ]
      },
      "properties": {
        "no": "479",
        "county_code": "68000",
        "site_name": "時邁有限公司",
        "tel": "937170357",
        "postal_code": "320",
        "address": "中正路389號",
        "service_type": "維修,維護",
        "item": "3C用品類",
        "resolved_county": "桃園市",
        "resolved_district": "中壢區",
        "full_address": "桃園市中壢區中正路389號",
        "address_resolve_note": null,
        "geocode_ok": true,
        "geocode_provider": "google",
        "geocode_tier": "street",
        "geocode_query": "桃園市中壢區中正路389號"
      }
    },
    {
      "type": "Feature",
      "geometry": {
        "type": "Point",
        "coordinates": [
          121.2154498,
          24.9558123
        ]
      },
      "properties": {
        "no": "480",
        "county_code": "68000",
        "site_name": "德米資料救援",
        "tel": "978696009",
        "postal_code": "320",
        "address": "中正路389號",
        "service_type": "維修,維護",
        "item": "3C用品類",
        "resolved_county": "桃園市",
        "resolved_district": "中壢區",
        "full_address": "桃園市中壢區中正路389號",
        "address_resolve_note": null,
        "geocode_ok": true,
        "geocode_provider": "google",
        "geocode_tier": "street",
        "geocode_query": "桃園市中壢區中正路389號"
      }
    },
    {
      "type": "Feature",
      "geometry": {
        "type": "Point",
        "coordinates": [
          121.2161632,
          24.9553696
        ]
      },
      "properties": {
        "no": "481",
        "county_code": "68000",
        "site_name": "J-mos手機平板專業維修",
        "tel": "926735763",
        "postal_code": "320",
        "address": "中正路367號",
        "service_type": "維修,維護",
        "item": "3C用品類",
        "resolved_county": "桃園市",
        "resolved_district": "中壢區",
        "full_address": "桃園市中壢區中正路367號",
        "address_resolve_note": null,
        "geocode_ok": true,
        "geocode_provider": "google",
        "geocode_tier": "street",
        "geocode_query": "桃園市中壢區中正路367號"
      }
    },
    {
      "type": "Feature",
      "geometry": {
        "type": "Point",
        "coordinates": [
          121.2159839,
          24.9549971
        ]
      },
      "properties": {
        "no": "482",
        "county_code": "68000",
        "site_name": "得翼科技",
        "tel": "930268736",
        "postal_code": "320",
        "address": "長安街75號",
        "service_type": "維修,維護",
        "item": "3C用品類",
        "resolved_county": "桃園市",
        "resolved_district": "中壢區",
        "full_address": "桃園市中壢區長安街75號",
        "address_resolve_note": null,
        "geocode_ok": true,
        "geocode_provider": "google",
        "geocode_tier": "street",
        "geocode_query": "桃園市中壢區長安街75號"
      }
    },
    {
      "type": "Feature",
      "geometry": {
        "type": "Point",
        "coordinates": [
          121.2154633,
          24.9548182
        ]
      },
      "properties": {
        "no": "483",
        "county_code": "68000",
        "site_name": "艾莎科技有限公司",
        "tel": "939040517",
        "postal_code": "320",
        "address": "明德南路18號",
        "service_type": "維修,維護",
        "item": "3C用品類",
        "resolved_county": "桃園市",
        "resolved_district": "中壢區",
        "full_address": "桃園市中壢區明德南路18號",
        "address_resolve_note": null,
        "geocode_ok": true,
        "geocode_provider": "google",
        "geocode_tier": "street",
        "geocode_query": "桃園市中壢區明德南路18號"
      }
    },
    {
      "type": "Feature",
      "geometry": {
        "type": "Point",
        "coordinates": [
          121.2174408,
          24.955512
        ]
      },
      "properties": {
        "no": "484",
        "county_code": "68000",
        "site_name": "容竟國際科技(股)公司",
        "tel": "0913-818350",
        "postal_code": "320",
        "address": "中正路328號",
        "service_type": "維修,維護",
        "item": "3C用品類",
        "resolved_county": "桃園市",
        "resolved_district": "中壢區",
        "full_address": "桃園市中壢區中正路328號",
        "address_resolve_note": null,
        "geocode_ok": true,
        "geocode_provider": "google",
        "geocode_tier": "street",
        "geocode_query": "桃園市中壢區中正路328號"
      }
    },
    {
      "type": "Feature",
      "geometry": {
        "type": "Point",
        "coordinates": [
          121.2153343,
          24.9554192
        ]
      },
      "properties": {
        "no": "485",
        "county_code": "68000",
        "site_name": "宏順資訊有限公司",
        "tel": "03-4945926",
        "postal_code": "320",
        "address": "中正路389號130室",
        "service_type": "維修,維護",
        "item": "3C用品類",
        "resolved_county": "桃園市",
        "resolved_district": "中壢區",
        "full_address": "桃園市中壢區中正路389號130室",
        "address_resolve_note": null,
        "geocode_ok": true,
        "geocode_provider": "google",
        "geocode_tier": "street",
        "geocode_query": "桃園市中壢區中正路389號130室"
      }
    },
    {
      "type": "Feature",
      "geometry": {
        "type": "Point",
        "coordinates": [
          121.2154498,
          24.9558123
        ]
      },
      "properties": {
        "no": "486",
        "county_code": "68000",
        "site_name": "仟采資訊有限公司",
        "tel": "0931-112070",
        "postal_code": "320",
        "address": "中正路389號126室",
        "service_type": "維修,維護",
        "item": "3C用品類",
        "resolved_county": "桃園市",
        "resolved_district": "中壢區",
        "full_address": "桃園市中壢區中正路389號126室",
        "address_resolve_note": null,
        "geocode_ok": true,
        "geocode_provider": "google",
        "geocode_tier": "street",
        "geocode_query": "桃園市中壢區中正路389號126室"
      }
    },
    {
      "type": "Feature",
      "geometry": {
        "type": "Point",
        "coordinates": [
          121.2029205,
          24.9060233
        ]
      },
      "properties": {
        "no": "487",
        "county_code": "68000",
        "site_name": "G+ 3C Outlet_桃園平鎮店",
        "tel": "03-439-3025",
        "postal_code": "324",
        "address": "工業一路18號",
        "service_type": "維修,維護",
        "item": "3C用品類",
        "resolved_county": "桃園市",
        "resolved_district": "平鎮區",
        "full_address": "桃園市平鎮區工業一路18號",
        "address_resolve_note": null,
        "geocode_ok": true,
        "geocode_provider": "google",
        "geocode_tier": "street",
        "geocode_query": "桃園市平鎮區工業一路18號"
      }
    },
    {
      "type": "Feature",
      "geometry": {
        "type": "Point",
        "coordinates": [
          121.2987533,
          24.9650432
        ]
      },
      "properties": {
        "no": "488",
        "county_code": "68000",
        "site_name": "迪卡儂 桃園八德店",
        "tel": "03-3612686",
        "postal_code": "334",
        "address": "介壽路一段728號",
        "service_type": "維修,維護",
        "item": "其他類,生活用品類",
        "resolved_county": "桃園市",
        "resolved_district": "八德區",
        "full_address": "桃園市八德區介壽路一段728號",
        "address_resolve_note": null,
        "geocode_ok": true,
        "geocode_provider": "google",
        "geocode_tier": "street",
        "geocode_query": "桃園市八德區介壽路一段728號"
      }
    },
    {
      "type": "Feature",
      "geometry": {
        "type": "Point",
        "coordinates": [
          121.2535158,
          24.9731158
        ]
      },
      "properties": {
        "no": "489",
        "county_code": "68000",
        "site_name": "迪卡儂 桃園中壢店",
        "tel": "03-4511292",
        "postal_code": "320",
        "address": "中華路一段450號",
        "service_type": "維修,維護",
        "item": "其他類,生活用品類",
        "resolved_county": "桃園市",
        "resolved_district": "中壢區",
        "full_address": "桃園市中壢區中華路一段450號",
        "address_resolve_note": null,
        "geocode_ok": true,
        "geocode_provider": "google",
        "geocode_tier": "street",
        "geocode_query": "桃園市中壢區中華路一段450號"
      }
    },
    {
      "type": "Feature",
      "geometry": {
        "type": "Point",
        "coordinates": [
          121.4914071,
          25.0799392
        ]
      },
      "properties": {
        "no": "628",
        "county_code": "65000",
        "site_name": "蚤寶大王二店",
        "tel": "(02)29895480",
        "postal_code": "241",
        "address": "新北市三重區自強路4段106號",
        "service_type": "買賣",
        "item": "生活用品類",
        "resolved_county": "新北市",
        "resolved_district": "三重區",
        "full_address": "新北市三重區自強路4段106號",
        "address_resolve_note": null,
        "geocode_ok": true,
        "geocode_provider": "google",
        "geocode_tier": "street",
        "geocode_query": "新北市三重區自強路4段106號"
      }
    },
    {
      "type": "Feature",
      "geometry": {
        "type": "Point",
        "coordinates": [
          121.4896318,
          25.0816843
        ]
      },
      "properties": {
        "no": "629",
        "county_code": "65000",
        "site_name": "仁愛蚤寶王國",
        "tel": "(02)89826768",
        "postal_code": "241",
        "address": "新北市三重區仁愛街428號",
        "service_type": "買賣",
        "item": "生活用品類",
        "resolved_county": "新北市",
        "resolved_district": "三重區",
        "full_address": "新北市三重區仁愛街428號",
        "address_resolve_note": null,
        "geocode_ok": true,
        "geocode_provider": "google",
        "geocode_tier": "street",
        "geocode_query": "新北市三重區仁愛街428號"
      }
    },
    {
      "type": "Feature",
      "geometry": {
        "type": "Point",
        "coordinates": [
          121.7381902,
          25.0963273
        ]
      },
      "properties": {
        "no": "640",
        "county_code": "10017",
        "site_name": "七礙-42",
        "tel": "02-24557222",
        "postal_code": "205",
        "address": "東勢街26巷106號對面電桿旁",
        "service_type": "回收",
        "item": "舊衣類",
        "resolved_county": "基隆市",
        "resolved_district": "暖暖區",
        "full_address": "基隆市暖暖區東勢街26巷106號對面電桿旁",
        "address_resolve_note": null,
        "geocode_ok": true,
        "geocode_provider": "google",
        "geocode_tier": "street",
        "geocode_query": "基隆市暖暖區東勢街26巷106號對面電桿旁"
      }
    },
    {
      "type": "Feature",
      "geometry": {
        "type": "Point",
        "coordinates": [
          121.7388409,
          25.0950457
        ]
      },
      "properties": {
        "no": "641",
        "county_code": "10017",
        "site_name": "七礙-40",
        "tel": "02-24557222",
        "postal_code": "205",
        "address": "東勢街6-59號瑞光商店旁電桿",
        "service_type": "回收",
        "item": "舊衣類",
        "resolved_county": "基隆市",
        "resolved_district": "暖暖區",
        "full_address": "基隆市暖暖區東勢街6-59號瑞光商店旁電桿",
        "address_resolve_note": null,
        "geocode_ok": true,
        "geocode_provider": "google",
        "geocode_tier": "street",
        "geocode_query": "基隆市暖暖區東勢街6-59號瑞光商店旁電桿"
      }
    },
    {
      "type": "Feature",
      "geometry": {
        "type": "Point",
        "coordinates": [
          121.4608204,
          25.0088579
        ]
      },
      "properties": {
        "no": "652",
        "county_code": "65000",
        "site_name": "2ndstreet誠品生活板橋店",
        "tel": "(02)29598899",
        "postal_code": "220",
        "address": "新北市板橋區中山路一段46號",
        "service_type": "買賣",
        "item": "生活用品類",
        "resolved_county": "新北市",
        "resolved_district": "板橋區",
        "full_address": "新北市板橋區中山路一段46號",
        "address_resolve_note": null,
        "geocode_ok": true,
        "geocode_provider": "google",
        "geocode_tier": "street",
        "geocode_query": "新北市板橋區中山路一段46號"
      }
    },
    {
      "type": "Feature",
      "geometry": {
        "type": "Point",
        "coordinates": [
          121.4749878,
          25.0061409
        ]
      },
      "properties": {
        "no": "653",
        "county_code": "65000",
        "site_name": "2ndstreet環球新北中和店",
        "tel": "(02)77317999",
        "postal_code": "235",
        "address": "新北市中和區中山路三段122號",
        "service_type": "買賣",
        "item": "生活用品類",
        "resolved_county": "新北市",
        "resolved_district": "中和區",
        "full_address": "新北市中和區中山路三段122號",
        "address_resolve_note": null,
        "geocode_ok": true,
        "geocode_provider": "google",
        "geocode_tier": "street",
        "geocode_query": "新北市中和區中山路三段122號"
      }
    },
    {
      "type": "Feature",
      "geometry": {
        "type": "Point",
        "coordinates": [
          121.546478,
          24.978061
        ]
      },
      "properties": {
        "no": "654",
        "county_code": "65000",
        "site_name": "2ndstreet誠品生活新店店",
        "tel": "(02)29100667",
        "postal_code": "231",
        "address": "新北市新店區中興路三段70號",
        "service_type": "買賣",
        "item": "生活用品類",
        "resolved_county": "新北市",
        "resolved_district": "新店區",
        "full_address": "新北市新店區中興路三段70號",
        "address_resolve_note": null,
        "geocode_ok": true,
        "geocode_provider": "google",
        "geocode_tier": "street",
        "geocode_query": "新北市新店區中興路三段70號"
      }
    },
    {
      "type": "Feature",
      "geometry": {
        "type": "Point",
        "coordinates": [
          121.4495726,
          25.0596782
        ]
      },
      "properties": {
        "no": "655",
        "county_code": "65000",
        "site_name": "2ndstreet新莊宏匯廣場店",
        "tel": "(02)85128366",
        "postal_code": "242",
        "address": "新北市新莊區新北大道四段3號",
        "service_type": "買賣",
        "item": "生活用品類",
        "resolved_county": "新北市",
        "resolved_district": "新莊區",
        "full_address": "新北市新莊區新北大道四段3號",
        "address_resolve_note": null,
        "geocode_ok": true,
        "geocode_provider": "google",
        "geocode_tier": "street",
        "geocode_query": "新北市新莊區新北大道四段3號"
      }
    },
    {
      "type": "Feature",
      "geometry": {
        "type": "Point",
        "coordinates": [
          121.4805085,
          25.0805505
        ]
      },
      "properties": {
        "no": "656",
        "county_code": "65000",
        "site_name": "2ndstreet徐匯廣場店",
        "tel": "(02)77171688",
        "postal_code": "247",
        "address": "新北市蘆洲區中山一路8號",
        "service_type": "買賣",
        "item": "生活用品類",
        "resolved_county": "新北市",
        "resolved_district": "蘆洲區",
        "full_address": "新北市蘆洲區中山一路8號",
        "address_resolve_note": null,
        "geocode_ok": true,
        "geocode_provider": "google",
        "geocode_tier": "street",
        "geocode_query": "新北市蘆洲區中山一路8號"
      }
    },
    {
      "type": "Feature",
      "geometry": {
        "type": "Point",
        "coordinates": [
          121.4637836,
          25.0144937
        ]
      },
      "properties": {
        "no": "657",
        "county_code": "65000",
        "site_name": "2ndstreet環球板橋車站店",
        "tel": "(02)25155668",
        "postal_code": "220",
        "address": "新北市板橋區縣民大道二段7號",
        "service_type": "買賣",
        "item": "生活用品類",
        "resolved_county": "新北市",
        "resolved_district": "板橋區",
        "full_address": "新北市板橋區縣民大道二段7號",
        "address_resolve_note": null,
        "geocode_ok": true,
        "geocode_provider": "google",
        "geocode_tier": "street",
        "geocode_query": "新北市板橋區縣民大道二段7號"
      }
    },
    {
      "type": "Feature",
      "geometry": {
        "type": "Point",
        "coordinates": [
          121.6490496,
          25.0621773
        ]
      },
      "properties": {
        "no": "658",
        "county_code": "65000",
        "site_name": "2ndstreet汐止遠雄店",
        "tel": "(02)26973888",
        "postal_code": "221",
        "address": "新北市汐止區新台五路一段93-99號",
        "service_type": "買賣",
        "item": "生活用品類",
        "resolved_county": "新北市",
        "resolved_district": "汐止區",
        "full_address": "新北市汐止區新台五路一段93-99號",
        "address_resolve_note": null,
        "geocode_ok": true,
        "geocode_provider": "google",
        "geocode_tier": "street",
        "geocode_query": "新北市汐止區新台五路一段93-99號"
      }
    },
    {
      "type": "Feature",
      "geometry": {
        "type": "Point",
        "coordinates": [
          121.5784063,
          25.0835337
        ]
      },
      "properties": {
        "no": "676",
        "county_code": "63000",
        "site_name": "銘遠商行",
        "tel": "(02)2797-6128",
        "postal_code": "114",
        "address": "港墘路7號1樓",
        "service_type": "買賣",
        "item": "3C用品類,家具類,電器類",
        "resolved_county": "臺北市",
        "resolved_district": "內湖區",
        "full_address": "臺北市內湖區港墘路7號1樓",
        "address_resolve_note": null,
        "geocode_ok": true,
        "geocode_provider": "google",
        "geocode_tier": "street",
        "geocode_query": "臺北市內湖區港墘路7號1樓"
      }
    },
    {
      "type": "Feature",
      "geometry": {
        "type": "Point",
        "coordinates": [
          121.5623243,
          25.0850688
        ]
      },
      "properties": {
        "no": "677",
        "county_code": "63000",
        "site_name": "crosstyle北歐傢俱家飾專門店",
        "tel": "(02)2627-4248",
        "postal_code": "114",
        "address": "內湖路一段91巷24弄2樓",
        "service_type": "買賣,維修",
        "item": "家具類",
        "resolved_county": "臺北市",
        "resolved_district": "內湖區",
        "full_address": "臺北市內湖區內湖路一段91巷24弄2樓",
        "address_resolve_note": null,
        "geocode_ok": true,
        "geocode_provider": "google",
        "geocode_tier": "street",
        "geocode_query": "臺北市內湖區內湖路一段91巷24弄2樓"
      }
    },
    {
      "type": "Feature",
      "geometry": {
        "type": "Point",
        "coordinates": [
          121.6085371,
          25.054556
        ]
      },
      "properties": {
        "no": "678",
        "county_code": "63000",
        "site_name": "劃時代電玩漫畫",
        "tel": "(02)2651-2596",
        "postal_code": "115",
        "address": "南港路一段281號",
        "service_type": "買賣,維修",
        "item": "玩具類,書籍類,3C用品類",
        "resolved_county": "臺北市",
        "resolved_district": "南港區",
        "full_address": "臺北市南港區南港路一段281號",
        "address_resolve_note": null,
        "geocode_ok": true,
        "geocode_provider": "google",
        "geocode_tier": "street",
        "geocode_query": "臺北市南港區南港路一段281號"
      }
    },
    {
      "type": "Feature",
      "geometry": {
        "type": "Point",
        "coordinates": [
          121.5988884,
          25.0536674
        ]
      },
      "properties": {
        "no": "679",
        "county_code": "63000",
        "site_name": "MISS名牌二手衣包收購",
        "tel": "0979-365-000",
        "postal_code": "115",
        "address": "南港路二段B2 (倉庫20巷5號",
        "service_type": "買賣",
        "item": "舊衣類,生活用品類",
        "resolved_county": "臺北市",
        "resolved_district": "南港區",
        "full_address": "臺北市南港區南港路二段B2 (倉庫20巷5號",
        "address_resolve_note": null,
        "geocode_ok": true,
        "geocode_provider": "google",
        "geocode_tier": "street",
        "geocode_query": "臺北市南港區南港路二段B2 (倉庫20巷5號"
      }
    },
    {
      "type": "Feature",
      "geometry": {
        "type": "Point",
        "coordinates": [
          121.5920982,
          25.0503774
        ]
      },
      "properties": {
        "no": "680",
        "county_code": "63000",
        "site_name": "再生網域有限公司",
        "tel": "080-077-1770",
        "postal_code": "115",
        "address": "忠孝東路六段327號",
        "service_type": "買賣,回收",
        "item": "家具類",
        "resolved_county": "臺北市",
        "resolved_district": "南港區",
        "full_address": "臺北市南港區忠孝東路六段327號",
        "address_resolve_note": null,
        "geocode_ok": true,
        "geocode_provider": "google",
        "geocode_tier": "street",
        "geocode_query": "臺北市南港區忠孝東路六段327號"
      }
    },
    {
      "type": "Feature",
      "geometry": {
        "type": "Point",
        "coordinates": [
          121.6140835,
          25.0346535
        ]
      },
      "properties": {
        "no": "681",
        "county_code": "63000",
        "site_name": "佳音中古電器",
        "tel": "(02)2785-7221",
        "postal_code": "115",
        "address": "研究院路三段76號",
        "service_type": "買賣,維修",
        "item": "3C用品類,家具類,電器類",
        "resolved_county": "臺北市",
        "resolved_district": "南港區",
        "full_address": "臺北市南港區研究院路三段76號",
        "address_resolve_note": null,
        "geocode_ok": true,
        "geocode_provider": "google",
        "geocode_tier": "street",
        "geocode_query": "臺北市南港區研究院路三段76號"
      }
    },
    {
      "type": "Feature",
      "geometry": {
        "type": "Point",
        "coordinates": [
          121.613958,
          25.0464831
        ]
      },
      "properties": {
        "no": "682",
        "county_code": "63000",
        "site_name": "書燈二手書店",
        "tel": "0970-529-000",
        "postal_code": "115",
        "address": "研究院路二段12巷58弄17號",
        "service_type": "捐送,買賣,回收",
        "item": "書籍類",
        "resolved_county": "臺北市",
        "resolved_district": "南港區",
        "full_address": "臺北市南港區研究院路二段12巷58弄17號",
        "address_resolve_note": null,
        "geocode_ok": true,
        "geocode_provider": "google",
        "geocode_tier": "street",
        "geocode_query": "臺北市南港區研究院路二段12巷58弄17號"
      }
    },
    {
      "type": "Feature",
      "geometry": {
        "type": "Point",
        "coordinates": [
          121.53983,
          25.00144
        ]
      },
      "properties": {
        "no": "683",
        "county_code": "63000",
        "site_name": "林相攝影",
        "tel": "(02)2930-3697",
        "postal_code": "116",
        "address": "羅斯福路六段5號萬隆捷運站2號出口",
        "service_type": "買賣,維修",
        "item": "3C用品類",
        "resolved_county": "臺北市",
        "resolved_district": "文山區",
        "full_address": "臺北市文山區羅斯福路六段5號萬隆捷運站2號出口",
        "address_resolve_note": null,
        "geocode_ok": true,
        "geocode_provider": "google",
        "geocode_tier": "street",
        "geocode_query": "臺北市文山區羅斯福路六段5號萬隆捷運站2號出口"
      }
    },
    {
      "type": "Feature",
      "geometry": {
        "type": "Point",
        "coordinates": [
          121.538567,
          24.997436
        ]
      },
      "properties": {
        "no": "684",
        "county_code": "63000",
        "site_name": "竹風書苑二手書店 財政店",
        "tel": "0906-177-090",
        "postal_code": "116",
        "address": "羅斯福路六段142巷84號",
        "service_type": "捐送,買賣",
        "item": "書籍類",
        "resolved_county": "臺北市",
        "resolved_district": "文山區",
        "full_address": "臺北市文山區羅斯福路六段142巷84號",
        "address_resolve_note": null,
        "geocode_ok": true,
        "geocode_provider": "google",
        "geocode_tier": "street",
        "geocode_query": "臺北市文山區羅斯福路六段142巷84號"
      }
    },
    {
      "type": "Feature",
      "geometry": {
        "type": "Point",
        "coordinates": [
          121.54138,
          24.995639
        ]
      },
      "properties": {
        "no": "685",
        "county_code": "63000",
        "site_name": "GE 電玩達人",
        "tel": "(02)2933-8345",
        "postal_code": "116",
        "address": "羅斯福路六段227號",
        "service_type": "買賣,維修",
        "item": "玩具類,3C用品類",
        "resolved_county": "臺北市",
        "resolved_district": "文山區",
        "full_address": "臺北市文山區羅斯福路六段227號",
        "address_resolve_note": null,
        "geocode_ok": true,
        "geocode_provider": "google",
        "geocode_tier": "street",
        "geocode_query": "臺北市文山區羅斯福路六段227號"
      }
    },
    {
      "type": "Feature",
      "geometry": {
        "type": "Point",
        "coordinates": [
          121.5534664,
          24.9878341
        ]
      },
      "properties": {
        "no": "686",
        "county_code": "63000",
        "site_name": "尋寶趣",
        "tel": "無",
        "postal_code": "116",
        "address": "木柵路一段220號",
        "service_type": "捐送,買賣",
        "item": "其他類,生活用品類",
        "resolved_county": "臺北市",
        "resolved_district": "文山區",
        "full_address": "臺北市文山區木柵路一段220號",
        "address_resolve_note": null,
        "geocode_ok": true,
        "geocode_provider": "google",
        "geocode_tier": "street",
        "geocode_query": "臺北市文山區木柵路一段220號"
      }
    },
    {
      "type": "Feature",
      "geometry": {
        "type": "Point",
        "coordinates": [
          121.5620191,
          24.9841843
        ]
      },
      "properties": {
        "no": "687",
        "county_code": "63000",
        "site_name": "侍 電玩",
        "tel": "0965-350-469",
        "postal_code": "116",
        "address": "興隆路四段163之2號",
        "service_type": "買賣,維修",
        "item": "玩具類,3C用品類",
        "resolved_county": "臺北市",
        "resolved_district": "文山區",
        "full_address": "臺北市文山區興隆路四段163之2號",
        "address_resolve_note": null,
        "geocode_ok": true,
        "geocode_provider": "google",
        "geocode_tier": "street",
        "geocode_query": "臺北市文山區興隆路四段163之2號"
      }
    },
    {
      "type": "Feature",
      "geometry": {
        "type": "Point",
        "coordinates": [
          121.5693651,
          24.9876934
        ]
      },
      "properties": {
        "no": "688",
        "county_code": "63000",
        "site_name": "鼎順專業收購",
        "tel": "0966-607-111",
        "postal_code": "116",
        "address": "集英街2-1號",
        "service_type": "買賣",
        "item": "其他類,生活用品類",
        "resolved_county": "臺北市",
        "resolved_district": "文山區",
        "full_address": "臺北市文山區集英街2-1號",
        "address_resolve_note": null,
        "geocode_ok": true,
        "geocode_provider": "google",
        "geocode_tier": "street",
        "geocode_query": "臺北市文山區集英街2-1號"
      }
    },
    {
      "type": "Feature",
      "geometry": {
        "type": "Point",
        "coordinates": [
          121.5754639,
          24.9880316
        ]
      },
      "properties": {
        "no": "689",
        "county_code": "63000",
        "site_name": "潛水鳥",
        "tel": "無",
        "postal_code": "116",
        "address": "指南路二段77巷24號",
        "service_type": "買賣",
        "item": "其他類,生活用品類",
        "resolved_county": "臺北市",
        "resolved_district": "文山區",
        "full_address": "臺北市文山區指南路二段77巷24號",
        "address_resolve_note": null,
        "geocode_ok": true,
        "geocode_provider": "google",
        "geocode_tier": "street",
        "geocode_query": "臺北市文山區指南路二段77巷24號"
      }
    },
    {
      "type": "Feature",
      "geometry": {
        "type": "Point",
        "coordinates": [
          121.543622,
          25.054109
        ]
      },
      "properties": {
        "no": "690",
        "county_code": "63000",
        "site_name": "集英堂寫真機",
        "tel": "(02)2545-1212",
        "postal_code": "104",
        "address": "南京東路三段223巷53號",
        "service_type": "買賣",
        "item": "3C用品類",
        "resolved_county": "臺北市",
        "resolved_district": "中山區",
        "full_address": "臺北市中山區南京東路三段223巷53號",
        "address_resolve_note": null,
        "geocode_ok": true,
        "geocode_provider": "google",
        "geocode_tier": "street",
        "geocode_query": "臺北市中山區南京東路三段223巷53號"
      }
    },
    {
      "type": "Feature",
      "geometry": {
        "type": "Point",
        "coordinates": [
          121.5282684,
          25.060174
        ]
      },
      "properties": {
        "no": "691",
        "county_code": "63000",
        "site_name": "三分之一二手家電行",
        "tel": "0935-285-178",
        "postal_code": "104",
        "address": "錦州街116號",
        "service_type": "買賣",
        "item": "電器類",
        "resolved_county": "臺北市",
        "resolved_district": "中山區",
        "full_address": "臺北市中山區錦州街116號",
        "address_resolve_note": null,
        "geocode_ok": true,
        "geocode_provider": "google",
        "geocode_tier": "street",
        "geocode_query": "臺北市中山區錦州街116號"
      }
    },
    {
      "type": "Feature",
      "geometry": {
        "type": "Point",
        "coordinates": [
          121.537017,
          25.0458577
        ]
      },
      "properties": {
        "no": "692",
        "county_code": "63000",
        "site_name": "惜福屋-慈濟二手好物大賣場",
        "tel": "無",
        "postal_code": "104",
        "address": "八德路二段108-1號",
        "service_type": "捐送,買賣",
        "item": "3C用品類,家具類,電器類",
        "resolved_county": "臺北市",
        "resolved_district": "中山區",
        "full_address": "臺北市中山區八德路二段108-1號",
        "address_resolve_note": null,
        "geocode_ok": true,
        "geocode_provider": "google",
        "geocode_tier": "street",
        "geocode_query": "臺北市中山區八德路二段108-1號"
      }
    },
    {
      "type": "Feature",
      "geometry": {
        "type": "Point",
        "coordinates": [
          121.5436616,
          25.0457293
        ]
      },
      "properties": {
        "no": "693",
        "county_code": "63000",
        "site_name": "RECOVER",
        "tel": "(02)8772-3188",
        "postal_code": "104",
        "address": "復興南路一段36之5號",
        "service_type": "買賣",
        "item": "舊衣類,其他類,生活用品類",
        "resolved_county": "臺北市",
        "resolved_district": "中山區",
        "full_address": "臺北市中山區復興南路一段36之5號",
        "address_resolve_note": null,
        "geocode_ok": true,
        "geocode_provider": "google",
        "geocode_tier": "street",
        "geocode_query": "臺北市中山區復興南路一段36之5號"
      }
    },
    {
      "type": "Feature",
      "geometry": {
        "type": "Point",
        "coordinates": [
          121.5198748,
          25.0631217
        ]
      },
      "properties": {
        "no": "694",
        "county_code": "63000",
        "site_name": "奧莉薇二手婚紗禮服專賣店",
        "tel": "(02)2585-9129",
        "postal_code": "104",
        "address": "民權西路75號2F",
        "service_type": "買賣",
        "item": "舊衣類",
        "resolved_county": "臺北市",
        "resolved_district": "中山區",
        "full_address": "臺北市中山區民權西路75號2F",
        "address_resolve_note": null,
        "geocode_ok": true,
        "geocode_provider": "google",
        "geocode_tier": "street",
        "geocode_query": "臺北市中山區民權西路75號2F"
      }
    },
    {
      "type": "Feature",
      "geometry": {
        "type": "Point",
        "coordinates": [
          121.5436058,
          25.0461161
        ]
      },
      "properties": {
        "no": "705",
        "county_code": "63000",
        "site_name": "優買二手精品名牌店-微風復興店",
        "tel": "(02)8772-2455",
        "postal_code": "104",
        "address": "復興南路一段36-1號",
        "service_type": "買賣",
        "item": "其他類,生活用品類",
        "resolved_county": "臺北市",
        "resolved_district": "中山區",
        "full_address": "臺北市中山區復興南路一段36-1號",
        "address_resolve_note": null,
        "geocode_ok": true,
        "geocode_provider": "google",
        "geocode_tier": "street",
        "geocode_query": "臺北市中山區復興南路一段36-1號"
      }
    },
    {
      "type": "Feature",
      "geometry": {
        "type": "Point",
        "coordinates": [
          121.532589,
          25.0522172
        ]
      },
      "properties": {
        "no": "706",
        "county_code": "63000",
        "site_name": "合盛豐收購二手傢俱家電",
        "tel": "0952-380-326",
        "postal_code": "104",
        "address": "南京東路二段101號11樓",
        "service_type": "買賣",
        "item": "家具類",
        "resolved_county": "臺北市",
        "resolved_district": "中山區",
        "full_address": "臺北市中山區南京東路二段101號11樓",
        "address_resolve_note": null,
        "geocode_ok": true,
        "geocode_provider": "google",
        "geocode_tier": "street",
        "geocode_query": "臺北市中山區南京東路二段101號11樓"
      }
    },
    {
      "type": "Feature",
      "geometry": {
        "type": "Point",
        "coordinates": [
          121.5117323,
          25.0525102
        ]
      },
      "properties": {
        "no": "707",
        "county_code": "63000",
        "site_name": "四海相機",
        "tel": "(02)2555-0303",
        "postal_code": "103",
        "address": "延平北路一段96號",
        "service_type": "買賣",
        "item": "3C用品類",
        "resolved_county": "臺北市",
        "resolved_district": "大同區",
        "full_address": "臺北市大同區延平北路一段96號",
        "address_resolve_note": null,
        "geocode_ok": true,
        "geocode_provider": "google",
        "geocode_tier": "street",
        "geocode_query": "臺北市大同區延平北路一段96號"
      }
    },
    {
      "type": "Feature",
      "geometry": {
        "type": "Point",
        "coordinates": [
          121.5059039,
          25.0435485
        ]
      },
      "properties": {
        "no": "708",
        "county_code": "63000",
        "site_name": "當肯二手名品",
        "tel": "0953-708-520",
        "postal_code": "108",
        "address": "西寧南路70號1樓29室",
        "service_type": "買賣",
        "item": "其他類,生活用品類",
        "resolved_county": "臺北市",
        "resolved_district": "萬華區",
        "full_address": "臺北市萬華區西寧南路70號1樓29室",
        "address_resolve_note": null,
        "geocode_ok": true,
        "geocode_provider": "google",
        "geocode_tier": "street",
        "geocode_query": "臺北市萬華區西寧南路70號1樓29室"
      }
    },
    {
      "type": "Feature",
      "geometry": {
        "type": "Point",
        "coordinates": [
          121.5060657,
          25.0436428
        ]
      },
      "properties": {
        "no": "709",
        "county_code": "63000",
        "site_name": "愛麗絲二手名牌",
        "tel": "(02)2389-3724",
        "postal_code": "103",
        "address": "西寧南路70號1樓21室",
        "service_type": "買賣",
        "item": "其他類,生活用品類",
        "resolved_county": "臺北市",
        "resolved_district": "大同區",
        "full_address": "臺北市大同區西寧南路70號1樓21室",
        "address_resolve_note": null,
        "geocode_ok": true,
        "geocode_provider": "google",
        "geocode_tier": "street",
        "geocode_query": "臺北市大同區西寧南路70號1樓21室"
      }
    },
    {
      "type": "Feature",
      "geometry": {
        "type": "Point",
        "coordinates": [
          121.5200457,
          25.0557747
        ]
      },
      "properties": {
        "no": "710",
        "county_code": "63000",
        "site_name": "香蕉貓",
        "tel": "0955-213-317",
        "postal_code": "103",
        "address": "赤峰街49巷11號",
        "service_type": "買賣",
        "item": "舊衣類",
        "resolved_county": "臺北市",
        "resolved_district": "大同區",
        "full_address": "臺北市大同區赤峰街49巷11號",
        "address_resolve_note": null,
        "geocode_ok": true,
        "geocode_provider": "google",
        "geocode_tier": "street",
        "geocode_query": "臺北市大同區赤峰街49巷11號"
      }
    },
    {
      "type": "Feature",
      "geometry": {
        "type": "Point",
        "coordinates": [
          121.5186486,
          25.0662384
        ]
      },
      "properties": {
        "no": "711",
        "county_code": "63000",
        "site_name": "優酷3C收購中心",
        "tel": "0920-787-688",
        "postal_code": "103",
        "address": "承德路三段91號",
        "service_type": "買賣,維修",
        "item": "3C用品類",
        "resolved_county": "臺北市",
        "resolved_district": "大同區",
        "full_address": "臺北市大同區承德路三段91號",
        "address_resolve_note": null,
        "geocode_ok": true,
        "geocode_provider": "google",
        "geocode_tier": "street",
        "geocode_query": "臺北市大同區承德路三段91號"
      }
    },
    {
      "type": "Feature",
      "geometry": {
        "type": "Point",
        "coordinates": [
          121.5174333,
          25.0571083
        ]
      },
      "properties": {
        "no": "712",
        "county_code": "63000",
        "site_name": "WATCH180二手錶交流中心",
        "tel": "(02)2558-8418",
        "postal_code": "103",
        "address": "民生西路180號",
        "service_type": "買賣,維修",
        "item": "生活用品類",
        "resolved_county": "臺北市",
        "resolved_district": "大同區",
        "full_address": "臺北市大同區民生西路180號",
        "address_resolve_note": null,
        "geocode_ok": true,
        "geocode_provider": "google",
        "geocode_tier": "street",
        "geocode_query": "臺北市大同區民生西路180號"
      }
    },
    {
      "type": "Feature",
      "geometry": {
        "type": "Point",
        "coordinates": [
          121.5181721,
          25.0683049
        ]
      },
      "properties": {
        "no": "713",
        "county_code": "63000",
        "site_name": "HaNou Select 日韓服飾選物",
        "tel": "(02)2598-1231",
        "postal_code": "103",
        "address": "承德路三段158-1號",
        "service_type": "買賣",
        "item": "舊衣類",
        "resolved_county": "臺北市",
        "resolved_district": "大同區",
        "full_address": "臺北市大同區承德路三段158-1號",
        "address_resolve_note": null,
        "geocode_ok": true,
        "geocode_provider": "google",
        "geocode_tier": "street",
        "geocode_query": "臺北市大同區承德路三段158-1號"
      }
    },
    {
      "type": "Feature",
      "geometry": {
        "type": "Point",
        "coordinates": [
          121.520008,
          25.0548126
        ]
      },
      "properties": {
        "no": "714",
        "county_code": "63000",
        "site_name": "赤峰洋行",
        "tel": "0926-712-402",
        "postal_code": "103",
        "address": "赤峰街41巷2-6號號 2樓",
        "service_type": "買賣",
        "item": "舊衣類",
        "resolved_county": "臺北市",
        "resolved_district": "大同區",
        "full_address": "臺北市大同區赤峰街41巷2-6號號 2樓",
        "address_resolve_note": null,
        "geocode_ok": true,
        "geocode_provider": "google",
        "geocode_tier": "street",
        "geocode_query": "臺北市大同區赤峰街41巷2-6號號 2樓"
      }
    },
    {
      "type": "Feature",
      "geometry": {
        "type": "Point",
        "coordinates": [
          121.5129393,
          25.072968
        ]
      },
      "properties": {
        "no": "715",
        "county_code": "63000",
        "site_name": "唐青古物商行",
        "tel": "(02)2341-8799",
        "postal_code": "103",
        "address": "哈密街155號",
        "service_type": "買賣",
        "item": "其他類,生活用品類",
        "resolved_county": "臺北市",
        "resolved_district": "大同區",
        "full_address": "臺北市大同區哈密街155號",
        "address_resolve_note": null,
        "geocode_ok": true,
        "geocode_provider": "google",
        "geocode_tier": "street",
        "geocode_query": "臺北市大同區哈密街155號"
      }
    },
    {
      "type": "Feature",
      "geometry": {
        "type": "Point",
        "coordinates": [
          121.5190242,
          25.0553966
        ]
      },
      "properties": {
        "no": "716",
        "county_code": "63000",
        "site_name": "懶得選物LZD/vintage & Used Select Shop｜古著、二手、選物",
        "tel": "0939-600-155",
        "postal_code": "103",
        "address": "承德路二段53巷17號",
        "service_type": "買賣,回收",
        "item": "舊衣類",
        "resolved_county": "臺北市",
        "resolved_district": "大同區",
        "full_address": "臺北市大同區承德路二段53巷17號",
        "address_resolve_note": null,
        "geocode_ok": true,
        "geocode_provider": "google",
        "geocode_tier": "street",
        "geocode_query": "臺北市大同區承德路二段53巷17號"
      }
    },
    {
      "type": "Feature",
      "geometry": {
        "type": "Point",
        "coordinates": [
          121.501398,
          25.0412779
        ]
      },
      "properties": {
        "no": "717",
        "county_code": "63000",
        "site_name": "收購二手傢俱家電",
        "tel": "0980-730-482",
        "postal_code": "108",
        "address": "雅江街52-1號2樓",
        "service_type": "買賣,維修",
        "item": "家具類,電器類",
        "resolved_county": "臺北市",
        "resolved_district": "萬華區",
        "full_address": "臺北市萬華區雅江街52-1號2樓",
        "address_resolve_note": null,
        "geocode_ok": true,
        "geocode_provider": "google",
        "geocode_tier": "street",
        "geocode_query": "臺北市萬華區雅江街52-1號2樓"
      }
    },
    {
      "type": "Feature",
      "geometry": {
        "type": "Point",
        "coordinates": [
          121.5025327,
          25.0387344
        ]
      },
      "properties": {
        "no": "718",
        "county_code": "63000",
        "site_name": "二手電視修理買賣",
        "tel": "(02)2311-8581",
        "postal_code": "108",
        "address": "桂林路65巷12號",
        "service_type": "買賣,維修",
        "item": "電器類",
        "resolved_county": "臺北市",
        "resolved_district": "萬華區",
        "full_address": "臺北市萬華區桂林路65巷12號",
        "address_resolve_note": null,
        "geocode_ok": true,
        "geocode_provider": "google",
        "geocode_tier": "street",
        "geocode_query": "臺北市萬華區桂林路65巷12號"
      }
    },
    {
      "type": "Feature",
      "geometry": {
        "type": "Point",
        "coordinates": [
          121.4255031,
          25.0214769
        ]
      },
      "properties": {
        "no": "719",
        "county_code": "65000",
        "site_name": "新莊蚤寶王國",
        "tel": "(02)22068988",
        "postal_code": "242",
        "address": "新北市新莊區成功街8號",
        "service_type": "買賣",
        "item": "生活用品類",
        "resolved_county": "新北市",
        "resolved_district": "新莊區",
        "full_address": "新北市新莊區成功街8號",
        "address_resolve_note": null,
        "geocode_ok": true,
        "geocode_provider": "google",
        "geocode_tier": "street",
        "geocode_query": "新北市新莊區成功街8號"
      }
    },
    {
      "type": "Feature",
      "geometry": {
        "type": "Point",
        "coordinates": [
          121.4834223,
          25.0744816
        ]
      },
      "properties": {
        "no": "720",
        "county_code": "65000",
        "site_name": "永福蚤寶王國",
        "tel": "(02)22861118",
        "postal_code": "241",
        "address": "新北市三重區永福街287-5號",
        "service_type": "買賣",
        "item": "生活用品類",
        "resolved_county": "新北市",
        "resolved_district": "三重區",
        "full_address": "新北市三重區永福街287-5號",
        "address_resolve_note": null,
        "geocode_ok": true,
        "geocode_provider": "google",
        "geocode_tier": "street",
        "geocode_query": "新北市三重區永福街287-5號"
      }
    },
    {
      "type": "Feature",
      "geometry": {
        "type": "Point",
        "coordinates": [
          121.4621514,
          25.0258643
        ]
      },
      "properties": {
        "no": "721",
        "county_code": "65000",
        "site_name": "陽明蚤寶王國",
        "tel": "(02)22590990",
        "postal_code": "220",
        "address": "新北市板橋區陽明街271號",
        "service_type": "買賣",
        "item": "生活用品類",
        "resolved_county": "新北市",
        "resolved_district": "板橋區",
        "full_address": "新北市板橋區陽明街271號",
        "address_resolve_note": null,
        "geocode_ok": true,
        "geocode_provider": "google",
        "geocode_tier": "street",
        "geocode_query": "新北市板橋區陽明街271號"
      }
    },
    {
      "type": "Feature",
      "geometry": {
        "type": "Point",
        "coordinates": [
          121.4738552,
          25.0038792
        ]
      },
      "properties": {
        "no": "722",
        "county_code": "65000",
        "site_name": "中和蚤寶王國",
        "tel": "(02)22229067",
        "postal_code": "235",
        "address": "新北市中和區民享街16號",
        "service_type": "買賣",
        "item": "生活用品類",
        "resolved_county": "新北市",
        "resolved_district": "中和區",
        "full_address": "新北市中和區民享街16號",
        "address_resolve_note": null,
        "geocode_ok": true,
        "geocode_provider": "google",
        "geocode_tier": "street",
        "geocode_query": "新北市中和區民享街16號"
      }
    },
    {
      "type": "Feature",
      "geometry": {
        "type": "Point",
        "coordinates": [
          121.4782052,
          25.0237924
        ]
      },
      "properties": {
        "no": "723",
        "county_code": "65000",
        "site_name": "板橋蚤寶王國",
        "tel": "(02)22509119",
        "postal_code": "220",
        "address": "新北市板橋區縣民大道三段149號",
        "service_type": "買賣",
        "item": "生活用品類",
        "resolved_county": "新北市",
        "resolved_district": "板橋區",
        "full_address": "新北市板橋區縣民大道三段149號",
        "address_resolve_note": null,
        "geocode_ok": true,
        "geocode_provider": "google",
        "geocode_tier": "street",
        "geocode_query": "新北市板橋區縣民大道三段149號"
      }
    },
    {
      "type": "Feature",
      "geometry": {
        "type": "Point",
        "coordinates": [
          121.4705486,
          25.0802159
        ]
      },
      "properties": {
        "no": "724",
        "county_code": "65000",
        "site_name": "蘆洲蚤寶王國",
        "tel": "(02)22826330",
        "postal_code": "247",
        "address": "新北市蘆洲區中山二路219號",
        "service_type": "買賣",
        "item": "生活用品類",
        "resolved_county": "新北市",
        "resolved_district": "蘆洲區",
        "full_address": "新北市蘆洲區中山二路219號",
        "address_resolve_note": null,
        "geocode_ok": true,
        "geocode_provider": "google",
        "geocode_tier": "street",
        "geocode_query": "新北市蘆洲區中山二路219號"
      }
    },
    {
      "type": "Feature",
      "geometry": {
        "type": "Point",
        "coordinates": [
          121.492824,
          25.0560741
        ]
      },
      "properties": {
        "no": "725",
        "county_code": "65000",
        "site_name": "三重蚤寶王國",
        "tel": "(02)29733308",
        "postal_code": "241",
        "address": "新北市三重區光明路118號",
        "service_type": "買賣",
        "item": "生活用品類",
        "resolved_county": "新北市",
        "resolved_district": "三重區",
        "full_address": "新北市三重區光明路118號",
        "address_resolve_note": null,
        "geocode_ok": true,
        "geocode_provider": "google",
        "geocode_tier": "street",
        "geocode_query": "新北市三重區光明路118號"
      }
    },
    {
      "type": "Feature",
      "geometry": {
        "type": "Point",
        "coordinates": [
          121.735553,
          25.132257
        ]
      },
      "properties": {
        "no": "726",
        "county_code": "10017",
        "site_name": "大呼小叫-西定",
        "tel": "2424-5115",
        "postal_code": "203",
        "address": "西定路32號",
        "service_type": "買賣,維修",
        "item": "3C用品類",
        "resolved_county": "基隆市",
        "resolved_district": "中山區",
        "full_address": "基隆市中山區西定路32號",
        "address_resolve_note": null,
        "geocode_ok": true,
        "geocode_provider": "google",
        "geocode_tier": "street",
        "geocode_query": "基隆市中山區西定路32號"
      }
    },
    {
      "type": "Feature",
      "geometry": {
        "type": "Point",
        "coordinates": [
          121.712681,
          25.097461
        ]
      },
      "properties": {
        "no": "727",
        "county_code": "10017",
        "site_name": "傑昇通訊-七堵明德",
        "tel": "2456-5680",
        "postal_code": "206",
        "address": "明德一路202號",
        "service_type": "買賣,維修",
        "item": "3C用品類",
        "resolved_county": "基隆市",
        "resolved_district": "七堵區",
        "full_address": "基隆市七堵區明德一路202號",
        "address_resolve_note": null,
        "geocode_ok": true,
        "geocode_provider": "google",
        "geocode_tier": "street",
        "geocode_query": "基隆市七堵區明德一路202號"
      }
    },
    {
      "type": "Feature",
      "geometry": {
        "type": "Point",
        "coordinates": [
          121.4869414,
          25.0685211
        ]
      },
      "properties": {
        "no": "728",
        "county_code": "65000",
        "site_name": "蚤寶shop三重力行店",
        "tel": "2984-3000",
        "postal_code": "241",
        "address": "力行路一段89巷13號",
        "service_type": "買賣,回收,交換",
        "item": "玩具類,書籍類,3C用品類,電器類,舊衣類,生活用品類",
        "resolved_county": "新北市",
        "resolved_district": "三重區",
        "full_address": "新北市三重區力行路一段89巷13號",
        "address_resolve_note": null,
        "geocode_ok": true,
        "geocode_provider": "google",
        "geocode_tier": "street",
        "geocode_query": "新北市三重區力行路一段89巷13號"
      }
    },
    {
      "type": "Feature",
      "geometry": {
        "type": "Point",
        "coordinates": [
          121.4636171,
          25.0795836
        ]
      },
      "properties": {
        "no": "729",
        "county_code": "65000",
        "site_name": "蚤寶shop蘆洲長安店",
        "tel": "2848-0628",
        "postal_code": "247",
        "address": "長安街40號",
        "service_type": "買賣,回收,交換",
        "item": "玩具類,書籍類,3C用品類,電器類,舊衣類,生活用品類",
        "resolved_county": "新北市",
        "resolved_district": "蘆洲區",
        "full_address": "新北市蘆洲區長安街40號",
        "address_resolve_note": null,
        "geocode_ok": true,
        "geocode_provider": "google",
        "geocode_tier": "street",
        "geocode_query": "新北市蘆洲區長安街40號"
      }
    },
    {
      "type": "Feature",
      "geometry": {
        "type": "Point",
        "coordinates": [
          121.4905547,
          25.0806766
        ]
      },
      "properties": {
        "no": "730",
        "county_code": "65000",
        "site_name": "蚤寶shop三重慈愛店",
        "tel": "8982-5568",
        "postal_code": "241",
        "address": "新北市三重區慈愛街140號",
        "service_type": "買賣,回收,交換",
        "item": "玩具類,書籍類,3C用品類,電器類,舊衣類,生活用品類",
        "resolved_county": "新北市",
        "resolved_district": "三重區",
        "full_address": "新北市三重區慈愛街140號",
        "address_resolve_note": null,
        "geocode_ok": true,
        "geocode_provider": "google",
        "geocode_tier": "street",
        "geocode_query": "新北市三重區慈愛街140號"
      }
    },
    {
      "type": "Feature",
      "geometry": {
        "type": "Point",
        "coordinates": [
          121.4773289,
          25.0903434
        ]
      },
      "properties": {
        "no": "731",
        "county_code": "65000",
        "site_name": "蚤寶shop蘆洲民族店",
        "tel": "2288-3339",
        "postal_code": "247",
        "address": "民族路314巷1號",
        "service_type": "買賣,回收,交換",
        "item": "玩具類,書籍類,3C用品類,電器類,舊衣類,生活用品類",
        "resolved_county": "新北市",
        "resolved_district": "蘆洲區",
        "full_address": "新北市蘆洲區民族路314巷1號",
        "address_resolve_note": null,
        "geocode_ok": true,
        "geocode_provider": "google",
        "geocode_tier": "street",
        "geocode_query": "新北市蘆洲區民族路314巷1號"
      }
    },
    {
      "type": "Feature",
      "geometry": {
        "type": "Point",
        "coordinates": [
          121.6041152,
          25.0560818
        ]
      },
      "properties": {
        "no": "733",
        "county_code": "63000",
        "site_name": "力麒村上青春區",
        "tel": "無",
        "postal_code": "115",
        "address": "東明街51號",
        "service_type": "回收",
        "item": "舊衣類",
        "resolved_county": "臺北市",
        "resolved_district": "南港區",
        "full_address": "臺北市南港區東明街51號",
        "address_resolve_note": null,
        "geocode_ok": true,
        "geocode_provider": "google",
        "geocode_tier": "street",
        "geocode_query": "臺北市南港區東明街51號"
      }
    },
    {
      "type": "Feature",
      "geometry": {
        "type": "Point",
        "coordinates": [
          121.6109537,
          25.0589321
        ]
      },
      "properties": {
        "no": "734",
        "county_code": "63000",
        "site_name": "台北悅桂冠",
        "tel": "02-2785-3602",
        "postal_code": "115",
        "address": "園區街17號",
        "service_type": "回收",
        "item": "舊衣類",
        "resolved_county": "臺北市",
        "resolved_district": "南港區",
        "full_address": "臺北市南港區園區街17號",
        "address_resolve_note": null,
        "geocode_ok": true,
        "geocode_provider": "google",
        "geocode_tier": "street",
        "geocode_query": "臺北市南港區園區街17號"
      }
    },
    {
      "type": "Feature",
      "geometry": {
        "type": "Point",
        "coordinates": [
          121.5279013,
          25.0557832
        ]
      },
      "properties": {
        "no": "735",
        "county_code": "63000",
        "site_name": "梵帝崗",
        "tel": "無",
        "postal_code": "104",
        "address": "新生北路二段47號",
        "service_type": "回收",
        "item": "舊衣類",
        "resolved_county": "臺北市",
        "resolved_district": "中山區",
        "full_address": "臺北市中山區新生北路二段47號",
        "address_resolve_note": null,
        "geocode_ok": true,
        "geocode_provider": "google",
        "geocode_tier": "street",
        "geocode_query": "臺北市中山區新生北路二段47號"
      }
    },
    {
      "type": "Feature",
      "geometry": {
        "type": "Point",
        "coordinates": [
          121.5416515,
          24.989685
        ]
      },
      "properties": {
        "no": "736",
        "county_code": "63000",
        "site_name": "金運金大廈",
        "tel": "無",
        "postal_code": "116",
        "address": "景興路282巷9號",
        "service_type": "回收",
        "item": "舊衣類",
        "resolved_county": "臺北市",
        "resolved_district": "文山區",
        "full_address": "臺北市文山區景興路282巷9號",
        "address_resolve_note": null,
        "geocode_ok": true,
        "geocode_provider": "google",
        "geocode_tier": "street",
        "geocode_query": "臺北市文山區景興路282巷9號"
      }
    },
    {
      "type": "Feature",
      "geometry": {
        "type": "Point",
        "coordinates": [
          121.5644722,
          25.0339639
        ]
      },
      "properties": {
        "no": "737",
        "county_code": "63000",
        "site_name": "成功二手冷氣買賣",
        "tel": "(02)2255-8075",
        "postal_code": "110",
        "address": "漢生東路33號",
        "service_type": "買賣",
        "item": "3C用品類,家具類,電器類",
        "resolved_county": "臺北市",
        "resolved_district": "信義區",
        "full_address": "臺北市信義區漢生東路33號",
        "address_resolve_note": null,
        "geocode_ok": true,
        "geocode_provider": "google",
        "geocode_tier": "street",
        "geocode_query": "臺北市信義區漢生東路33號"
      }
    },
    {
      "type": "Feature",
      "geometry": {
        "type": "Point",
        "coordinates": [
          121.5642343,
          25.0289159
        ]
      },
      "properties": {
        "no": "738",
        "county_code": "63000",
        "site_name": "大老二手電腦",
        "tel": "0953-231-611",
        "postal_code": "110",
        "address": "莊敬路289巷8弄16號1樓",
        "service_type": "買賣",
        "item": "3C用品類",
        "resolved_county": "臺北市",
        "resolved_district": "信義區",
        "full_address": "臺北市信義區莊敬路289巷8弄16號1樓",
        "address_resolve_note": null,
        "geocode_ok": true,
        "geocode_provider": "google",
        "geocode_tier": "street",
        "geocode_query": "臺北市信義區莊敬路289巷8弄16號1樓"
      }
    },
    {
      "type": "Feature",
      "geometry": {
        "type": "Point",
        "coordinates": [
          121.565571,
          25.041356
        ]
      },
      "properties": {
        "no": "739",
        "county_code": "63000",
        "site_name": "最愛二手精品店",
        "tel": "(02)2768-7685",
        "postal_code": "110",
        "address": "忠孝東路五段17號",
        "service_type": "買賣",
        "item": "其他類,生活用品類",
        "resolved_county": "臺北市",
        "resolved_district": "信義區",
        "full_address": "臺北市信義區忠孝東路五段17號",
        "address_resolve_note": null,
        "geocode_ok": true,
        "geocode_provider": "google",
        "geocode_tier": "street",
        "geocode_query": "臺北市信義區忠孝東路五段17號"
      }
    },
    {
      "type": "Feature",
      "geometry": {
        "type": "Point",
        "coordinates": [
          121.5652888,
          25.0419728
        ]
      },
      "properties": {
        "no": "740",
        "county_code": "63000",
        "site_name": "優買二手名牌店",
        "tel": "(02)2748-9917",
        "postal_code": "110",
        "address": "基隆路一段159號",
        "service_type": "買賣",
        "item": "其他類,生活用品類",
        "resolved_county": "臺北市",
        "resolved_district": "信義區",
        "full_address": "臺北市信義區基隆路一段159號",
        "address_resolve_note": null,
        "geocode_ok": true,
        "geocode_provider": "google",
        "geocode_tier": "street",
        "geocode_query": "臺北市信義區基隆路一段159號"
      }
    },
    {
      "type": "Feature",
      "geometry": {
        "type": "Point",
        "coordinates": [
          121.578066,
          25.044175
        ]
      },
      "properties": {
        "no": "741",
        "county_code": "63000",
        "site_name": "老胡單車精品",
        "tel": "(02)2761-7864",
        "postal_code": "110",
        "address": "松山路251號",
        "service_type": "買賣",
        "item": "其他類,生活用品類",
        "resolved_county": "臺北市",
        "resolved_district": "信義區",
        "full_address": "臺北市信義區松山路251號",
        "address_resolve_note": null,
        "geocode_ok": true,
        "geocode_provider": "google",
        "geocode_tier": "street",
        "geocode_query": "臺北市信義區松山路251號"
      }
    },
    {
      "type": "Feature",
      "geometry": {
        "type": "Point",
        "coordinates": [
          121.5683178,
          25.0436322
        ]
      },
      "properties": {
        "no": "742",
        "county_code": "63000",
        "site_name": "鍾愛國際精品",
        "tel": "(02)2765-4088",
        "postal_code": "110",
        "address": "永吉路30巷102弄10號",
        "service_type": "買賣",
        "item": "其他類,生活用品類",
        "resolved_county": "臺北市",
        "resolved_district": "信義區",
        "full_address": "臺北市信義區永吉路30巷102弄10號",
        "address_resolve_note": null,
        "geocode_ok": true,
        "geocode_provider": "google",
        "geocode_tier": "street",
        "geocode_query": "臺北市信義區永吉路30巷102弄10號"
      }
    },
    {
      "type": "Feature",
      "geometry": {
        "type": "Point",
        "coordinates": [
          121.5830935,
          25.0398101
        ]
      },
      "properties": {
        "no": "743",
        "county_code": "63000",
        "site_name": "宏韻中古鋼琴",
        "tel": "(02)2727-1109",
        "postal_code": "110",
        "address": "大道路111號",
        "service_type": "買賣",
        "item": "其他類",
        "resolved_county": "臺北市",
        "resolved_district": "信義區",
        "full_address": "臺北市信義區大道路111號",
        "address_resolve_note": null,
        "geocode_ok": true,
        "geocode_provider": "google",
        "geocode_tier": "street",
        "geocode_query": "臺北市信義區大道路111號"
      }
    },
    {
      "type": "Feature",
      "geometry": {
        "type": "Point",
        "coordinates": [
          121.5644722,
          25.0339639
        ]
      },
      "properties": {
        "no": "744",
        "county_code": "63000",
        "site_name": "行善二手冷氣買賣",
        "tel": "0986-595-335",
        "postal_code": "110",
        "address": "漢生東路33號",
        "service_type": "買賣",
        "item": "電器類",
        "resolved_county": "臺北市",
        "resolved_district": "信義區",
        "full_address": "臺北市信義區漢生東路33號",
        "address_resolve_note": null,
        "geocode_ok": true,
        "geocode_provider": "google",
        "geocode_tier": "street",
        "geocode_query": "臺北市信義區漢生東路33號"
      }
    },
    {
      "type": "Feature",
      "geometry": {
        "type": "Point",
        "coordinates": [
          121.57592,
          25.0473578
        ]
      },
      "properties": {
        "no": "745",
        "county_code": "63000",
        "site_name": "金橋二手錶",
        "tel": "0955-789-943",
        "postal_code": "110",
        "address": "虎林街30巷28號1樓",
        "service_type": "買賣",
        "item": "生活用品類",
        "resolved_county": "臺北市",
        "resolved_district": "信義區",
        "full_address": "臺北市信義區虎林街30巷28號1樓",
        "address_resolve_note": null,
        "geocode_ok": true,
        "geocode_provider": "google",
        "geocode_tier": "street",
        "geocode_query": "臺北市信義區虎林街30巷28號1樓"
      }
    },
    {
      "type": "Feature",
      "geometry": {
        "type": "Point",
        "coordinates": [
          121.5966464,
          25.0810543
        ]
      },
      "properties": {
        "no": "747",
        "county_code": "63000",
        "site_name": "大湖仙境",
        "tel": "無",
        "postal_code": "114",
        "address": "星雲街163號",
        "service_type": "回收",
        "item": "舊衣類",
        "resolved_county": "臺北市",
        "resolved_district": "內湖區",
        "full_address": "臺北市內湖區星雲街163號",
        "address_resolve_note": null,
        "geocode_ok": true,
        "geocode_provider": "google",
        "geocode_tier": "street",
        "geocode_query": "臺北市內湖區星雲街163號"
      }
    },
    {
      "type": "Feature",
      "geometry": {
        "type": "Point",
        "coordinates": [
          121.5199529,
          25.0269415
        ]
      },
      "properties": {
        "no": "748",
        "county_code": "63000",
        "site_name": "中正香榭",
        "tel": "無",
        "postal_code": "100",
        "address": "和平西路一段55號",
        "service_type": "回收",
        "item": "舊衣類",
        "resolved_county": "臺北市",
        "resolved_district": "中正區",
        "full_address": "臺北市中正區和平西路一段55號",
        "address_resolve_note": null,
        "geocode_ok": true,
        "geocode_provider": "google",
        "geocode_tier": "street",
        "geocode_query": "臺北市中正區和平西路一段55號"
      }
    },
    {
      "type": "Feature",
      "geometry": {
        "type": "Point",
        "coordinates": [
          121.5509259,
          25.0777475
        ]
      },
      "properties": {
        "no": "749",
        "county_code": "63000",
        "site_name": "圓山景觀樓",
        "tel": "02-2532-7721",
        "postal_code": "104",
        "address": "明水路463號",
        "service_type": "回收",
        "item": "舊衣類",
        "resolved_county": "臺北市",
        "resolved_district": "中山區",
        "full_address": "臺北市中山區明水路463號",
        "address_resolve_note": null,
        "geocode_ok": true,
        "geocode_provider": "google",
        "geocode_tier": "street",
        "geocode_query": "臺北市中山區明水路463號"
      }
    },
    {
      "type": "Feature",
      "geometry": {
        "type": "Point",
        "coordinates": [
          121.5226127,
          25.0526041
        ]
      },
      "properties": {
        "no": "750",
        "county_code": "63000",
        "site_name": "麗晶盛艷",
        "tel": "無",
        "postal_code": "104",
        "address": "中山北路1段83巷28～40號",
        "service_type": "回收",
        "item": "舊衣類",
        "resolved_county": "臺北市",
        "resolved_district": "中山區",
        "full_address": "臺北市中山區中山北路1段83巷28～40號",
        "address_resolve_note": null,
        "geocode_ok": true,
        "geocode_provider": "google",
        "geocode_tier": "street",
        "geocode_query": "臺北市中山區中山北路1段83巷28～40號"
      }
    },
    {
      "type": "Feature",
      "geometry": {
        "type": "Point",
        "coordinates": [
          121.51859,
          25.063533
        ]
      },
      "properties": {
        "no": "751",
        "county_code": "63000",
        "site_name": "克里翁",
        "tel": "無",
        "postal_code": "103",
        "address": "承德路三段7號",
        "service_type": "回收",
        "item": "舊衣類",
        "resolved_county": "臺北市",
        "resolved_district": "大同區",
        "full_address": "臺北市大同區承德路三段7號",
        "address_resolve_note": null,
        "geocode_ok": true,
        "geocode_provider": "google",
        "geocode_tier": "street",
        "geocode_query": "臺北市大同區承德路三段7號"
      }
    },
    {
      "type": "Feature",
      "geometry": {
        "type": "Point",
        "coordinates": [
          121.5033968,
          25.0296982
        ]
      },
      "properties": {
        "no": "752",
        "county_code": "63000",
        "site_name": "復華花園新城",
        "tel": "無",
        "postal_code": "108",
        "address": "西藏路107號",
        "service_type": "回收",
        "item": "舊衣類",
        "resolved_county": "臺北市",
        "resolved_district": "萬華區",
        "full_address": "臺北市萬華區西藏路107號",
        "address_resolve_note": null,
        "geocode_ok": true,
        "geocode_provider": "google",
        "geocode_tier": "street",
        "geocode_query": "臺北市萬華區西藏路107號"
      }
    },
    {
      "type": "Feature",
      "geometry": {
        "type": "Point",
        "coordinates": [
          121.5984723,
          25.0566394
        ]
      },
      "properties": {
        "no": "753",
        "county_code": "63000",
        "site_name": "Tiffany Garden",
        "tel": "無",
        "postal_code": "115",
        "address": "重陽路125巷1號",
        "service_type": "回收",
        "item": "舊衣類",
        "resolved_county": "臺北市",
        "resolved_district": "南港區",
        "full_address": "臺北市南港區重陽路125巷1號",
        "address_resolve_note": null,
        "geocode_ok": true,
        "geocode_provider": "google",
        "geocode_tier": "street",
        "geocode_query": "臺北市南港區重陽路125巷1號"
      }
    },
    {
      "type": "Feature",
      "geometry": {
        "type": "Point",
        "coordinates": [
          121.736136,
          25.1316301
        ]
      },
      "properties": {
        "no": "761",
        "county_code": "10017",
        "site_name": "傑昇通信安一店",
        "tel": "2422-1798",
        "postal_code": "203",
        "address": "安一路80號",
        "service_type": "買賣,維修",
        "item": "3C用品類",
        "resolved_county": "基隆市",
        "resolved_district": "中山區",
        "full_address": "基隆市中山區安一路80號",
        "address_resolve_note": null,
        "geocode_ok": true,
        "geocode_provider": "google",
        "geocode_tier": "street",
        "geocode_query": "基隆市中山區安一路80號"
      }
    },
    {
      "type": "Feature",
      "geometry": {
        "type": "Point",
        "coordinates": [
          121.7864874,
          25.1357671
        ]
      },
      "properties": {
        "no": "762",
        "county_code": "10017",
        "site_name": "六六屋新豐店",
        "tel": "2469-4529",
        "postal_code": "202",
        "address": "新豐街426號",
        "service_type": "買賣,維修",
        "item": "3C用品類",
        "resolved_county": "基隆市",
        "resolved_district": "中正區",
        "full_address": "基隆市中正區新豐街426號",
        "address_resolve_note": null,
        "geocode_ok": true,
        "geocode_provider": "google",
        "geocode_tier": "street",
        "geocode_query": "基隆市中正區新豐街426號"
      }
    },
    {
      "type": "Feature",
      "geometry": {
        "type": "Point",
        "coordinates": [
          121.7441044,
          25.1292975
        ]
      },
      "properties": {
        "no": "767",
        "county_code": "10017",
        "site_name": "睿暘科技通信行(大呼小叫)",
        "tel": "2422-6622",
        "postal_code": "200",
        "address": "愛四路41號",
        "service_type": "買賣,維修",
        "item": "3C用品類",
        "resolved_county": "基隆市",
        "resolved_district": "仁愛區",
        "full_address": "基隆市仁愛區愛四路41號",
        "address_resolve_note": null,
        "geocode_ok": true,
        "geocode_provider": "google",
        "geocode_tier": "street",
        "geocode_query": "基隆市仁愛區愛四路41號"
      }
    },
    {
      "type": "Feature",
      "geometry": {
        "type": "Point",
        "coordinates": [
          121.7159472,
          25.0986691
        ]
      },
      "properties": {
        "no": "768",
        "county_code": "10017",
        "site_name": "遠傳電信-七堵明德加盟",
        "tel": "2455-1058",
        "postal_code": "206",
        "address": "明德一路108號",
        "service_type": "買賣,維修",
        "item": "3C用品類",
        "resolved_county": "基隆市",
        "resolved_district": "七堵區",
        "full_address": "基隆市七堵區明德一路108號",
        "address_resolve_note": null,
        "geocode_ok": true,
        "geocode_provider": "google",
        "geocode_tier": "street",
        "geocode_query": "基隆市七堵區明德一路108號"
      }
    },
    {
      "type": "Feature",
      "geometry": {
        "type": "Point",
        "coordinates": [
          121.7147685,
          25.0969589
        ]
      },
      "properties": {
        "no": "769",
        "county_code": "10017",
        "site_name": "中華電信七堵服務中心",
        "tel": "0800-080123",
        "postal_code": "206",
        "address": "崇智街2-5號",
        "service_type": "買賣,維修",
        "item": "3C用品類",
        "resolved_county": "基隆市",
        "resolved_district": "七堵區",
        "full_address": "基隆市七堵區崇智街2-5號",
        "address_resolve_note": null,
        "geocode_ok": true,
        "geocode_provider": "google",
        "geocode_tier": "street",
        "geocode_query": "基隆市七堵區崇智街2-5號"
      }
    },
    {
      "type": "Feature",
      "geometry": {
        "type": "Point",
        "coordinates": [
          121.7250705,
          25.1220805
        ]
      },
      "properties": {
        "no": "770",
        "county_code": "10017",
        "site_name": "中華電信 安樂服務中心",
        "tel": "0800-080123",
        "postal_code": "204",
        "address": "安樂路二段129號",
        "service_type": "買賣,維修",
        "item": "3C用品類",
        "resolved_county": "基隆市",
        "resolved_district": "安樂區",
        "full_address": "基隆市安樂區安樂路二段129號",
        "address_resolve_note": null,
        "geocode_ok": true,
        "geocode_provider": "google",
        "geocode_tier": "street",
        "geocode_query": "基隆市安樂區安樂路二段129號"
      }
    },
    {
      "type": "Feature",
      "geometry": {
        "type": "Point",
        "coordinates": [
          121.711097,
          25.141012
        ]
      },
      "properties": {
        "no": "771",
        "county_code": "10017",
        "site_name": "中華電信-神腦基隆大武崙門市",
        "tel": "2431-9292",
        "postal_code": "204",
        "address": "基金一路172-6號",
        "service_type": "買賣,維修",
        "item": "3C用品類",
        "resolved_county": "基隆市",
        "resolved_district": "安樂區",
        "full_address": "基隆市安樂區基金一路172-6號",
        "address_resolve_note": null,
        "geocode_ok": true,
        "geocode_provider": "google",
        "geocode_tier": "street",
        "geocode_query": "基隆市安樂區基金一路172-6號"
      }
    },
    {
      "type": "Feature",
      "geometry": {
        "type": "Point",
        "coordinates": [
          121.7445194,
          25.1299389
        ]
      },
      "properties": {
        "no": "772",
        "county_code": "10017",
        "site_name": "中華電信行動通信分公司-基隆營運中心基隆行通一股",
        "tel": "2424-1926",
        "postal_code": "200",
        "address": "愛四路53號",
        "service_type": "買賣,維修",
        "item": "3C用品類",
        "resolved_county": "基隆市",
        "resolved_district": "仁愛區",
        "full_address": "基隆市仁愛區愛四路53號",
        "address_resolve_note": null,
        "geocode_ok": true,
        "geocode_provider": "google",
        "geocode_tier": "street",
        "geocode_query": "基隆市仁愛區愛四路53號"
      }
    },
    {
      "type": "Feature",
      "geometry": {
        "type": "Point",
        "coordinates": [
          121.7341567,
          25.1319173
        ]
      },
      "properties": {
        "no": "773",
        "county_code": "10017",
        "site_name": "中華電信 安一服務中心",
        "tel": "0800-080123",
        "postal_code": "204",
        "address": "安一路123號",
        "service_type": "買賣,維修",
        "item": "3C用品類",
        "resolved_county": "基隆市",
        "resolved_district": "安樂區",
        "full_address": "基隆市安樂區安一路123號",
        "address_resolve_note": null,
        "geocode_ok": true,
        "geocode_provider": "google",
        "geocode_tier": "street",
        "geocode_query": "基隆市安樂區安一路123號"
      }
    },
    {
      "type": "Feature",
      "geometry": {
        "type": "Point",
        "coordinates": [
          121.7508353,
          25.1287143
        ]
      },
      "properties": {
        "no": "774",
        "county_code": "10017",
        "site_name": "中華電信-神腦基隆信一門市",
        "tel": "2425-5522",
        "postal_code": "201",
        "address": "信一路94號",
        "service_type": "買賣,維修",
        "item": "3C用品類",
        "resolved_county": "基隆市",
        "resolved_district": "信義區",
        "full_address": "基隆市信義區信一路94號",
        "address_resolve_note": null,
        "geocode_ok": true,
        "geocode_provider": "google",
        "geocode_tier": "street",
        "geocode_query": "基隆市信義區信一路94號"
      }
    },
    {
      "type": "Feature",
      "geometry": {
        "type": "Point",
        "coordinates": [
          121.7424102,
          25.1278385
        ]
      },
      "properties": {
        "no": "775",
        "county_code": "10017",
        "site_name": "傑昇通信 基隆愛三店",
        "tel": "24281233",
        "postal_code": "200",
        "address": "愛三路40號",
        "service_type": "買賣,維修",
        "item": "3C用品類",
        "resolved_county": "基隆市",
        "resolved_district": "仁愛區",
        "full_address": "基隆市仁愛區愛三路40號",
        "address_resolve_note": null,
        "geocode_ok": true,
        "geocode_provider": "google",
        "geocode_tier": "street",
        "geocode_query": "基隆市仁愛區愛三路40號"
      }
    },
    {
      "type": "Feature",
      "geometry": {
        "type": "Point",
        "coordinates": [
          121.7443173,
          25.1300839
        ]
      },
      "properties": {
        "no": "776",
        "county_code": "10017",
        "site_name": "中華電信基隆服務中心",
        "tel": "0800-080123",
        "postal_code": "200",
        "address": "仁一路321號",
        "service_type": "買賣,維修",
        "item": "3C用品類",
        "resolved_county": "基隆市",
        "resolved_district": "仁愛區",
        "full_address": "基隆市仁愛區仁一路321號",
        "address_resolve_note": null,
        "geocode_ok": true,
        "geocode_provider": "google",
        "geocode_tier": "street",
        "geocode_query": "基隆市仁愛區仁一路321號"
      }
    },
    {
      "type": "Feature",
      "geometry": {
        "type": "Point",
        "coordinates": [
          121.7825088,
          25.1333675
        ]
      },
      "properties": {
        "no": "777",
        "county_code": "10017",
        "site_name": "中華電信 基隆深溪門市",
        "tel": "2468-3311",
        "postal_code": "201",
        "address": "深溪路94號",
        "service_type": "買賣,維修",
        "item": "3C用品類",
        "resolved_county": "基隆市",
        "resolved_district": "信義區",
        "full_address": "基隆市信義區深溪路94號",
        "address_resolve_note": null,
        "geocode_ok": true,
        "geocode_provider": "google",
        "geocode_tier": "street",
        "geocode_query": "基隆市信義區深溪路94號"
      }
    },
    {
      "type": "Feature",
      "geometry": {
        "type": "Point",
        "coordinates": [
          121.5749578,
          25.0365483
        ]
      },
      "properties": {
        "no": "782",
        "county_code": "63000",
        "site_name": "提琴專家",
        "tel": "(02)2727-8143",
        "postal_code": "110",
        "address": "松德路161號",
        "service_type": "買賣",
        "item": "其他類",
        "resolved_county": "臺北市",
        "resolved_district": "信義區",
        "full_address": "臺北市信義區松德路161號",
        "address_resolve_note": null,
        "geocode_ok": true,
        "geocode_provider": "google",
        "geocode_tier": "street",
        "geocode_query": "臺北市信義區松德路161號"
      }
    },
    {
      "type": "Feature",
      "geometry": {
        "type": "Point",
        "coordinates": [
          121.5157745,
          25.1166471
        ]
      },
      "properties": {
        "no": "783",
        "county_code": "63000",
        "site_name": "蘭臺藝廊＆青石巷書店",
        "tel": "(02)2823-4549",
        "postal_code": "112",
        "address": "石牌路二段75巷3弄",
        "service_type": "買賣",
        "item": "書籍類",
        "resolved_county": "臺北市",
        "resolved_district": "北投區",
        "full_address": "臺北市北投區石牌路二段75巷3弄",
        "address_resolve_note": null,
        "geocode_ok": true,
        "geocode_provider": "google",
        "geocode_tier": "street",
        "geocode_query": "臺北市北投區石牌路二段75巷3弄"
      }
    },
    {
      "type": "Feature",
      "geometry": {
        "type": "Point",
        "coordinates": [
          121.4991124,
          25.1069004
        ]
      },
      "properties": {
        "no": "784",
        "county_code": "63000",
        "site_name": "玖隆中古傢俱有限公司",
        "tel": "(02)8866-6096",
        "postal_code": "112",
        "address": "洲美街265之2號",
        "service_type": "買賣",
        "item": "家具類",
        "resolved_county": "臺北市",
        "resolved_district": "北投區",
        "full_address": "臺北市北投區洲美街265之2號",
        "address_resolve_note": null,
        "geocode_ok": true,
        "geocode_provider": "google",
        "geocode_tier": "street",
        "geocode_query": "臺北市北投區洲美街265之2號"
      }
    },
    {
      "type": "Feature",
      "geometry": {
        "type": "Point",
        "coordinates": [
          121.5008325,
          25.1183089
        ]
      },
      "properties": {
        "no": "785",
        "county_code": "63000",
        "site_name": "小米電腦",
        "tel": "(02)2821-2617",
        "postal_code": "112",
        "address": "承德路七段393巷31號",
        "service_type": "買賣",
        "item": "3C用品類",
        "resolved_county": "臺北市",
        "resolved_district": "北投區",
        "full_address": "臺北市北投區承德路七段393巷31號",
        "address_resolve_note": null,
        "geocode_ok": true,
        "geocode_provider": "google",
        "geocode_tier": "street",
        "geocode_query": "臺北市北投區承德路七段393巷31號"
      }
    },
    {
      "type": "Feature",
      "geometry": {
        "type": "Point",
        "coordinates": [
          121.500033,
          25.1311734
        ]
      },
      "properties": {
        "no": "786",
        "county_code": "63000",
        "site_name": "山峸二手書店",
        "tel": "0987-313-710",
        "postal_code": "112",
        "address": "中央南路一段102巷34號",
        "service_type": "買賣",
        "item": "書籍類",
        "resolved_county": "臺北市",
        "resolved_district": "北投區",
        "full_address": "臺北市北投區中央南路一段102巷34號",
        "address_resolve_note": null,
        "geocode_ok": true,
        "geocode_provider": "google",
        "geocode_tier": "street",
        "geocode_query": "臺北市北投區中央南路一段102巷34號"
      }
    },
    {
      "type": "Feature",
      "geometry": {
        "type": "Point",
        "coordinates": [
          121.5253575,
          25.0914259
        ]
      },
      "properties": {
        "no": "787",
        "county_code": "63000",
        "site_name": "0311 Vintage & Used Clothing",
        "tel": "無",
        "postal_code": "111",
        "address": "大西路74巷16號1樓",
        "service_type": "買賣",
        "item": "舊衣類",
        "resolved_county": "臺北市",
        "resolved_district": "士林區",
        "full_address": "臺北市士林區大西路74巷16號1樓",
        "address_resolve_note": null,
        "geocode_ok": true,
        "geocode_provider": "google",
        "geocode_tier": "street",
        "geocode_query": "臺北市士林區大西路74巷16號1樓"
      }
    },
    {
      "type": "Feature",
      "geometry": {
        "type": "Point",
        "coordinates": [
          121.5262175,
          25.0893842
        ]
      },
      "properties": {
        "no": "788",
        "county_code": "63000",
        "site_name": "融合製造",
        "tel": "無",
        "postal_code": "111",
        "address": "小東街33號",
        "service_type": "買賣",
        "item": "玩具類,舊衣類",
        "resolved_county": "臺北市",
        "resolved_district": "士林區",
        "full_address": "臺北市士林區小東街33號",
        "address_resolve_note": null,
        "geocode_ok": true,
        "geocode_provider": "google",
        "geocode_tier": "street",
        "geocode_query": "臺北市士林區小東街33號"
      }
    },
    {
      "type": "Feature",
      "geometry": {
        "type": "Point",
        "coordinates": [
          121.5195478,
          25.093391
        ]
      },
      "properties": {
        "no": "789",
        "county_code": "63000",
        "site_name": "尋寶",
        "tel": "無",
        "postal_code": "111",
        "address": "中正路422號",
        "service_type": "買賣",
        "item": "玩具類,書籍類,舊衣類,其他類",
        "resolved_county": "臺北市",
        "resolved_district": "士林區",
        "full_address": "臺北市士林區中正路422號",
        "address_resolve_note": null,
        "geocode_ok": true,
        "geocode_provider": "google",
        "geocode_tier": "street",
        "geocode_query": "臺北市士林區中正路422號"
      }
    },
    {
      "type": "Feature",
      "geometry": {
        "type": "Point",
        "coordinates": [
          121.5245607,
          25.103368
        ]
      },
      "properties": {
        "no": "790",
        "county_code": "63000",
        "site_name": "文森珠寶精品",
        "tel": "(02)2831-8699",
        "postal_code": "111",
        "address": "中山北路六段35巷6號",
        "service_type": "買賣",
        "item": "其他類,生活用品類",
        "resolved_county": "臺北市",
        "resolved_district": "士林區",
        "full_address": "臺北市士林區中山北路六段35巷6號",
        "address_resolve_note": null,
        "geocode_ok": true,
        "geocode_provider": "google",
        "geocode_tier": "street",
        "geocode_query": "臺北市士林區中山北路六段35巷6號"
      }
    },
    {
      "type": "Feature",
      "geometry": {
        "type": "Point",
        "coordinates": [
          121.5284402,
          25.1187468
        ]
      },
      "properties": {
        "no": "791",
        "county_code": "63000",
        "site_name": "思覓處",
        "tel": "(02)2872-8066",
        "postal_code": "111",
        "address": "天母西路13巷5號",
        "service_type": "買賣",
        "item": "家具類,其他類",
        "resolved_county": "臺北市",
        "resolved_district": "士林區",
        "full_address": "臺北市士林區天母西路13巷5號",
        "address_resolve_note": null,
        "geocode_ok": true,
        "geocode_provider": "google",
        "geocode_tier": "street",
        "geocode_query": "臺北市士林區天母西路13巷5號"
      }
    },
    {
      "type": "Feature",
      "geometry": {
        "type": "Point",
        "coordinates": [
          121.5252793,
          25.0900372
        ]
      },
      "properties": {
        "no": "797",
        "county_code": "63000",
        "site_name": "DMC12 古著 X 選物 X 二手",
        "tel": "(02)2883-1568",
        "postal_code": "111",
        "address": "大北路63號2樓",
        "service_type": "買賣",
        "item": "舊衣類",
        "resolved_county": "臺北市",
        "resolved_district": "士林區",
        "full_address": "臺北市士林區大北路63號2樓",
        "address_resolve_note": null,
        "geocode_ok": true,
        "geocode_provider": "google",
        "geocode_tier": "street",
        "geocode_query": "臺北市士林區大北路63號2樓"
      }
    },
    {
      "type": "Feature",
      "geometry": {
        "type": "Point",
        "coordinates": [
          121.5266191,
          25.0892184
        ]
      },
      "properties": {
        "no": "798",
        "county_code": "63000",
        "site_name": "鴻景通信",
        "tel": "(02)2881-9687",
        "postal_code": "111",
        "address": "文林路155號",
        "service_type": "買賣,維修",
        "item": "3C用品類",
        "resolved_county": "臺北市",
        "resolved_district": "士林區",
        "full_address": "臺北市士林區文林路155號",
        "address_resolve_note": null,
        "geocode_ok": true,
        "geocode_provider": "google",
        "geocode_tier": "street",
        "geocode_query": "臺北市士林區文林路155號"
      }
    },
    {
      "type": "Feature",
      "geometry": {
        "type": "Point",
        "coordinates": [
          121.5235514,
          25.0973247
        ]
      },
      "properties": {
        "no": "799",
        "county_code": "63000",
        "site_name": "野娜日本流行古著",
        "tel": "無",
        "postal_code": "111",
        "address": "美崙街6號",
        "service_type": "買賣",
        "item": "舊衣類",
        "resolved_county": "臺北市",
        "resolved_district": "士林區",
        "full_address": "臺北市士林區美崙街6號",
        "address_resolve_note": null,
        "geocode_ok": true,
        "geocode_provider": "google",
        "geocode_tier": "street",
        "geocode_query": "臺北市士林區美崙街6號"
      }
    },
    {
      "type": "Feature",
      "geometry": {
        "type": "Point",
        "coordinates": [
          121.5195559,
          25.0934765
        ]
      },
      "properties": {
        "no": "800",
        "county_code": "63000",
        "site_name": "創世基金會二手拍",
        "tel": "(02)2835-7700#128",
        "postal_code": "111",
        "address": "中正路420號B1",
        "service_type": "捐送,買賣",
        "item": "玩具類,書籍類,其他類",
        "resolved_county": "臺北市",
        "resolved_district": "士林區",
        "full_address": "臺北市士林區中正路420號B1",
        "address_resolve_note": null,
        "geocode_ok": true,
        "geocode_provider": "google",
        "geocode_tier": "street",
        "geocode_query": "臺北市士林區中正路420號B1"
      }
    },
    {
      "type": "Feature",
      "geometry": {
        "type": "Point",
        "coordinates": [
          121.574766,
          25.0641021
        ]
      },
      "properties": {
        "no": "801",
        "county_code": "63000",
        "site_name": "BRAND OFF",
        "tel": "(02)8791-6710",
        "postal_code": "114",
        "address": "民善街205號",
        "service_type": "買賣",
        "item": "其他類,生活用品類",
        "resolved_county": "臺北市",
        "resolved_district": "內湖區",
        "full_address": "臺北市內湖區民善街205號",
        "address_resolve_note": null,
        "geocode_ok": true,
        "geocode_provider": "google",
        "geocode_tier": "street",
        "geocode_query": "臺北市內湖區民善街205號"
      }
    },
    {
      "type": "Feature",
      "geometry": {
        "type": "Point",
        "coordinates": [
          121.5803966,
          25.0743499
        ]
      },
      "properties": {
        "no": "802",
        "county_code": "63000",
        "site_name": "成功電腦回收",
        "tel": "(02)8792-2135",
        "postal_code": "114",
        "address": "陽光街200號",
        "service_type": "買賣,維修",
        "item": "3C用品類",
        "resolved_county": "臺北市",
        "resolved_district": "內湖區",
        "full_address": "臺北市內湖區陽光街200號",
        "address_resolve_note": null,
        "geocode_ok": true,
        "geocode_provider": "google",
        "geocode_tier": "street",
        "geocode_query": "臺北市內湖區陽光街200號"
      }
    },
    {
      "type": "Feature",
      "geometry": {
        "type": "Point",
        "coordinates": [
          121.5955687,
          25.0839056
        ]
      },
      "properties": {
        "no": "803",
        "county_code": "63000",
        "site_name": "優格米電玩遊戲專賣店(內湖金湖店)",
        "tel": "(02)2634-9232",
        "postal_code": "114",
        "address": "金湖路2號1樓",
        "service_type": "買賣,維修",
        "item": "3C用品類",
        "resolved_county": "臺北市",
        "resolved_district": "內湖區",
        "full_address": "臺北市內湖區金湖路2號1樓",
        "address_resolve_note": null,
        "geocode_ok": true,
        "geocode_provider": "google",
        "geocode_tier": "street",
        "geocode_query": "臺北市內湖區金湖路2號1樓"
      }
    },
    {
      "type": "Feature",
      "geometry": {
        "type": "Point",
        "coordinates": [
          121.5949799,
          25.078653
        ]
      },
      "properties": {
        "no": "804",
        "county_code": "63000",
        "site_name": "就愛新歡跳蚤市場",
        "tel": "0932-187-063",
        "postal_code": "114",
        "address": "康寧路一段190號",
        "service_type": "捐送,買賣",
        "item": "3C用品類,家具類,電器類",
        "resolved_county": "臺北市",
        "resolved_district": "內湖區",
        "full_address": "臺北市內湖區康寧路一段190號",
        "address_resolve_note": null,
        "geocode_ok": true,
        "geocode_provider": "google",
        "geocode_tier": "street",
        "geocode_query": "臺北市內湖區康寧路一段190號"
      }
    },
    {
      "type": "Feature",
      "geometry": {
        "type": "Point",
        "coordinates": [
          121.5270327,
          25.0192853
        ]
      },
      "properties": {
        "no": "818",
        "county_code": "63000",
        "site_name": "愛人如己文創小店",
        "tel": "02 2363 5111",
        "postal_code": "100",
        "address": "汀州路三段43號B1",
        "service_type": "買賣",
        "item": "書籍類,其他類",
        "resolved_county": "臺北市",
        "resolved_district": "中正區",
        "full_address": "臺北市中正區汀州路三段43號B1",
        "address_resolve_note": null,
        "geocode_ok": true,
        "geocode_provider": "google",
        "geocode_tier": "street",
        "geocode_query": "臺北市中正區汀州路三段43號B1"
      }
    },
    {
      "type": "Feature",
      "geometry": {
        "type": "Point",
        "coordinates": [
          121.4988224,
          25.0323737
        ]
      },
      "properties": {
        "no": "819",
        "county_code": "63000",
        "site_name": "Back to Green",
        "tel": "0",
        "postal_code": "108",
        "address": "西園路二段11巷24號",
        "service_type": "買賣",
        "item": "舊衣類",
        "resolved_county": "臺北市",
        "resolved_district": "萬華區",
        "full_address": "臺北市萬華區西園路二段11巷24號",
        "address_resolve_note": null,
        "geocode_ok": true,
        "geocode_provider": "google",
        "geocode_tier": "street",
        "geocode_query": "臺北市萬華區西園路二段11巷24號"
      }
    },
    {
      "type": "Feature",
      "geometry": {
        "type": "Point",
        "coordinates": [
          121.5043684,
          25.0294886
        ]
      },
      "properties": {
        "no": "820",
        "county_code": "63000",
        "site_name": "萬華大水溝二手屋",
        "tel": "0958 130 142",
        "postal_code": "108",
        "address": "中華路二段334號B1",
        "service_type": "買賣",
        "item": "其他類,生活用品類",
        "resolved_county": "臺北市",
        "resolved_district": "萬華區",
        "full_address": "臺北市萬華區中華路二段334號B1",
        "address_resolve_note": null,
        "geocode_ok": true,
        "geocode_provider": "google",
        "geocode_tier": "street",
        "geocode_query": "臺北市萬華區中華路二段334號B1"
      }
    },
    {
      "type": "Feature",
      "geometry": {
        "type": "Point",
        "coordinates": [
          121.5196789,
          25.0549924
        ]
      },
      "properties": {
        "no": "821",
        "county_code": "63000",
        "site_name": "MITTY - 古著 二手 選物 服飾店",
        "tel": "0",
        "postal_code": "103",
        "address": "赤峰街43號2樓",
        "service_type": "買賣",
        "item": "舊衣類,其他類",
        "resolved_county": "臺北市",
        "resolved_district": "大同區",
        "full_address": "臺北市大同區赤峰街43號2樓",
        "address_resolve_note": null,
        "geocode_ok": true,
        "geocode_provider": "google",
        "geocode_tier": "street",
        "geocode_query": "臺北市大同區赤峰街43號2樓"
      }
    },
    {
      "type": "Feature",
      "geometry": {
        "type": "Point",
        "coordinates": [
          121.5201796,
          25.0556854
        ]
      },
      "properties": {
        "no": "822",
        "county_code": "63000",
        "site_name": "自助餐 All you can eat 是一間服飾店",
        "tel": "0955 276 568",
        "postal_code": "103",
        "address": "赤峰街49巷18號",
        "service_type": "買賣",
        "item": "舊衣類",
        "resolved_county": "臺北市",
        "resolved_district": "大同區",
        "full_address": "臺北市大同區赤峰街49巷18號",
        "address_resolve_note": null,
        "geocode_ok": true,
        "geocode_provider": "google",
        "geocode_tier": "street",
        "geocode_query": "臺北市大同區赤峰街49巷18號"
      }
    },
    {
      "type": "Feature",
      "geometry": {
        "type": "Point",
        "coordinates": [
          121.5367647,
          25.0104491
        ]
      },
      "properties": {
        "no": "823",
        "county_code": "63000",
        "site_name": "小麻雀公館無人自助商店",
        "tel": "02 8259 5738",
        "postal_code": "116",
        "address": "羅斯福路四段206巷8號",
        "service_type": "買賣",
        "item": "舊衣類,其他類",
        "resolved_county": "臺北市",
        "resolved_district": "文山區",
        "full_address": "臺北市文山區羅斯福路四段206巷8號",
        "address_resolve_note": null,
        "geocode_ok": true,
        "geocode_provider": "google",
        "geocode_tier": "street",
        "geocode_query": "臺北市文山區羅斯福路四段206巷8號"
      }
    },
    {
      "type": "Feature",
      "geometry": {
        "type": "Point",
        "coordinates": [
          121.5413264,
          25.0421382
        ]
      },
      "properties": {
        "no": "824",
        "county_code": "63000",
        "site_name": "綠天使二手衣著專賣站",
        "tel": "02 2711 5322",
        "postal_code": "106",
        "address": "忠孝東路三段251巷2弄5號一樓",
        "service_type": "買賣",
        "item": "舊衣類,其他類",
        "resolved_county": "臺北市",
        "resolved_district": "大安區",
        "full_address": "臺北市大安區忠孝東路三段251巷2弄5號一樓",
        "address_resolve_note": null,
        "geocode_ok": true,
        "geocode_provider": "google",
        "geocode_tier": "street",
        "geocode_query": "臺北市大安區忠孝東路三段251巷2弄5號一樓"
      }
    },
    {
      "type": "Feature",
      "geometry": {
        "type": "Point",
        "coordinates": [
          121.5421011,
          25.0441098
        ]
      },
      "properties": {
        "no": "825",
        "county_code": "63000",
        "site_name": "伴Ban 古著 二手 買取 選品工作室",
        "tel": "0",
        "postal_code": "106",
        "address": "安東街40巷3號一樓",
        "service_type": "買賣",
        "item": "舊衣類,其他類,生活用品類",
        "resolved_county": "臺北市",
        "resolved_district": "大安區",
        "full_address": "臺北市大安區安東街40巷3號一樓",
        "address_resolve_note": null,
        "geocode_ok": true,
        "geocode_provider": "google",
        "geocode_tier": "street",
        "geocode_query": "臺北市大安區安東街40巷3號一樓"
      }
    },
    {
      "type": "Feature",
      "geometry": {
        "type": "Point",
        "coordinates": [
          121.5041734,
          25.0460472
        ]
      },
      "properties": {
        "no": "826",
        "county_code": "63000",
        "site_name": "OPMM.SHOP",
        "tel": "070 9589 7088",
        "postal_code": "108",
        "address": "漢口街二段90巷4號",
        "service_type": "買賣",
        "item": "舊衣類,其他類,生活用品類",
        "resolved_county": "臺北市",
        "resolved_district": "萬華區",
        "full_address": "臺北市萬華區漢口街二段90巷4號",
        "address_resolve_note": null,
        "geocode_ok": true,
        "geocode_provider": "google",
        "geocode_tier": "street",
        "geocode_query": "臺北市萬華區漢口街二段90巷4號"
      }
    },
    {
      "type": "Feature",
      "geometry": {
        "type": "Point",
        "coordinates": [
          121.5010267,
          25.0212701
        ]
      },
      "properties": {
        "no": "827",
        "county_code": "63000",
        "site_name": "萬大庇護工場",
        "tel": "2305-0025",
        "postal_code": "108",
        "address": "萬大路423巷38號",
        "service_type": "買賣",
        "item": "其他類,生活用品類",
        "resolved_county": "臺北市",
        "resolved_district": "萬華區",
        "full_address": "臺北市萬華區萬大路423巷38號",
        "address_resolve_note": null,
        "geocode_ok": true,
        "geocode_provider": "google",
        "geocode_tier": "street",
        "geocode_query": "臺北市萬華區萬大路423巷38號"
      }
    },
    {
      "type": "Feature",
      "geometry": {
        "type": "Point",
        "coordinates": [
          121.5190596,
          25.0291766
        ]
      },
      "properties": {
        "no": "828",
        "county_code": "63000",
        "site_name": "光仁綠時尚-古亭選品店",
        "tel": "2356-0112",
        "postal_code": "100",
        "address": "福州街11之1號",
        "service_type": "買賣",
        "item": "其他類,生活用品類",
        "resolved_county": "臺北市",
        "resolved_district": "中正區",
        "full_address": "臺北市中正區福州街11之1號",
        "address_resolve_note": null,
        "geocode_ok": true,
        "geocode_provider": "google",
        "geocode_tier": "street",
        "geocode_query": "臺北市中正區福州街11之1號"
      }
    },
    {
      "type": "Feature",
      "geometry": {
        "type": "Point",
        "coordinates": [
          121.5265998,
          25.113554
        ]
      },
      "properties": {
        "no": "829",
        "county_code": "63000",
        "site_name": "光仁綠時尚-天母選品店",
        "tel": "2871-0608",
        "postal_code": "111",
        "address": "中山北路六段419巷1號",
        "service_type": "捐送,買賣",
        "item": "書籍類,其他類,生活用品類",
        "resolved_county": "臺北市",
        "resolved_district": "士林區",
        "full_address": "臺北市士林區中山北路六段419巷1號",
        "address_resolve_note": null,
        "geocode_ok": true,
        "geocode_provider": "google",
        "geocode_tier": "street",
        "geocode_query": "臺北市士林區中山北路六段419巷1號"
      }
    },
    {
      "type": "Feature",
      "geometry": {
        "type": "Point",
        "coordinates": [
          121.5766029,
          25.0602863
        ]
      },
      "properties": {
        "no": "830",
        "county_code": "63000",
        "site_name": "迪卡儂內湖門市",
        "tel": "(02)2795-6700",
        "postal_code": "114",
        "address": "新湖一路128巷38號",
        "service_type": "捐送,買賣,維修,維護",
        "item": "其他類",
        "resolved_county": "臺北市",
        "resolved_district": "內湖區",
        "full_address": "臺北市內湖區新湖一路128巷38號",
        "address_resolve_note": null,
        "geocode_ok": true,
        "geocode_provider": "google",
        "geocode_tier": "street",
        "geocode_query": "臺北市內湖區新湖一路128巷38號"
      }
    },
    {
      "type": "Feature",
      "geometry": {
        "type": "Point",
        "coordinates": [
          121.5052109,
          25.0917241
        ]
      },
      "properties": {
        "no": "831",
        "county_code": "63000",
        "site_name": "1283",
        "tel": "02-27099961",
        "postal_code": "111",
        "address": "永平街82號對面",
        "service_type": "回收",
        "item": "舊衣類",
        "resolved_county": "臺北市",
        "resolved_district": "士林區",
        "full_address": "臺北市士林區永平街82號對面",
        "address_resolve_note": null,
        "geocode_ok": true,
        "geocode_provider": "google",
        "geocode_tier": "street",
        "geocode_query": "臺北市士林區永平街82號對面"
      }
    },
    {
      "type": "Feature",
      "geometry": {
        "type": "Point",
        "coordinates": [
          121.5028732,
          25.0919637
        ]
      },
      "properties": {
        "no": "832",
        "county_code": "63000",
        "site_name": "1282",
        "tel": "02-27099961",
        "postal_code": "111",
        "address": "延平北路6段258巷與社中街口",
        "service_type": "回收",
        "item": "舊衣類",
        "resolved_county": "臺北市",
        "resolved_district": "士林區",
        "full_address": "臺北市士林區延平北路6段258巷與社中街口",
        "address_resolve_note": null,
        "geocode_ok": true,
        "geocode_provider": "google",
        "geocode_tier": "street",
        "geocode_query": "臺北市士林區延平北路6段258巷與社中街口"
      }
    },
    {
      "type": "Feature",
      "geometry": {
        "type": "Point",
        "coordinates": [
          121.5051692,
          25.0896086
        ]
      },
      "properties": {
        "no": "833",
        "county_code": "63000",
        "site_name": "1281",
        "tel": "02-27099961",
        "postal_code": "111",
        "address": "延平北路6段202號旁路燈",
        "service_type": "回收",
        "item": "舊衣類",
        "resolved_county": "臺北市",
        "resolved_district": "士林區",
        "full_address": "臺北市士林區延平北路6段202號旁路燈",
        "address_resolve_note": null,
        "geocode_ok": true,
        "geocode_provider": "google",
        "geocode_tier": "street",
        "geocode_query": "臺北市士林區延平北路6段202號旁路燈"
      }
    },
    {
      "type": "Feature",
      "geometry": {
        "type": "Point",
        "coordinates": [
          121.5058125,
          25.0930169
        ]
      },
      "properties": {
        "no": "834",
        "county_code": "63000",
        "site_name": "1273",
        "tel": "02-27099961",
        "postal_code": "111",
        "address": "通河西街2段140號對面",
        "service_type": "回收",
        "item": "舊衣類",
        "resolved_county": "臺北市",
        "resolved_district": "士林區",
        "full_address": "臺北市士林區通河西街2段140號對面",
        "address_resolve_note": null,
        "geocode_ok": true,
        "geocode_provider": "google",
        "geocode_tier": "street",
        "geocode_query": "臺北市士林區通河西街2段140號對面"
      }
    },
    {
      "type": "Feature",
      "geometry": {
        "type": "Point",
        "coordinates": [
          121.5185829,
          25.0521528
        ]
      },
      "properties": {
        "no": "835",
        "county_code": "63000",
        "site_name": "358",
        "tel": "02-25587370",
        "postal_code": "103",
        "address": "南京西路64巷14-4號",
        "service_type": "回收",
        "item": "舊衣類",
        "resolved_county": "臺北市",
        "resolved_district": "大同區",
        "full_address": "臺北市大同區南京西路64巷14-4號",
        "address_resolve_note": null,
        "geocode_ok": true,
        "geocode_provider": "google",
        "geocode_tier": "street",
        "geocode_query": "臺北市大同區南京西路64巷14-4號"
      }
    },
    {
      "type": "Feature",
      "geometry": {
        "type": "Point",
        "coordinates": [
          121.5447842,
          25.0547965
        ]
      },
      "properties": {
        "no": "836",
        "county_code": "63000",
        "site_name": "290",
        "tel": "02-25953937",
        "postal_code": "105",
        "address": "長春路339巷口",
        "service_type": "回收",
        "item": "舊衣類",
        "resolved_county": "臺北市",
        "resolved_district": "松山區",
        "full_address": "臺北市松山區長春路339巷口",
        "address_resolve_note": null,
        "geocode_ok": true,
        "geocode_provider": "google",
        "geocode_tier": "street",
        "geocode_query": "臺北市松山區長春路339巷口"
      }
    },
    {
      "type": "Feature",
      "geometry": {
        "type": "Point",
        "coordinates": [
          121.5357692,
          25.0377765
        ]
      },
      "properties": {
        "no": "860",
        "county_code": "63000",
        "site_name": "382",
        "tel": "(02)22789866",
        "postal_code": "106",
        "address": "仁愛路3段24巷1弄口和仁愛路3段24巷口",
        "service_type": "回收",
        "item": "舊衣類",
        "resolved_county": "臺北市",
        "resolved_district": "大安區",
        "full_address": "臺北市大安區仁愛路3段24巷1弄口和仁愛路3段24巷口",
        "address_resolve_note": null,
        "geocode_ok": true,
        "geocode_provider": "google",
        "geocode_tier": "street",
        "geocode_query": "臺北市大安區仁愛路3段24巷1弄口和仁愛路3段24巷口"
      }
    },
    {
      "type": "Feature",
      "geometry": {
        "type": "Point",
        "coordinates": [
          121.545757,
          25.020739
        ]
      },
      "properties": {
        "no": "861",
        "county_code": "63000",
        "site_name": "208",
        "tel": "(02)25798682",
        "postal_code": "106",
        "address": "辛亥路3段55號(大安運動中心前)",
        "service_type": "回收",
        "item": "舊衣類",
        "resolved_county": "臺北市",
        "resolved_district": "大安區",
        "full_address": "臺北市大安區辛亥路3段55號(大安運動中心前)",
        "address_resolve_note": null,
        "geocode_ok": true,
        "geocode_provider": "google",
        "geocode_tier": "street",
        "geocode_query": "臺北市大安區辛亥路3段55號(大安運動中心前)"
      }
    },
    {
      "type": "Feature",
      "geometry": {
        "type": "Point",
        "coordinates": [
          121.5601762,
          24.9887396
        ]
      },
      "properties": {
        "no": "862",
        "county_code": "63000",
        "site_name": "898",
        "tel": "(02)25912695",
        "postal_code": "116",
        "address": "新光路1段31巷口",
        "service_type": "回收",
        "item": "舊衣類",
        "resolved_county": "臺北市",
        "resolved_district": "文山區",
        "full_address": "臺北市文山區新光路1段31巷口",
        "address_resolve_note": null,
        "geocode_ok": true,
        "geocode_provider": "google",
        "geocode_tier": "street",
        "geocode_query": "臺北市文山區新光路1段31巷口"
      }
    },
    {
      "type": "Feature",
      "geometry": {
        "type": "Point",
        "coordinates": [
          121.5097314,
          25.0769649
        ]
      },
      "properties": {
        "no": "863",
        "county_code": "63000",
        "site_name": "673",
        "tel": "(02)25060676",
        "postal_code": "103",
        "address": "敦煌路205號旁邊的電箱旁",
        "service_type": "回收",
        "item": "舊衣類",
        "resolved_county": "臺北市",
        "resolved_district": "大同區",
        "full_address": "臺北市大同區敦煌路205號旁邊的電箱旁",
        "address_resolve_note": null,
        "geocode_ok": true,
        "geocode_provider": "google",
        "geocode_tier": "street",
        "geocode_query": "臺北市大同區敦煌路205號旁邊的電箱旁"
      }
    },
    {
      "type": "Feature",
      "geometry": {
        "type": "Point",
        "coordinates": [
          121.581432,
          25.0453921
        ]
      },
      "properties": {
        "no": "864",
        "county_code": "63000",
        "site_name": "1140",
        "tel": "(02)25991234",
        "postal_code": "115",
        "address": "永吉路553巷燈桿旁",
        "service_type": "回收",
        "item": "舊衣類",
        "resolved_county": "臺北市",
        "resolved_district": "南港區",
        "full_address": "臺北市南港區永吉路553巷燈桿旁",
        "address_resolve_note": null,
        "geocode_ok": true,
        "geocode_provider": "google",
        "geocode_tier": "street",
        "geocode_query": "臺北市南港區永吉路553巷燈桿旁"
      }
    },
    {
      "type": "Feature",
      "geometry": {
        "type": "Point",
        "coordinates": [
          121.5534354,
          25.0265986
        ]
      },
      "properties": {
        "no": "865",
        "county_code": "63000",
        "site_name": "258",
        "tel": "(02)25429529",
        "postal_code": "106",
        "address": "通化街203巷巷內里長辦公室旁",
        "service_type": "回收",
        "item": "舊衣類",
        "resolved_county": "臺北市",
        "resolved_district": "大安區",
        "full_address": "臺北市大安區通化街203巷巷內里長辦公室旁",
        "address_resolve_note": null,
        "geocode_ok": true,
        "geocode_provider": "google",
        "geocode_tier": "street",
        "geocode_query": "臺北市大安區通化街203巷巷內里長辦公室旁"
      }
    },
    {
      "type": "Feature",
      "geometry": {
        "type": "Point",
        "coordinates": [
          121.5001716,
          25.1372161
        ]
      },
      "properties": {
        "no": "866",
        "county_code": "63000",
        "site_name": "549",
        "tel": "0937-862-107",
        "postal_code": "112",
        "address": "大業路695號（北投聖高隆邦天主堂門口前）",
        "service_type": "回收",
        "item": "舊衣類",
        "resolved_county": "臺北市",
        "resolved_district": "北投區",
        "full_address": "臺北市北投區大業路695號（北投聖高隆邦天主堂門口前）",
        "address_resolve_note": null,
        "geocode_ok": true,
        "geocode_provider": "google",
        "geocode_tier": "street",
        "geocode_query": "臺北市北投區大業路695號（北投聖高隆邦天主堂門口前）"
      }
    },
    {
      "type": "Feature",
      "geometry": {
        "type": "Point",
        "coordinates": [
          121.552779,
          25.0181036
        ]
      },
      "properties": {
        "no": "867",
        "county_code": "63000",
        "site_name": "214",
        "tel": "(02)25798682",
        "postal_code": "106",
        "address": "臥龍街199號旁里公告欄旁",
        "service_type": "回收",
        "item": "舊衣類",
        "resolved_county": "臺北市",
        "resolved_district": "大安區",
        "full_address": "臺北市大安區臥龍街199號旁里公告欄旁",
        "address_resolve_note": null,
        "geocode_ok": true,
        "geocode_provider": "google",
        "geocode_tier": "street",
        "geocode_query": "臺北市大安區臥龍街199號旁里公告欄旁"
      }
    },
    {
      "type": "Feature",
      "geometry": {
        "type": "Point",
        "coordinates": [
          121.5061699,
          25.0876128
        ]
      },
      "properties": {
        "no": "868",
        "county_code": "63000",
        "site_name": "355",
        "tel": "(02)25587370",
        "postal_code": "111",
        "address": "社子街87號對面(公佈欄旁)",
        "service_type": "回收",
        "item": "舊衣類",
        "resolved_county": "臺北市",
        "resolved_district": "士林區",
        "full_address": "臺北市士林區社子街87號對面(公佈欄旁)",
        "address_resolve_note": null,
        "geocode_ok": true,
        "geocode_provider": "google",
        "geocode_tier": "street",
        "geocode_query": "臺北市士林區社子街87號對面(公佈欄旁)"
      }
    },
    {
      "type": "Feature",
      "geometry": {
        "type": "Point",
        "coordinates": [
          121.5552952,
          25.0463965
        ]
      },
      "properties": {
        "no": "869",
        "county_code": "63000",
        "site_name": "393",
        "tel": "(02)22789866",
        "postal_code": "105",
        "address": "光復南路32巷與八德路3段158巷口",
        "service_type": "回收",
        "item": "舊衣類",
        "resolved_county": "臺北市",
        "resolved_district": "松山區",
        "full_address": "臺北市松山區光復南路32巷與八德路3段158巷口",
        "address_resolve_note": null,
        "geocode_ok": true,
        "geocode_provider": "google",
        "geocode_tier": "street",
        "geocode_query": "臺北市松山區光復南路32巷與八德路3段158巷口"
      }
    },
    {
      "type": "Feature",
      "geometry": {
        "type": "Point",
        "coordinates": [
          121.5549613,
          25.0479046
        ]
      },
      "properties": {
        "no": "870",
        "county_code": "63000",
        "site_name": "393",
        "tel": "(02)25991234",
        "postal_code": "105",
        "address": "八德路3段156號旁電箱左側",
        "service_type": "回收",
        "item": "舊衣類",
        "resolved_county": "臺北市",
        "resolved_district": "松山區",
        "full_address": "臺北市松山區八德路3段156號旁電箱左側",
        "address_resolve_note": null,
        "geocode_ok": true,
        "geocode_provider": "google",
        "geocode_tier": "street",
        "geocode_query": "臺北市松山區八德路3段156號旁電箱左側"
      }
    },
    {
      "type": "Feature",
      "geometry": {
        "type": "Point",
        "coordinates": [
          121.5549613,
          25.0479046
        ]
      },
      "properties": {
        "no": "871",
        "county_code": "63000",
        "site_name": "1139",
        "tel": "(02)25991234",
        "postal_code": "105",
        "address": "八德路3段156號旁電箱左側",
        "service_type": "回收",
        "item": "舊衣類",
        "resolved_county": "臺北市",
        "resolved_district": "松山區",
        "full_address": "臺北市松山區八德路3段156號旁電箱左側",
        "address_resolve_note": null,
        "geocode_ok": true,
        "geocode_provider": "google",
        "geocode_tier": "street",
        "geocode_query": "臺北市松山區八德路3段156號旁電箱左側"
      }
    },
    {
      "type": "Feature",
      "geometry": {
        "type": "Point",
        "coordinates": [
          121.499545,
          25.0323099
        ]
      },
      "properties": {
        "no": "872",
        "county_code": "63000",
        "site_name": "699",
        "tel": "(02)25530253",
        "postal_code": "108",
        "address": "興寧街70號旁（天主教聖女小德蘭朝聖地旁）",
        "service_type": "回收",
        "item": "舊衣類",
        "resolved_county": "臺北市",
        "resolved_district": "萬華區",
        "full_address": "臺北市萬華區興寧街70號旁（天主教聖女小德蘭朝聖地旁）",
        "address_resolve_note": null,
        "geocode_ok": true,
        "geocode_provider": "google",
        "geocode_tier": "street",
        "geocode_query": "臺北市萬華區興寧街70號旁（天主教聖女小德蘭朝聖地旁）"
      }
    },
    {
      "type": "Feature",
      "geometry": {
        "type": "Point",
        "coordinates": [
          121.5035317,
          25.0929794
        ]
      },
      "properties": {
        "no": "873",
        "county_code": "63000",
        "site_name": "934",
        "tel": "(02)25429529",
        "postal_code": "111",
        "address": "社中街346巷3弄27號旁",
        "service_type": "回收",
        "item": "舊衣類",
        "resolved_county": "臺北市",
        "resolved_district": "士林區",
        "full_address": "臺北市士林區社中街346巷3弄27號旁",
        "address_resolve_note": null,
        "geocode_ok": true,
        "geocode_provider": "google",
        "geocode_tier": "street",
        "geocode_query": "臺北市士林區社中街346巷3弄27號旁"
      }
    },
    {
      "type": "Feature",
      "geometry": {
        "type": "Point",
        "coordinates": [
          121.2125814,
          24.9405041
        ]
      },
      "properties": {
        "no": "886",
        "county_code": "68000",
        "site_name": "璟都大觀苑管理委員會(僅供大樓住戶使用)",
        "tel": "0",
        "postal_code": "324",
        "address": "新富五街136號",
        "service_type": "回收",
        "item": "舊衣類",
        "resolved_county": "桃園市",
        "resolved_district": "平鎮區",
        "full_address": "桃園市平鎮區新富五街136號",
        "address_resolve_note": null,
        "geocode_ok": true,
        "geocode_provider": "google",
        "geocode_tier": "street",
        "geocode_query": "桃園市平鎮區新富五街136號"
      }
    },
    {
      "type": "Feature",
      "geometry": {
        "type": "Point",
        "coordinates": [
          121.5030425,
          25.0388865
        ]
      },
      "properties": {
        "no": "972",
        "county_code": "63000",
        "site_name": "明宏專修電視及二手買賣",
        "tel": "(02)2314-3923",
        "postal_code": "108",
        "address": "貴陽街二段96巷34號",
        "service_type": "買賣,維修",
        "item": "電器類",
        "resolved_county": "臺北市",
        "resolved_district": "萬華區",
        "full_address": "臺北市萬華區貴陽街二段96巷34號",
        "address_resolve_note": null,
        "geocode_ok": true,
        "geocode_provider": "google",
        "geocode_tier": "street",
        "geocode_query": "臺北市萬華區貴陽街二段96巷34號"
      }
    },
    {
      "type": "Feature",
      "geometry": {
        "type": "Point",
        "coordinates": [
          121.4754128,
          25.0866932
        ]
      },
      "properties": {
        "no": "975",
        "county_code": "65000",
        "site_name": "遠傳 蘆洲復興直營店",
        "tel": "(02)8285-4649",
        "postal_code": "247",
        "address": "復興路84號",
        "service_type": "回收",
        "item": "3C用品類",
        "resolved_county": "新北市",
        "resolved_district": "蘆洲區",
        "full_address": "新北市蘆洲區復興路84號",
        "address_resolve_note": null,
        "geocode_ok": true,
        "geocode_provider": "google",
        "geocode_tier": "street",
        "geocode_query": "新北市蘆洲區復興路84號"
      }
    },
    {
      "type": "Feature",
      "geometry": {
        "type": "Point",
        "coordinates": [
          121.6316618,
          25.0652769
        ]
      },
      "properties": {
        "no": "976",
        "county_code": "65000",
        "site_name": "遠傳 汐止中興直營店",
        "tel": "(02)2693-6153",
        "postal_code": "221",
        "address": "中興路129號",
        "service_type": "回收",
        "item": "3C用品類",
        "resolved_county": "新北市",
        "resolved_district": "汐止區",
        "full_address": "新北市汐止區中興路129號",
        "address_resolve_note": null,
        "geocode_ok": true,
        "geocode_provider": "google",
        "geocode_tier": "street",
        "geocode_query": "新北市汐止區中興路129號"
      }
    },
    {
      "type": "Feature",
      "geometry": {
        "type": "Point",
        "coordinates": [
          121.4254127,
          24.9909695
        ]
      },
      "properties": {
        "no": "977",
        "county_code": "65000",
        "site_name": "遠傳 樹林博愛直營店",
        "tel": "(02)2687-9252",
        "postal_code": "238",
        "address": "博愛一街12號",
        "service_type": "回收",
        "item": "3C用品類",
        "resolved_county": "新北市",
        "resolved_district": "樹林區",
        "full_address": "新北市樹林區博愛一街12號",
        "address_resolve_note": null,
        "geocode_ok": true,
        "geocode_provider": "google",
        "geocode_tier": "street",
        "geocode_query": "新北市樹林區博愛一街12號"
      }
    },
    {
      "type": "Feature",
      "geometry": {
        "type": "Point",
        "coordinates": [
          121.4579649,
          25.049562
        ]
      },
      "properties": {
        "no": "978",
        "county_code": "65000",
        "site_name": "遠傳 新莊幸福加盟門市加盟店",
        "tel": "(02)8991-6789",
        "postal_code": "242",
        "address": "幸福路38號",
        "service_type": "回收",
        "item": "3C用品類",
        "resolved_county": "新北市",
        "resolved_district": "新莊區",
        "full_address": "新北市新莊區幸福路38號",
        "address_resolve_note": null,
        "geocode_ok": true,
        "geocode_provider": "google",
        "geocode_tier": "street",
        "geocode_query": "新北市新莊區幸福路38號"
      }
    },
    {
      "type": "Feature",
      "geometry": {
        "type": "Point",
        "coordinates": [
          121.455541,
          25.0052498
        ]
      },
      "properties": {
        "no": "979",
        "county_code": "65000",
        "site_name": "遠傳 板橋南雅加盟門市加盟店",
        "tel": "(02)2965-7992",
        "postal_code": "220",
        "address": "南雅南路一段93號",
        "service_type": "回收",
        "item": "3C用品類",
        "resolved_county": "新北市",
        "resolved_district": "板橋區",
        "full_address": "新北市板橋區南雅南路一段93號",
        "address_resolve_note": null,
        "geocode_ok": true,
        "geocode_provider": "google",
        "geocode_tier": "street",
        "geocode_query": "新北市板橋區南雅南路一段93號"
      }
    },
    {
      "type": "Feature",
      "geometry": {
        "type": "Point",
        "coordinates": [
          121.4410523,
          24.9739405
        ]
      },
      "properties": {
        "no": "980",
        "county_code": "65000",
        "site_name": "台灣大哥大 台北土城農會直營服務中心",
        "tel": "(02)89210089",
        "postal_code": "236",
        "address": "中央路2段219之2號1樓",
        "service_type": "回收",
        "item": "3C用品類",
        "resolved_county": "新北市",
        "resolved_district": "土城區",
        "full_address": "新北市土城區中央路2段219之2號1樓",
        "address_resolve_note": null,
        "geocode_ok": true,
        "geocode_provider": "google",
        "geocode_tier": "street",
        "geocode_query": "新北市土城區中央路2段219之2號1樓"
      }
    },
    {
      "type": "Feature",
      "geometry": {
        "type": "Point",
        "coordinates": [
          121.4459063,
          25.1716245
        ]
      },
      "properties": {
        "no": "981",
        "county_code": "65000",
        "site_name": "台灣大哥大 淡水英專",
        "tel": "(02)2629-2222",
        "postal_code": "251",
        "address": "英專路90之4號",
        "service_type": "回收",
        "item": "3C用品類",
        "resolved_county": "新北市",
        "resolved_district": "淡水區",
        "full_address": "新北市淡水區英專路90之4號",
        "address_resolve_note": null,
        "geocode_ok": true,
        "geocode_provider": "google",
        "geocode_tier": "street",
        "geocode_query": "新北市淡水區英專路90之4號"
      }
    },
    {
      "type": "Feature",
      "geometry": {
        "type": "Point",
        "coordinates": [
          121.4262047,
          24.993567
        ]
      },
      "properties": {
        "no": "982",
        "county_code": "65000",
        "site_name": "台灣大哥大 樹林鎮前",
        "tel": "(02)2684-6613",
        "postal_code": "238",
        "address": "鎮前街8號1樓",
        "service_type": "回收",
        "item": "3C用品類",
        "resolved_county": "新北市",
        "resolved_district": "樹林區",
        "full_address": "新北市樹林區鎮前街8號1樓",
        "address_resolve_note": null,
        "geocode_ok": true,
        "geocode_provider": "google",
        "geocode_tier": "street",
        "geocode_query": "新北市樹林區鎮前街8號1樓"
      }
    },
    {
      "type": "Feature",
      "geometry": {
        "type": "Point",
        "coordinates": [
          121.4239162,
          24.9926446
        ]
      },
      "properties": {
        "no": "983",
        "county_code": "65000",
        "site_name": "台灣大哥大 樹林中山直營服務中心",
        "tel": "809000852",
        "postal_code": "238",
        "address": "中山路1段65號",
        "service_type": "回收",
        "item": "3C用品類",
        "resolved_county": "新北市",
        "resolved_district": "樹林區",
        "full_address": "新北市樹林區中山路1段65號",
        "address_resolve_note": null,
        "geocode_ok": true,
        "geocode_provider": "google",
        "geocode_tier": "street",
        "geocode_query": "新北市樹林區中山路1段65號"
      }
    },
    {
      "type": "Feature",
      "geometry": {
        "type": "Point",
        "coordinates": [
          121.4193095,
          25.0263109
        ]
      },
      "properties": {
        "no": "984",
        "county_code": "65000",
        "site_name": "台灣大哥大 新莊裕民直營服務中心",
        "tel": "809000852",
        "postal_code": "242",
        "address": "富國路51號1樓",
        "service_type": "回收",
        "item": "3C用品類",
        "resolved_county": "新北市",
        "resolved_district": "新莊區",
        "full_address": "新北市新莊區富國路51號1樓",
        "address_resolve_note": null,
        "geocode_ok": true,
        "geocode_provider": "google",
        "geocode_tier": "street",
        "geocode_query": "新北市新莊區富國路51號1樓"
      }
    },
    {
      "type": "Feature",
      "geometry": {
        "type": "Point",
        "coordinates": [
          121.4261644,
          25.0137877
        ]
      },
      "properties": {
        "no": "985",
        "county_code": "65000",
        "site_name": "台灣大哥大 新莊西盛直營服務中心",
        "tel": "809000852",
        "postal_code": "242",
        "address": "民安西路243號1樓",
        "service_type": "回收",
        "item": "3C用品類",
        "resolved_county": "新北市",
        "resolved_district": "新莊區",
        "full_address": "新北市新莊區民安西路243號1樓",
        "address_resolve_note": null,
        "geocode_ok": true,
        "geocode_provider": "google",
        "geocode_tier": "street",
        "geocode_query": "新北市新莊區民安西路243號1樓"
      }
    },
    {
      "type": "Feature",
      "geometry": {
        "type": "Point",
        "coordinates": [
          121.4638858,
          25.0276961
        ]
      },
      "properties": {
        "no": "986",
        "county_code": "65000",
        "site_name": "台灣大哥大 板橋民權直營服務中心",
        "tel": "809000852",
        "postal_code": "220",
        "address": "四維路222號1樓",
        "service_type": "回收",
        "item": "3C用品類",
        "resolved_county": "新北市",
        "resolved_district": "板橋區",
        "full_address": "新北市板橋區四維路222號1樓",
        "address_resolve_note": null,
        "geocode_ok": true,
        "geocode_provider": "google",
        "geocode_tier": "street",
        "geocode_query": "新北市板橋區四維路222號1樓"
      }
    },
    {
      "type": "Feature",
      "geometry": {
        "type": "Point",
        "coordinates": [
          121.3696489,
          24.9339916
        ]
      },
      "properties": {
        "no": "987",
        "county_code": "65000",
        "site_name": "中華電信 三峽服務中心",
        "tel": "123或0800-080123",
        "postal_code": "237",
        "address": "民權街36號",
        "service_type": "回收",
        "item": "3C用品類",
        "resolved_county": "新北市",
        "resolved_district": "三峽區",
        "full_address": "新北市三峽區民權街36號",
        "address_resolve_note": null,
        "geocode_ok": true,
        "geocode_provider": "google",
        "geocode_tier": "street",
        "geocode_query": "新北市三峽區民權街36號"
      }
    },
    {
      "type": "Feature",
      "geometry": {
        "type": "Point",
        "coordinates": [
          121.3708391,
          24.9386551
        ]
      },
      "properties": {
        "no": "988",
        "county_code": "65000",
        "site_name": "中華電信 三峽復興服務中心",
        "tel": "123或0800-080123",
        "postal_code": "237",
        "address": "復興路172號",
        "service_type": "回收",
        "item": "3C用品類",
        "resolved_county": "新北市",
        "resolved_district": "三峽區",
        "full_address": "新北市三峽區復興路172號",
        "address_resolve_note": null,
        "geocode_ok": true,
        "geocode_provider": "google",
        "geocode_tier": "street",
        "geocode_query": "新北市三峽區復興路172號"
      }
    },
    {
      "type": "Feature",
      "geometry": {
        "type": "Point",
        "coordinates": [
          121.5126175,
          24.9614373
        ]
      },
      "properties": {
        "no": "989",
        "county_code": "65000",
        "site_name": "新店安康特約服務中心",
        "tel": "123或0800-080123",
        "postal_code": "231",
        "address": "安康路二段121-1號",
        "service_type": "回收",
        "item": "3C用品類",
        "resolved_county": "新北市",
        "resolved_district": "新店區",
        "full_address": "新北市新店區安康路二段121-1號",
        "address_resolve_note": null,
        "geocode_ok": true,
        "geocode_provider": "google",
        "geocode_tier": "street",
        "geocode_query": "新北市新店區安康路二段121-1號"
      }
    }
  ]
}